◇ injected env (0) from .env // tip: ◈ secrets for agents [www.dotenvx.com]
◇ injected env (0) from .env // tip: ⌘ multiple files { path: ['.env.local', '.env'] }
◇ injected env (0) from .env // tip: ⌘ enable debugging { debug: true }
◇ injected env (0) from .env // tip: ⌘ enable debugging { debug: true }
[22:47:30.854] [32mINFO[39m (208408): [36mAPI Mounted[39m
    [35mpath[39m: "/api"
[22:47:30.854] [32mINFO[39m (208408): [36mRealtime runtime ready[39m
    [35mpath[39m: "/socket.io"
[22:47:30.854] [32mINFO[39m (208408): [36mApp Mounted[39m
    [35mpath[39m: "/app"
[22:47:30.854] [32mINFO[39m (208408): [36mSite Mounted[39m
    [35mpath[39m: "/"
[22:47:30.854] [32mINFO[39m (208408): [36mGateway server ready[39m
    [35mhost[39m: "localhost"
    [35mport[39m: 8084
◇ injected env (0) from .env // tip: ⌘ suppress logs { quiet: true }
[0mDELETE /api/test/mailbox [32m204[0m 0.903 ms - -[0m
[0mPOST /api/auth/sign-up [32m201[0m 105.644 ms - 205[0m
[0mGET /api/test/mailbox/latest?email=pzs005-run-237-mt9m4kah%40example.test&purpose=sign_up [32m200[0m 1.187 ms - 211[0m
[0mPOST /api/auth/sign-up/verify [32m200[0m 62.134 ms - 272[0m
[0mGET /api/auth/session [32m200[0m 0.636 ms - 307[0m
[0mPOST /api/projects [32m201[0m 8.004 ms - 388[0m
[0mPOST /api/sync/9dedd528-a4cc-43cb-9360-6a668558b325/devices [32m200[0m 9.602 ms - 397[0m
[0mPOST /api/sync/9dedd528-a4cc-43cb-9360-6a668558b325/devices/device--ZU76fsWYKWZFjUl/approval [32m200[0m 6.864 ms - 153[0m
[0mPOST /api/sync/9dedd528-a4cc-43cb-9360-6a668558b325/devices/device--ZU76fsWYKWZFjUl/enroll [32m200[0m 7.177 ms - 603[0m
[0mPOST /api/sync/9dedd528-a4cc-43cb-9360-6a668558b325/devices [32m200[0m 5.841 ms - 403[0m
[0mPOST /api/sync/9dedd528-a4cc-43cb-9360-6a668558b325/devices/device-2zJHDm4s4XrnUjC-/enroll [32m200[0m 5.091 ms - 597[0m
[0mPOST /api/webauthn/9dedd528-a4cc-43cb-9360-6a668558b325/recovery [32m201[0m 6.608 ms - 171[0m
[0mPOST /api/webauthn/9dedd528-a4cc-43cb-9360-6a668558b325/credentials [32m201[0m 5.050 ms - 260[0m
[0mPOST /api/auth/sign-up [32m201[0m 90.497 ms - 217[0m
[0mGET /api/test/mailbox/latest?email=openapi-passkey-unverified-mt9m4kah%40example.test&purpose=sign_up [32m200[0m 0.276 ms - 223[0m
[0mPOST /api/auth/sign-up/verify [32m200[0m 45.639 ms - 284[0m
[0mGET /api/auth/session [32m200[0m 0.216 ms - 319[0m
[0mPOST /api/auth/sign-up [32m201[0m 77.876 ms - 217[0m
[0mGET /api/openapi.json [32m200[0m 10.356 ms - 141785[0m
[ error ] API request failed { code: [32m'opaque_envelope_rejected'[39m, statusCode: [33m409[39m }
[0mPOST /api/sync/9dedd528-a4cc-43cb-9360-6a668558b325/envelopes [33m409[0m 6.107 ms - 84[0m
[ error ] API request failed { code: [32m'opaque_envelope_rejected'[39m, statusCode: [33m409[39m }
[0mPOST /api/sync/9dedd528-a4cc-43cb-9360-6a668558b325/envelopes [33m409[0m 5.619 ms - 84[0m
[ error ] API request failed { code: [32m'opaque_envelope_rejected'[39m, statusCode: [33m409[39m }
[0mPOST /api/sync/9dedd528-a4cc-43cb-9360-6a668558b325/envelopes [33m409[0m 4.580 ms - 84[0m
[ error ] API request failed { code: [32m'workspace_not_found'[39m, statusCode: [33m404[39m }
[0mPOST /api/sync/00000000-0000-4000-8000-000000000000/envelopes [33m404[0m 2.561 ms - 76[0m
[ error ] API request failed { code: [32m'invalid_request'[39m, statusCode: [33m400[39m }
[0mGET /api/sync/9dedd528-a4cc-43cb-9360-6a668558b325/envelopes [33m400[0m 1.591 ms - 223[0m
[ error ] API request failed { code: [32m'invalid_request'[39m, statusCode: [33m400[39m }
[0mPOST /api/sync/9dedd528-a4cc-43cb-9360-6a668558b325/envelopes [33m400[0m 0.769 ms - 177[0m
[ error ] API request failed { code: [32m'invalid_request'[39m, statusCode: [33m400[39m }
[0mPOST /api/sync/9dedd528-a4cc-43cb-9360-6a668558b325/envelopes [33m400[0m 0.839 ms - 267[0m
[ error ] API request failed { code: [32m'invalid_request'[39m, statusCode: [33m400[39m }
[0mPOST /api/sync/9dedd528-a4cc-43cb-9360-6a668558b325/envelopes [33m400[0m 0.591 ms - 177[0m
[ error ] API request failed { code: [32m'opaque_envelope_rejected'[39m, statusCode: [33m409[39m }
[0mPOST /api/sync/9dedd528-a4cc-43cb-9360-6a668558b325/envelopes [33m409[0m 3.444 ms - 84[0m
[ error ] API request failed { code: [32m'invalid_request'[39m, statusCode: [33m400[39m }
[0mPOST /api/sync/9dedd528-a4cc-43cb-9360-6a668558b325/envelopes [33m400[0m 0.732 ms - 229[0m
[ error ] API request failed { code: [32m'checkpoint_rejected'[39m, statusCode: [33m409[39m }
[0mPOST /api/sync/9dedd528-a4cc-43cb-9360-6a668558b325/checkpoints [33m409[0m 6.559 ms - 71[0m
[ error ] API request failed { code: [32m'checkpoint_rejected'[39m, statusCode: [33m409[39m }
[0mPOST /api/sync/9dedd528-a4cc-43cb-9360-6a668558b325/checkpoints [33m409[0m 3.853 ms - 71[0m
[ error ] API request failed { code: [32m'recovery_chain_unavailable'[39m, statusCode: [33m409[39m }
[0mGET /api/sync/9dedd528-a4cc-43cb-9360-6a668558b325/recovery?checkpointId=run-237-checkpoint&deviceId=device-2zJHDm4s4XrnUjC-&enrollmentVersion=1&afterCursor=0&limit=100 [33m409[0m 3.521 ms - 92[0m
[ error ] API request failed { code: [32m'recovery_chain_unavailable'[39m, statusCode: [33m409[39m }
[0mGET /api/sync/9dedd528-a4cc-43cb-9360-6a668558b325/recovery?checkpointId=run-237-missing&deviceId=device-2zJHDm4s4XrnUjC-&enrollmentVersion=1 [33m409[0m 3.206 ms - 92[0m
[ error ] API request failed { code: [32m'invalid_request'[39m, statusCode: [33m400[39m }
[0mGET /api/sync/9dedd528-a4cc-43cb-9360-6a668558b325/recovery?checkpointId=&deviceId=device-2zJHDm4s4XrnUjC-&enrollmentVersion=1 [33m400[0m 0.576 ms - 249[0m
[ error ] API request failed { code: [32m'device_lifecycle_rejected'[39m, statusCode: [33m409[39m }
[0mGET /api/sync/9dedd528-a4cc-43cb-9360-6a668558b325/envelopes?afterCursor=999999&limit=100&deviceId=device-2zJHDm4s4XrnUjC-&enrollmentVersion=1 [33m409[0m 3.599 ms - 90[0m
[ error ] API request failed { code: [32m'opaque_envelope_rejected'[39m, statusCode: [33m409[39m }
[0mPOST /api/sync/9dedd528-a4cc-43cb-9360-6a668558b325/envelopes [33m409[0m 3.249 ms - 84[0m
[ error ] API request failed { code: [32m'opaque_envelope_rejected'[39m, statusCode: [33m409[39m }
[0mPOST /api/sync/9dedd528-a4cc-43cb-9360-6a668558b325/envelopes [33m409[0m 3.389 ms - 84[0m
[ error ] API request failed { code: [32m'workspace_not_found'[39m, statusCode: [33m404[39m }
[0mGET /api/sync/9dedd528-a4cc-43cb-9360-6a668558b325/recovery?checkpointId=run-237-checkpoint&deviceId=device-2zJHDm4s4XrnUjC-&enrollmentVersion=1 [33m404[0m 2.351 ms - 76[0m
[0mPOST /api/sync/9dedd528-a4cc-43cb-9360-6a668558b325/devices/device-2zJHDm4s4XrnUjC-/revoke [32m200[0m 3.353 ms - 94[0m
[ error ] API request failed { code: [32m'device_lifecycle_rejected'[39m, statusCode: [33m409[39m }
[0mGET /api/sync/9dedd528-a4cc-43cb-9360-6a668558b325/envelopes?deviceId=device-2zJHDm4s4XrnUjC-&enrollmentVersion=1 [33m409[0m 3.518 ms - 90[0m
[ error ] API request failed { code: [32m'opaque_envelope_rejected'[39m, statusCode: [33m409[39m }
[0mPOST /api/sync/9dedd528-a4cc-43cb-9360-6a668558b325/envelopes [33m409[0m 3.819 ms - 84[0m
[22:47:30.854] [32mINFO[39m (208832): [36mWorker runtime ready[39m
[0mGET /api/schemathesis-probe%5C%1B%01 [33m404[0m 5.048 ms - 170[0m
[ error ] API request failed { code: [32m'checkpoint_rejected'[39m, statusCode: [33m409[39m }
[0mPOST /api/sync/9dedd528-a4cc-43cb-9360-6a668558b325/checkpoints [33m409[0m 12.720 ms - 71[0m
[0mPOST /api/sync/9dedd528-a4cc-43cb-9360-6a668558b325/devices [32m200[0m 3.429 ms - 271[0m
[ error ] API request failed { code: [32m'device_lifecycle_rejected'[39m, statusCode: [33m409[39m }
[0mPOST /api/sync/9dedd528-a4cc-43cb-9360-6a668558b325/devices/recover [33m409[0m 14.202 ms - 91[0m
[ error ] API request failed { code: [32m'device_lifecycle_rejected'[39m, statusCode: [33m409[39m }
[0mPOST /api/sync/9dedd528-a4cc-43cb-9360-6a668558b325/devices/device-2zJHDm4s4XrnUjC-/approval [33m409[0m 5.329 ms - 90[0m
[ error ] API request failed { code: [32m'device_lifecycle_rejected'[39m, statusCode: [33m409[39m }
[0mPOST /api/sync/9dedd528-a4cc-43cb-9360-6a668558b325/devices/device-2zJHDm4s4XrnUjC-/enroll [33m409[0m 3.692 ms - 92[0m
[0mPOST /api/sync/9dedd528-a4cc-43cb-9360-6a668558b325/devices/device-2zJHDm4s4XrnUjC-/revoke [32m200[0m 4.848 ms - 94[0m
[ error ] API request failed { code: [32m'opaque_envelope_rejected'[39m, statusCode: [33m409[39m }
[0mPOST /api/sync/9dedd528-a4cc-43cb-9360-6a668558b325/envelopes [33m409[0m 4.220 ms - 84[0m
[ error ] API request failed { code: [32m'opaque_envelope_rejected'[39m, statusCode: [33m409[39m }
[0mPOST /api/sync/9dedd528-a4cc-43cb-9360-6a668558b325/envelopes [33m409[0m 3.948 ms - 84[0m
[0mGET /api/sync/9dedd528-a4cc-43cb-9360-6a668558b325/devices [32m200[0m 5.623 ms - 1056[0m
[0mGET /api/sync/9dedd528-a4cc-43cb-9360-6a668558b325/devices/audit [32m200[0m 6.272 ms - 1411[0m
[ error ] API request failed { code: [32m'device_lifecycle_rejected'[39m, statusCode: [33m409[39m }
[0mGET /api/sync/9dedd528-a4cc-43cb-9360-6a668558b325/envelopes?deviceId=device-2zJHDm4s4XrnUjC-&enrollmentVersion=1 [33m409[0m 3.058 ms - 90[0m
[ error ] API request failed { code: [32m'checkpoint_not_found'[39m, statusCode: [33m404[39m }
[0mGET /api/sync/9dedd528-a4cc-43cb-9360-6a668558b325/checkpoints/0?deviceId=device-2zJHDm4s4XrnUjC-&enrollmentVersion=1 [33m404[0m 4.114 ms - 82[0m
[ error ] API request failed { code: [32m'recovery_chain_unavailable'[39m, statusCode: [33m409[39m }
[0mGET /api/sync/9dedd528-a4cc-43cb-9360-6a668558b325/recovery?deviceId=device-2zJHDm4s4XrnUjC-&enrollmentVersion=1&checkpointId=0 [33m409[0m 3.525 ms - 92[0m
[0mTRACE /api/sync/9dedd528-a4cc-43cb-9360-6a668558b325/checkpoints [33m405[0m 0.191 ms - 78[0m
[0mQUERY /api/sync/9dedd528-a4cc-43cb-9360-6a668558b325/checkpoints [33m405[0m 0.159 ms - 78[0m
[0mPUT /api/sync/9dedd528-a4cc-43cb-9360-6a668558b325/checkpoints [33m405[0m 0.142 ms - 78[0m
[0mPATCH /api/sync/9dedd528-a4cc-43cb-9360-6a668558b325/checkpoints [33m405[0m 0.155 ms - 78[0m
[0mOPTIONS /api/sync/9dedd528-a4cc-43cb-9360-6a668558b325/checkpoints [33m405[0m 0.155 ms - 78[0m
[0mGET /api/sync/9dedd528-a4cc-43cb-9360-6a668558b325/checkpoints [33m405[0m 0.136 ms - 78[0m
[0mDELETE /api/sync/9dedd528-a4cc-43cb-9360-6a668558b325/checkpoints [33m405[0m 0.125 ms - 78[0m
[ error ] API request failed { code: [32m'invalid_request'[39m, statusCode: [33m400[39m }
[0mPOST /api/sync/000000000000000000000000000000000000000000000000000000000000000000000000000000000000000000000000000000000000000000000000000000000000000000000000000000000000000000000000000000000000000000000000000000000/checkpoints [33m400[0m 0.522 ms - 248[0m
[ error ] API request failed { code: [32m'workspace_not_found'[39m, statusCode: [33m404[39m }
[0mPOST /api/sync/0000000000000000000000000000000000000000000000000000000000000000000000000000000000000000000000000000000000000000000000000000000000000000000000000000000000000000000000000000000000000000000000000000000/checkpoints [33m404[0m 1.426 ms - 76[0m
[ error ] API request failed { code: [32m'workspace_not_found'[39m, statusCode: [33m404[39m }
[0mPOST /api/sync/00000000000000000000000000000000000000000000000000000000000000000000000000000000000000000000000000000000000000000000000000000000000000000000000000000000000000000000000000000000000000000000000000000000/checkpoints [33m404[0m 1.634 ms - 76[0m
[ error ] API request failed { code: [32m'workspace_not_found'[39m, statusCode: [33m404[39m }
[0mPOST /api/sync/00/checkpoints [33m404[0m 3.270 ms - 76[0m
[ error ] API request failed { code: [32m'workspace_not_found'[39m, statusCode: [33m404[39m }
[0mPOST /api/sync/0/checkpoints [33m404[0m 2.500 ms - 76[0m
[ error ] API request failed { code: [32m'invalid_request'[39m, statusCode: [33m400[39m }
[0mPOST /api/sync/9dedd528-a4cc-43cb-9360-6a668558b325/checkpoints [33m400[0m 0.561 ms - 232[0m
[ error ] API request failed { code: [32m'invalid_request'[39m, statusCode: [33m400[39m }
[0mPOST /api/sync/9dedd528-a4cc-43cb-9360-6a668558b325/checkpoints [33m400[0m 0.603 ms - 223[0m
[ error ] API request failed { code: [32m'invalid_request'[39m, statusCode: [33m400[39m }
[0mPOST /api/sync/9dedd528-a4cc-43cb-9360-6a668558b325/checkpoints [33m400[0m 0.502 ms - 223[0m
[ error ] API request failed { code: [32m'invalid_request'[39m, statusCode: [33m400[39m }
[0mPOST /api/sync/9dedd528-a4cc-43cb-9360-6a668558b325/checkpoints [33m400[0m 0.475 ms - 223[0m
[ error ] API request failed { code: [32m'invalid_request'[39m, statusCode: [33m400[39m }
[0mPOST /api/sync/9dedd528-a4cc-43cb-9360-6a668558b325/checkpoints [33m400[0m 0.405 ms - 221[0m
[ error ] API request failed { code: [32m'invalid_request'[39m, statusCode: [33m400[39m }
[0mPOST /api/sync/9dedd528-a4cc-43cb-9360-6a668558b325/checkpoints [33m400[0m 0.399 ms - 227[0m
[ error ] API request failed { code: [32m'invalid_request'[39m, statusCode: [33m400[39m }
[0mPOST /api/sync/9dedd528-a4cc-43cb-9360-6a668558b325/checkpoints [33m400[0m 0.435 ms - 315[0m
[ error ] API request failed { code: [32m'invalid_request'[39m, statusCode: [33m400[39m }
[0mPOST /api/sync/9dedd528-a4cc-43cb-9360-6a668558b325/checkpoints [33m400[0m 0.415 ms - 227[0m
[ error ] API request failed { code: [32m'invalid_request'[39m, statusCode: [33m400[39m }
[0mPOST /api/sync/9dedd528-a4cc-43cb-9360-6a668558b325/checkpoints [33m400[0m 0.362 ms - 226[0m
[ error ] API request failed { code: [32m'invalid_request'[39m, statusCode: [33m400[39m }
[0mPOST /api/sync/9dedd528-a4cc-43cb-9360-6a668558b325/checkpoints [33m400[0m 0.332 ms - 224[0m
[ error ] API request failed { code: [32m'invalid_request'[39m, statusCode: [33m400[39m }
[0mPOST /api/sync/9dedd528-a4cc-43cb-9360-6a668558b325/checkpoints [33m400[0m 0.319 ms - 226[0m
[ error ] API request failed { code: [32m'invalid_request'[39m, statusCode: [33m400[39m }
[0mPOST /api/sync/9dedd528-a4cc-43cb-9360-6a668558b325/checkpoints [33m400[0m 0.604 ms - 222[0m
[ error ] API request failed { code: [32m'invalid_request'[39m, statusCode: [33m400[39m }
[0mPOST /api/sync/9dedd528-a4cc-43cb-9360-6a668558b325/checkpoints [33m400[0m 0.550 ms - 228[0m
[ error ] API request failed { code: [32m'invalid_request'[39m, statusCode: [33m400[39m }
[0mPOST /api/sync/9dedd528-a4cc-43cb-9360-6a668558b325/checkpoints [33m400[0m 0.544 ms - 236[0m
[ error ] API request failed { code: [32m'invalid_request'[39m, statusCode: [33m400[39m }
[0mPOST /api/sync/9dedd528-a4cc-43cb-9360-6a668558b325/checkpoints [33m400[0m 0.434 ms - 245[0m
[ error ] API request failed { code: [32m'invalid_request'[39m, statusCode: [33m400[39m }
[0mPOST /api/sync/9dedd528-a4cc-43cb-9360-6a668558b325/checkpoints [33m400[0m 0.386 ms - 217[0m
[ error ] API request failed { code: [32m'invalid_request'[39m, statusCode: [33m400[39m }
[0mPOST /api/sync/9dedd528-a4cc-43cb-9360-6a668558b325/checkpoints [33m400[0m 0.371 ms - 215[0m
[ error ] API request failed { code: [32m'invalid_request'[39m, statusCode: [33m400[39m }
[0mPOST /api/sync/9dedd528-a4cc-43cb-9360-6a668558b325/checkpoints [33m400[0m 0.343 ms - 213[0m
[ error ] API request failed { code: [32m'invalid_request'[39m, statusCode: [33m400[39m }
[0mPOST /api/sync/9dedd528-a4cc-43cb-9360-6a668558b325/checkpoints [33m400[0m 0.386 ms - 219[0m
[ error ] API request failed { code: [32m'invalid_request'[39m, statusCode: [33m400[39m }
[0mPOST /api/sync/9dedd528-a4cc-43cb-9360-6a668558b325/checkpoints [33m400[0m 0.408 ms - 217[0m
[ error ] API request failed { code: [32m'invalid_request'[39m, statusCode: [33m400[39m }
[0mPOST /api/sync/9dedd528-a4cc-43cb-9360-6a668558b325/checkpoints [33m400[0m 0.539 ms - 257[0m
[ error ] API request failed { code: [32m'invalid_request'[39m, statusCode: [33m400[39m }
[0mPOST /api/sync/9dedd528-a4cc-43cb-9360-6a668558b325/checkpoints [33m400[0m 0.473 ms - 233[0m
[ error ] API request failed { code: [32m'invalid_request'[39m, statusCode: [33m400[39m }
[0mPOST /api/sync/9dedd528-a4cc-43cb-9360-6a668558b325/checkpoints [33m400[0m 0.426 ms - 236[0m
[ error ] API request failed { code: [32m'invalid_request'[39m, statusCode: [33m400[39m }
[0mPOST /api/sync/9dedd528-a4cc-43cb-9360-6a668558b325/checkpoints [33m400[0m 0.544 ms - 231[0m
[ error ] API request failed { code: [32m'invalid_request'[39m, statusCode: [33m400[39m }
[0mPOST /api/sync/9dedd528-a4cc-43cb-9360-6a668558b325/checkpoints [33m400[0m 1.251 ms - 234[0m
[ error ] API request failed { code: [32m'invalid_request'[39m, statusCode: [33m400[39m }
[0mPOST /api/sync/9dedd528-a4cc-43cb-9360-6a668558b325/checkpoints [33m400[0m 1.855 ms - 240[0m
[ error ] API request failed { code: [32m'invalid_request'[39m, statusCode: [33m400[39m }
[0mPOST /api/sync/9dedd528-a4cc-43cb-9360-6a668558b325/checkpoints [33m400[0m 1.308 ms - 235[0m
[ error ] API request failed { code: [32m'invalid_request'[39m, statusCode: [33m400[39m }
[0mPOST /api/sync/9dedd528-a4cc-43cb-9360-6a668558b325/checkpoints [33m400[0m 0.424 ms - 234[0m
[ error ] API request failed { code: [32m'invalid_request'[39m, statusCode: [33m400[39m }
[0mPOST /api/sync/9dedd528-a4cc-43cb-9360-6a668558b325/checkpoints [33m400[0m 0.462 ms - 236[0m
[ error ] API request failed { code: [32m'invalid_request'[39m, statusCode: [33m400[39m }
[0mPOST /api/sync/9dedd528-a4cc-43cb-9360-6a668558b325/checkpoints [33m400[0m 0.538 ms - 237[0m
[ error ] API request failed { code: [32m'invalid_request'[39m, statusCode: [33m400[39m }
[0mPOST /api/sync/9dedd528-a4cc-43cb-9360-6a668558b325/checkpoints [33m400[0m 0.562 ms - 236[0m
[ error ] API request failed { code: [32m'invalid_request'[39m, statusCode: [33m400[39m }
[0mPOST /api/sync/9dedd528-a4cc-43cb-9360-6a668558b325/checkpoints [33m400[0m 0.885 ms - 279[0m
[ error ] API request failed { code: [32m'invalid_request'[39m, statusCode: [33m400[39m }
[0mPOST /api/sync/9dedd528-a4cc-43cb-9360-6a668558b325/checkpoints [33m400[0m 0.511 ms - 177[0m
[ error ] API request failed { code: [32m'invalid_request'[39m, statusCode: [33m400[39m }
[0mPOST /api/sync/9dedd528-a4cc-43cb-9360-6a668558b325/checkpoints [33m400[0m 1.076 ms - 258[0m
[ error ] API request failed { code: [32m'invalid_request'[39m, statusCode: [33m400[39m }
[0mPOST /api/sync/9dedd528-a4cc-43cb-9360-6a668558b325/checkpoints [33m400[0m 0.678 ms - 247[0m
[ error ] API request failed { code: [32m'invalid_request'[39m, statusCode: [33m400[39m }
[0mPOST /api/sync/9dedd528-a4cc-43cb-9360-6a668558b325/checkpoints [33m400[0m 0.439 ms - 255[0m
[ error ] API request failed { code: [32m'invalid_request'[39m, statusCode: [33m400[39m }
[0mPOST /api/sync/9dedd528-a4cc-43cb-9360-6a668558b325/checkpoints [33m400[0m 0.407 ms - 227[0m
[ error ] API request failed { code: [32m'invalid_request'[39m, statusCode: [33m400[39m }
[0mPOST /api/sync/9dedd528-a4cc-43cb-9360-6a668558b325/checkpoints [33m400[0m 0.347 ms - 225[0m
[ error ] API request failed { code: [32m'invalid_request'[39m, statusCode: [33m400[39m }
[0mPOST /api/sync/9dedd528-a4cc-43cb-9360-6a668558b325/checkpoints [33m400[0m 0.769 ms - 223[0m
[ error ] API request failed { code: [32m'invalid_request'[39m, statusCode: [33m400[39m }
[0mPOST /api/sync/9dedd528-a4cc-43cb-9360-6a668558b325/checkpoints [33m400[0m 0.517 ms - 229[0m
[ error ] API request failed { code: [32m'invalid_request'[39m, statusCode: [33m400[39m }
[0mPOST /api/sync/9dedd528-a4cc-43cb-9360-6a668558b325/checkpoints [33m400[0m 0.519 ms - 227[0m
[ error ] API request failed { code: [32m'invalid_request'[39m, statusCode: [33m400[39m }
[0mPOST /api/sync/9dedd528-a4cc-43cb-9360-6a668558b325/checkpoints [33m400[0m 0.621 ms - 250[0m
[ error ] API request failed { code: [32m'invalid_request'[39m, statusCode: [33m400[39m }
[0mPOST /api/sync/9dedd528-a4cc-43cb-9360-6a668558b325/checkpoints [33m400[0m 1.071 ms - 267[0m
[ error ] API request failed { code: [32m'invalid_request'[39m, statusCode: [33m400[39m }
[0mPOST /api/sync/9dedd528-a4cc-43cb-9360-6a668558b325/checkpoints [33m400[0m 0.730 ms - 258[0m
[ error ] API request failed { code: [32m'invalid_request'[39m, statusCode: [33m400[39m }
[0mPOST /api/sync/9dedd528-a4cc-43cb-9360-6a668558b325/checkpoints [33m400[0m 0.440 ms - 230[0m
[ error ] API request failed { code: [32m'invalid_request'[39m, statusCode: [33m400[39m }
[0mPOST /api/sync/9dedd528-a4cc-43cb-9360-6a668558b325/checkpoints [33m400[0m 0.433 ms - 228[0m
[ error ] API request failed { code: [32m'invalid_request'[39m, statusCode: [33m400[39m }
[0mPOST /api/sync/9dedd528-a4cc-43cb-9360-6a668558b325/checkpoints [33m400[0m 0.500 ms - 226[0m
[ error ] API request failed { code: [32m'invalid_request'[39m, statusCode: [33m400[39m }
[0mPOST /api/sync/9dedd528-a4cc-43cb-9360-6a668558b325/checkpoints [33m400[0m 0.420 ms - 232[0m
[ error ] API request failed { code: [32m'invalid_request'[39m, statusCode: [33m400[39m }
[0mPOST /api/sync/9dedd528-a4cc-43cb-9360-6a668558b325/checkpoints [33m400[0m 0.380 ms - 230[0m
[ error ] API request failed { code: [32m'invalid_request'[39m, statusCode: [33m400[39m }
[0mPOST /api/sync/9dedd528-a4cc-43cb-9360-6a668558b325/checkpoints [33m400[0m 0.370 ms - 245[0m
[ error ] API request failed { code: [32m'invalid_request'[39m, statusCode: [33m400[39m }
[0mPOST /api/sync/9dedd528-a4cc-43cb-9360-6a668558b325/checkpoints [33m400[0m 0.450 ms - 253[0m
[ error ] API request failed { code: [32m'invalid_request'[39m, statusCode: [33m400[39m }
[0mPOST /api/sync/9dedd528-a4cc-43cb-9360-6a668558b325/checkpoints [33m400[0m 0.444 ms - 225[0m
[ error ] API request failed { code: [32m'invalid_request'[39m, statusCode: [33m400[39m }
[0mPOST /api/sync/9dedd528-a4cc-43cb-9360-6a668558b325/checkpoints [33m400[0m 0.387 ms - 223[0m
[ error ] API request failed { code: [32m'invalid_request'[39m, statusCode: [33m400[39m }
[0mPOST /api/sync/9dedd528-a4cc-43cb-9360-6a668558b325/checkpoints [33m400[0m 0.353 ms - 221[0m
[ error ] API request failed { code: [32m'invalid_request'[39m, statusCode: [33m400[39m }
[0mPOST /api/sync/9dedd528-a4cc-43cb-9360-6a668558b325/checkpoints [33m400[0m 0.527 ms - 227[0m
[ error ] API request failed { code: [32m'invalid_request'[39m, statusCode: [33m400[39m }
[0mPOST /api/sync/9dedd528-a4cc-43cb-9360-6a668558b325/checkpoints [33m400[0m 0.978 ms - 225[0m
[ error ] API request failed { code: [32m'invalid_request'[39m, statusCode: [33m400[39m }
[0mPOST /api/sync/9dedd528-a4cc-43cb-9360-6a668558b325/checkpoints [33m400[0m 1.852 ms - 231[0m
[ error ] API request failed { code: [32m'invalid_request'[39m, statusCode: [33m400[39m }
[0mPOST /api/sync/9dedd528-a4cc-43cb-9360-6a668558b325/checkpoints [33m400[0m 1.062 ms - 229[0m
[ error ] API request failed { code: [32m'invalid_request'[39m, statusCode: [33m400[39m }
[0mPOST /api/sync/9dedd528-a4cc-43cb-9360-6a668558b325/checkpoints [33m400[0m 0.880 ms - 227[0m
[ error ] API request failed { code: [32m'invalid_request'[39m, statusCode: [33m400[39m }
[0mPOST /api/sync/9dedd528-a4cc-43cb-9360-6a668558b325/checkpoints [33m400[0m 0.858 ms - 233[0m
[ error ] API request failed { code: [32m'invalid_request'[39m, statusCode: [33m400[39m }
[0mPOST /api/sync/9dedd528-a4cc-43cb-9360-6a668558b325/checkpoints [33m400[0m 0.522 ms - 231[0m
[ error ] API request failed { code: [32m'invalid_request'[39m, statusCode: [33m400[39m }
[0mPOST /api/sync/9dedd528-a4cc-43cb-9360-6a668558b325/checkpoints [33m400[0m 0.586 ms - 226[0m
[ error ] API request failed { code: [32m'invalid_request'[39m, statusCode: [33m400[39m }
[0mPOST /api/sync/9dedd528-a4cc-43cb-9360-6a668558b325/checkpoints [33m400[0m 0.582 ms - 228[0m
[ error ] API request failed { code: [32m'invalid_request'[39m, statusCode: [33m400[39m }
[0mPOST /api/sync/9dedd528-a4cc-43cb-9360-6a668558b325/checkpoints [33m400[0m 0.493 ms - 224[0m
[ error ] API request failed { code: [32m'invalid_request'[39m, statusCode: [33m400[39m }
[0mPOST /api/sync/9dedd528-a4cc-43cb-9360-6a668558b325/checkpoints [33m400[0m 0.465 ms - 230[0m
[ error ] API request failed { code: [32m'invalid_request'[39m, statusCode: [33m400[39m }
[0mPOST /api/sync/9dedd528-a4cc-43cb-9360-6a668558b325/checkpoints [33m400[0m 0.935 ms - 228[0m
[ error ] API request failed { code: [32m'invalid_request'[39m, statusCode: [33m400[39m }
[0mPOST /api/sync/9dedd528-a4cc-43cb-9360-6a668558b325/checkpoints [33m400[0m 0.679 ms - 237[0m
[ error ] API request failed { code: [32m'invalid_request'[39m, statusCode: [33m400[39m }
[0mPOST /api/sync/9dedd528-a4cc-43cb-9360-6a668558b325/checkpoints [33m400[0m 0.620 ms - 235[0m
[ error ] API request failed { code: [32m'invalid_request'[39m, statusCode: [33m400[39m }
[0mPOST /api/sync/9dedd528-a4cc-43cb-9360-6a668558b325/checkpoints [33m400[0m 0.718 ms - 233[0m
[ error ] API request failed { code: [32m'invalid_request'[39m, statusCode: [33m400[39m }
[0mPOST /api/sync/9dedd528-a4cc-43cb-9360-6a668558b325/checkpoints [33m400[0m 0.653 ms - 239[0m
[ error ] API request failed { code: [32m'invalid_request'[39m, statusCode: [33m400[39m }
[0mPOST /api/sync/9dedd528-a4cc-43cb-9360-6a668558b325/checkpoints [33m400[0m 0.434 ms - 237[0m
[ error ] API request failed { code: [32m'invalid_request'[39m, statusCode: [33m400[39m }
[0mPOST /api/sync/9dedd528-a4cc-43cb-9360-6a668558b325/checkpoints [33m400[0m 0.618 ms - 232[0m
[ error ] API request failed { code: [32m'invalid_request'[39m, statusCode: [33m400[39m }
[0mPOST /api/sync/9dedd528-a4cc-43cb-9360-6a668558b325/checkpoints [33m400[0m 0.496 ms - 234[0m
[ error ] API request failed { code: [32m'invalid_request'[39m, statusCode: [33m400[39m }
[0mPOST /api/sync/9dedd528-a4cc-43cb-9360-6a668558b325/checkpoints [33m400[0m 0.382 ms - 230[0m
[ error ] API request failed { code: [32m'invalid_request'[39m, statusCode: [33m400[39m }
[0mPOST /api/sync/9dedd528-a4cc-43cb-9360-6a668558b325/checkpoints [33m400[0m 0.361 ms - 236[0m
[ error ] API request failed { code: [32m'invalid_request'[39m, statusCode: [33m400[39m }
[0mPOST /api/sync/9dedd528-a4cc-43cb-9360-6a668558b325/checkpoints [33m400[0m 0.341 ms - 234[0m
[ error ] API request failed { code: [32m'invalid_request'[39m, statusCode: [33m400[39m }
[0mPOST /api/sync/9dedd528-a4cc-43cb-9360-6a668558b325/checkpoints [33m400[0m 0.437 ms - 478[0m
[ error ] API request failed { code: [32m'invalid_request'[39m, statusCode: [33m400[39m }
[0mPOST /api/sync/9dedd528-a4cc-43cb-9360-6a668558b325/checkpoints [33m400[0m 0.763 ms - 478[0m
[ error ] API request failed { code: [32m'invalid_request'[39m, statusCode: [33m400[39m }
[0mPOST /api/sync/9dedd528-a4cc-43cb-9360-6a668558b325/checkpoints [33m400[0m 0.489 ms - 229[0m
[ error ] API request failed { code: [32m'invalid_request'[39m, statusCode: [33m400[39m }
[0mPOST /api/sync/9dedd528-a4cc-43cb-9360-6a668558b325/checkpoints [33m400[0m 0.754 ms - 227[0m
[ error ] API request failed { code: [32m'invalid_request'[39m, statusCode: [33m400[39m }
[0mPOST /api/sync/9dedd528-a4cc-43cb-9360-6a668558b325/checkpoints [33m400[0m 0.470 ms - 225[0m
[ error ] API request failed { code: [32m'invalid_request'[39m, statusCode: [33m400[39m }
[0mPOST /api/sync/9dedd528-a4cc-43cb-9360-6a668558b325/checkpoints [33m400[0m 0.999 ms - 231[0m
[ error ] API request failed { code: [32m'invalid_request'[39m, statusCode: [33m400[39m }
[0mPOST /api/sync/9dedd528-a4cc-43cb-9360-6a668558b325/checkpoints [33m400[0m 0.592 ms - 229[0m
[ error ] API request failed { code: [32m'invalid_request'[39m, statusCode: [33m400[39m }
[0mPOST /api/sync/9dedd528-a4cc-43cb-9360-6a668558b325/checkpoints [33m400[0m 0.539 ms - 317[0m
[ error ] API request failed { code: [32m'invalid_request'[39m, statusCode: [33m400[39m }
[0mPOST /api/sync/9dedd528-a4cc-43cb-9360-6a668558b325/checkpoints [33m400[0m 0.847 ms - 229[0m
[ error ] API request failed { code: [32m'invalid_request'[39m, statusCode: [33m400[39m }
[0mPOST /api/sync/9dedd528-a4cc-43cb-9360-6a668558b325/checkpoints [33m400[0m 0.486 ms - 228[0m
[ error ] API request failed { code: [32m'invalid_request'[39m, statusCode: [33m400[39m }
[0mPOST /api/sync/9dedd528-a4cc-43cb-9360-6a668558b325/checkpoints [33m400[0m 0.515 ms - 226[0m
[ error ] API request failed { code: [32m'invalid_request'[39m, statusCode: [33m400[39m }
[0mPOST /api/sync/9dedd528-a4cc-43cb-9360-6a668558b325/checkpoints [33m400[0m 0.427 ms - 228[0m
[ error ] API request failed { code: [32m'invalid_request'[39m, statusCode: [33m400[39m }
[0mPOST /api/sync/9dedd528-a4cc-43cb-9360-6a668558b325/checkpoints [33m400[0m 0.375 ms - 224[0m
[ error ] API request failed { code: [32m'invalid_request'[39m, statusCode: [33m400[39m }
[0mPOST /api/sync/9dedd528-a4cc-43cb-9360-6a668558b325/checkpoints [33m400[0m 0.587 ms - 230[0m
[ error ] API request failed { code: [32m'invalid_request'[39m, statusCode: [33m400[39m }
[0mPOST /api/sync/9dedd528-a4cc-43cb-9360-6a668558b325/checkpoints [33m400[0m 0.686 ms - 238[0m
[ error ] API request failed { code: [32m'invalid_request'[39m, statusCode: [33m400[39m }
[0mPOST /api/sync/9dedd528-a4cc-43cb-9360-6a668558b325/checkpoints [33m400[0m 0.425 ms - 258[0m
[ error ] API request failed { code: [32m'invalid_request'[39m, statusCode: [33m400[39m }
[0mPOST /api/sync/9dedd528-a4cc-43cb-9360-6a668558b325/checkpoints [33m400[0m 0.421 ms - 230[0m
[ error ] API request failed { code: [32m'invalid_request'[39m, statusCode: [33m400[39m }
[0mPOST /api/sync/9dedd528-a4cc-43cb-9360-6a668558b325/checkpoints [33m400[0m 0.420 ms - 228[0m
[ error ] API request failed { code: [32m'invalid_request'[39m, statusCode: [33m400[39m }
[0mPOST /api/sync/9dedd528-a4cc-43cb-9360-6a668558b325/checkpoints [33m400[0m 0.358 ms - 226[0m
[ error ] API request failed { code: [32m'invalid_request'[39m, statusCode: [33m400[39m }
[0mPOST /api/sync/9dedd528-a4cc-43cb-9360-6a668558b325/checkpoints [33m400[0m 0.351 ms - 232[0m
[ error ] API request failed { code: [32m'invalid_request'[39m, statusCode: [33m400[39m }
[0mPOST /api/sync/9dedd528-a4cc-43cb-9360-6a668558b325/checkpoints [33m400[0m 0.456 ms - 230[0m
[ error ] API request failed { code: [32m'invalid_request'[39m, statusCode: [33m400[39m }
[0mPOST /api/sync/9dedd528-a4cc-43cb-9360-6a668558b325/checkpoints [33m400[0m 0.388 ms - 259[0m
[ error ] API request failed { code: [32m'invalid_request'[39m, statusCode: [33m400[39m }
[0mPOST /api/sync/9dedd528-a4cc-43cb-9360-6a668558b325/checkpoints [33m400[0m 1.135 ms - 231[0m
[ error ] API request failed { code: [32m'invalid_request'[39m, statusCode: [33m400[39m }
[0mPOST /api/sync/9dedd528-a4cc-43cb-9360-6a668558b325/checkpoints [33m400[0m 0.943 ms - 229[0m
[ error ] API request failed { code: [32m'invalid_request'[39m, statusCode: [33m400[39m }
[0mPOST /api/sync/9dedd528-a4cc-43cb-9360-6a668558b325/checkpoints [33m400[0m 0.783 ms - 227[0m
[ error ] API request failed { code: [32m'invalid_request'[39m, statusCode: [33m400[39m }
[0mPOST /api/sync/9dedd528-a4cc-43cb-9360-6a668558b325/checkpoints [33m400[0m 0.427 ms - 233[0m
[ error ] API request failed { code: [32m'invalid_request'[39m, statusCode: [33m400[39m }
[0mPOST /api/sync/9dedd528-a4cc-43cb-9360-6a668558b325/checkpoints [33m400[0m 1.261 ms - 231[0m
[ error ] API request failed { code: [32m'invalid_request'[39m, statusCode: [33m400[39m }
[0mPOST /api/sync/9dedd528-a4cc-43cb-9360-6a668558b325/checkpoints [33m400[0m 0.635 ms - 258[0m
[ error ] API request failed { code: [32m'invalid_request'[39m, statusCode: [33m400[39m }
[0mPOST /api/sync/9dedd528-a4cc-43cb-9360-6a668558b325/checkpoints [33m400[0m 0.760 ms - 230[0m
[ error ] API request failed { code: [32m'invalid_request'[39m, statusCode: [33m400[39m }
[0mPOST /api/sync/9dedd528-a4cc-43cb-9360-6a668558b325/checkpoints [33m400[0m 0.423 ms - 228[0m
[ error ] API request failed { code: [32m'invalid_request'[39m, statusCode: [33m400[39m }
[0mPOST /api/sync/9dedd528-a4cc-43cb-9360-6a668558b325/checkpoints [33m400[0m 0.424 ms - 226[0m
[ error ] API request failed { code: [32m'invalid_request'[39m, statusCode: [33m400[39m }
[0mPOST /api/sync/9dedd528-a4cc-43cb-9360-6a668558b325/checkpoints [33m400[0m 0.754 ms - 232[0m
[ error ] API request failed { code: [32m'invalid_request'[39m, statusCode: [33m400[39m }
[0mPOST /api/sync/9dedd528-a4cc-43cb-9360-6a668558b325/checkpoints [33m400[0m 0.692 ms - 230[0m
[ error ] API request failed { code: [32m'invalid_request'[39m, statusCode: [33m400[39m }
[0mPOST /api/sync/9dedd528-a4cc-43cb-9360-6a668558b325/checkpoints [33m400[0m 0.907 ms - 279[0m
[ error ] API request failed { code: [32m'invalid_request'[39m, statusCode: [33m400[39m }
[0mPOST /api/sync/9dedd528-a4cc-43cb-9360-6a668558b325/checkpoints [33m400[0m 0.477 ms - 279[0m
[ error ] API request failed { code: [32m'invalid_request'[39m, statusCode: [33m400[39m }
[0mPOST /api/sync/9dedd528-a4cc-43cb-9360-6a668558b325/checkpoints [33m400[0m 0.404 ms - 279[0m
[ error ] API request failed { code: [32m'invalid_request'[39m, statusCode: [33m400[39m }
[0mPOST /api/sync/9dedd528-a4cc-43cb-9360-6a668558b325/checkpoints [33m400[0m 0.391 ms - 279[0m
[ error ] API request failed { code: [32m'invalid_request'[39m, statusCode: [33m400[39m }
[0mPOST /api/sync/9dedd528-a4cc-43cb-9360-6a668558b325/checkpoints [33m400[0m 0.447 ms - 279[0m
[ error ] API request failed { code: [32m'invalid_request'[39m, statusCode: [33m400[39m }
[0mPOST /api/sync/9dedd528-a4cc-43cb-9360-6a668558b325/checkpoints [33m400[0m 0.412 ms - 279[0m
[ error ] API request failed { code: [32m'invalid_request'[39m, statusCode: [33m400[39m }
[0mPOST /api/sync/9dedd528-a4cc-43cb-9360-6a668558b325/checkpoints [33m400[0m 0.401 ms - 177[0m
[ error ] API request failed { code: [32m'invalid_request'[39m, statusCode: [33m400[39m }
[0mPOST /api/sync/9dedd528-a4cc-43cb-9360-6a668558b325/checkpoints [33m400[0m 1.559 ms - 177[0m
[ error ] API request failed { code: [32m'invalid_request'[39m, statusCode: [33m400[39m }
[0mPOST /api/sync/9dedd528-a4cc-43cb-9360-6a668558b325/checkpoints [33m400[0m 1.293 ms - 177[0m
[ error ] API request failed { code: [32m'invalid_request'[39m, statusCode: [33m400[39m }
[0mPOST /api/sync/9dedd528-a4cc-43cb-9360-6a668558b325/checkpoints [33m400[0m 1.472 ms - 177[0m
[ error ] API request failed { code: [32m'invalid_request'[39m, statusCode: [33m400[39m }
[0mPOST /api/sync/9dedd528-a4cc-43cb-9360-6a668558b325/checkpoints [33m400[0m 1.157 ms - 177[0m
[ error ] API request failed { code: [32m'invalid_request'[39m, statusCode: [33m400[39m }
[0mPOST /api/sync/9dedd528-a4cc-43cb-9360-6a668558b325/checkpoints [33m400[0m 2.384 ms - 177[0m
[ error ] API request failed { code: [32m'invalid_request'[39m, statusCode: [33m400[39m }
[0mPOST /api/sync/9dedd528-a4cc-43cb-9360-6a668558b325/checkpoints [33m400[0m 1.577 ms - 258[0m
[ error ] API request failed { code: [32m'invalid_request'[39m, statusCode: [33m400[39m }
[0mPOST /api/sync/9dedd528-a4cc-43cb-9360-6a668558b325/checkpoints [33m400[0m 0.956 ms - 258[0m
[ error ] API request failed { code: [32m'invalid_request'[39m, statusCode: [33m400[39m }
[0mPOST /api/sync/9dedd528-a4cc-43cb-9360-6a668558b325/checkpoints [33m400[0m 0.692 ms - 258[0m
[ error ] API request failed { code: [32m'invalid_request'[39m, statusCode: [33m400[39m }
[0mPOST /api/sync/9dedd528-a4cc-43cb-9360-6a668558b325/checkpoints [33m400[0m 0.710 ms - 258[0m
[ error ] API request failed { code: [32m'invalid_request'[39m, statusCode: [33m400[39m }
[0mPOST /api/sync/9dedd528-a4cc-43cb-9360-6a668558b325/checkpoints [33m400[0m 0.858 ms - 258[0m
[ error ] API request failed { code: [32m'invalid_request'[39m, statusCode: [33m400[39m }
[0mPOST /api/sync/9dedd528-a4cc-43cb-9360-6a668558b325/checkpoints [33m400[0m 0.697 ms - 258[0m
[ error ] API request failed { code: [32m'invalid_request'[39m, statusCode: [33m400[39m }
[0mPOST /api/sync/9dedd528-a4cc-43cb-9360-6a668558b325/checkpoints [33m400[0m 0.843 ms - 215[0m
[ error ] API request failed { code: [32m'invalid_request'[39m, statusCode: [33m400[39m }
[0mPOST /api/sync/9dedd528-a4cc-43cb-9360-6a668558b325/checkpoints [33m400[0m 0.817 ms - 217[0m
[ error ] API request failed { code: [32m'invalid_request'[39m, statusCode: [33m400[39m }
[0mPOST /api/sync/9dedd528-a4cc-43cb-9360-6a668558b325/checkpoints [33m400[0m 1.345 ms - 213[0m
[ error ] API request failed { code: [32m'invalid_request'[39m, statusCode: [33m400[39m }
[0mPOST /api/sync/9dedd528-a4cc-43cb-9360-6a668558b325/checkpoints [33m400[0m 0.931 ms - 219[0m
[ error ] API request failed { code: [32m'invalid_request'[39m, statusCode: [33m400[39m }
[0mPOST /api/sync/9dedd528-a4cc-43cb-9360-6a668558b325/checkpoints [33m400[0m 0.916 ms - 217[0m
[ error ] API request failed { code: [32m'invalid_request'[39m, statusCode: [33m400[39m }
[0mPOST /api/sync/9dedd528-a4cc-43cb-9360-6a668558b325/checkpoints [33m400[0m 0.837 ms - 306[0m
[ error ] API request failed { code: [32m'invalid_request'[39m, statusCode: [33m400[39m }
[0mPOST /api/sync/9dedd528-a4cc-43cb-9360-6a668558b325/checkpoints [33m400[0m 0.939 ms - 218[0m
[ error ] API request failed { code: [32m'invalid_request'[39m, statusCode: [33m400[39m }
[0mPOST /api/sync/9dedd528-a4cc-43cb-9360-6a668558b325/checkpoints [33m400[0m 1.207 ms - 217[0m
[ error ] API request failed { code: [32m'invalid_request'[39m, statusCode: [33m400[39m }
[0mPOST /api/sync/9dedd528-a4cc-43cb-9360-6a668558b325/checkpoints [33m400[0m 0.702 ms - 215[0m
[ error ] API request failed { code: [32m'invalid_request'[39m, statusCode: [33m400[39m }
[0mPOST /api/sync/9dedd528-a4cc-43cb-9360-6a668558b325/checkpoints [33m400[0m 0.839 ms - 217[0m
[ error ] API request failed { code: [32m'invalid_request'[39m, statusCode: [33m400[39m }
[0mPOST /api/sync/9dedd528-a4cc-43cb-9360-6a668558b325/checkpoints [33m400[0m 0.914 ms - 213[0m
[ error ] API request failed { code: [32m'invalid_request'[39m, statusCode: [33m400[39m }
[0mPOST /api/sync/9dedd528-a4cc-43cb-9360-6a668558b325/checkpoints [33m400[0m 1.250 ms - 219[0m
[ error ] API request failed { code: [32m'invalid_request'[39m, statusCode: [33m400[39m }
[0mPOST /api/sync/9dedd528-a4cc-43cb-9360-6a668558b325/checkpoints [33m400[0m 0.850 ms - 227[0m
[ error ] API request failed { code: [32m'invalid_request'[39m, statusCode: [33m400[39m }
[0mPOST /api/sync/9dedd528-a4cc-43cb-9360-6a668558b325/checkpoints [33m400[0m 1.104 ms - 304[0m
[ error ] API request failed { code: [32m'invalid_request'[39m, statusCode: [33m400[39m }
[0mPOST /api/sync/9dedd528-a4cc-43cb-9360-6a668558b325/checkpoints [33m400[0m 0.738 ms - 217[0m
[ error ] API request failed { code: [32m'invalid_request'[39m, statusCode: [33m400[39m }
[0mPOST /api/sync/9dedd528-a4cc-43cb-9360-6a668558b325/checkpoints [33m400[0m 0.466 ms - 215[0m
[ error ] API request failed { code: [32m'invalid_request'[39m, statusCode: [33m400[39m }
[0mPOST /api/sync/9dedd528-a4cc-43cb-9360-6a668558b325/checkpoints [33m400[0m 0.405 ms - 213[0m
[ error ] API request failed { code: [32m'invalid_request'[39m, statusCode: [33m400[39m }
[0mPOST /api/sync/9dedd528-a4cc-43cb-9360-6a668558b325/checkpoints [33m400[0m 0.367 ms - 215[0m
[ error ] API request failed { code: [32m'invalid_request'[39m, statusCode: [33m400[39m }
[0mPOST /api/sync/9dedd528-a4cc-43cb-9360-6a668558b325/checkpoints [33m400[0m 0.428 ms - 211[0m
[ error ] API request failed { code: [32m'invalid_request'[39m, statusCode: [33m400[39m }
[0mPOST /api/sync/9dedd528-a4cc-43cb-9360-6a668558b325/checkpoints [33m400[0m 0.372 ms - 217[0m
[ error ] API request failed { code: [32m'invalid_request'[39m, statusCode: [33m400[39m }
[0mPOST /api/sync/9dedd528-a4cc-43cb-9360-6a668558b325/checkpoints [33m400[0m 0.528 ms - 225[0m
[ error ] API request failed { code: [32m'invalid_request'[39m, statusCode: [33m400[39m }
[0mPOST /api/sync/9dedd528-a4cc-43cb-9360-6a668558b325/checkpoints [33m400[0m 1.086 ms - 249[0m
[ error ] API request failed { code: [32m'invalid_request'[39m, statusCode: [33m400[39m }
[0mPOST /api/sync/9dedd528-a4cc-43cb-9360-6a668558b325/checkpoints [33m400[0m 0.859 ms - 249[0m
[ error ] API request failed { code: [32m'invalid_request'[39m, statusCode: [33m400[39m }
[0mPOST /api/sync/9dedd528-a4cc-43cb-9360-6a668558b325/checkpoints [33m400[0m 1.401 ms - 221[0m
[ error ] API request failed { code: [32m'invalid_request'[39m, statusCode: [33m400[39m }
[0mPOST /api/sync/9dedd528-a4cc-43cb-9360-6a668558b325/checkpoints [33m400[0m 1.316 ms - 219[0m
[ error ] API request failed { code: [32m'invalid_request'[39m, statusCode: [33m400[39m }
[0mPOST /api/sync/9dedd528-a4cc-43cb-9360-6a668558b325/checkpoints [33m400[0m 0.991 ms - 217[0m
[ error ] API request failed { code: [32m'invalid_request'[39m, statusCode: [33m400[39m }
[0mPOST /api/sync/9dedd528-a4cc-43cb-9360-6a668558b325/checkpoints [33m400[0m 0.929 ms - 223[0m
[ error ] API request failed { code: [32m'invalid_request'[39m, statusCode: [33m400[39m }
[0mPOST /api/sync/9dedd528-a4cc-43cb-9360-6a668558b325/checkpoints [33m400[0m 0.746 ms - 221[0m
[ error ] API request failed { code: [32m'invalid_request'[39m, statusCode: [33m400[39m }
[0mPOST /api/sync/9dedd528-a4cc-43cb-9360-6a668558b325/checkpoints [33m400[0m 0.514 ms - 205[0m
[ error ] API request failed { code: [32m'invalid_request'[39m, statusCode: [33m400[39m }
[ error ] API request failed { code: [32m'invalid_request'[39m, statusCode: [33m400[39m }
[ error ] API request failed { code: [32m'invalid_request'[39m, statusCode: [33m400[39m }
[ error ] API request failed { code: [32m'invalid_request'[39m, statusCode: [33m400[39m }
[ error ] API request failed { code: [32m'checkpoint_rejected'[39m, statusCode: [33m409[39m }
[0mPOST /api/sync/9dedd528-a4cc-43cb-9360-6a668558b325/checkpoints [33m409[0m 4.492 ms - 71[0m
[ error ] API request failed { code: [32m'checkpoint_rejected'[39m, statusCode: [33m409[39m }
[0mPOST /api/sync/9dedd528-a4cc-43cb-9360-6a668558b325/checkpoints [33m409[0m 4.005 ms - 71[0m
[ error ] API request failed { code: [32m'checkpoint_rejected'[39m, statusCode: [33m409[39m }
[0mPOST /api/sync/9dedd528-a4cc-43cb-9360-6a668558b325/checkpoints [33m409[0m 8.563 ms - 71[0m
[ error ] API request failed { code: [32m'checkpoint_rejected'[39m, statusCode: [33m409[39m }
[0mPOST /api/sync/9dedd528-a4cc-43cb-9360-6a668558b325/checkpoints [33m409[0m 3.051 ms - 71[0m
[ error ] API request failed { code: [32m'checkpoint_rejected'[39m, statusCode: [33m409[39m }
[0mPOST /api/sync/9dedd528-a4cc-43cb-9360-6a668558b325/checkpoints [33m409[0m 2.464 ms - 71[0m
[ error ] API request failed { code: [32m'checkpoint_rejected'[39m, statusCode: [33m409[39m }
[0mPOST /api/sync/9dedd528-a4cc-43cb-9360-6a668558b325/checkpoints [33m409[0m 3.497 ms - 71[0m
[ error ] API request failed { code: [32m'checkpoint_rejected'[39m, statusCode: [33m409[39m }
[0mPOST /api/sync/9dedd528-a4cc-43cb-9360-6a668558b325/checkpoints [33m409[0m 4.752 ms - 71[0m
[ error ] API request failed { code: [32m'checkpoint_rejected'[39m, statusCode: [33m409[39m }
[0mPOST /api/sync/9dedd528-a4cc-43cb-9360-6a668558b325/checkpoints [33m409[0m 3.653 ms - 71[0m
[ error ] API request failed { code: [32m'checkpoint_rejected'[39m, statusCode: [33m409[39m }
[0mPOST /api/sync/9dedd528-a4cc-43cb-9360-6a668558b325/checkpoints [33m409[0m 2.549 ms - 71[0m
[ error ] API request failed { code: [32m'checkpoint_rejected'[39m, statusCode: [33m409[39m }
[0mPOST /api/sync/9dedd528-a4cc-43cb-9360-6a668558b325/checkpoints [33m409[0m 2.504 ms - 71[0m
[ error ] API request failed { code: [32m'checkpoint_rejected'[39m, statusCode: [33m409[39m }
[0mPOST /api/sync/9dedd528-a4cc-43cb-9360-6a668558b325/checkpoints [33m409[0m 2.774 ms - 71[0m
[ error ] API request failed { code: [32m'checkpoint_rejected'[39m, statusCode: [33m409[39m }
[0mPOST /api/sync/9dedd528-a4cc-43cb-9360-6a668558b325/checkpoints [33m409[0m 2.504 ms - 71[0m
[ error ] API request failed { code: [32m'checkpoint_rejected'[39m, statusCode: [33m409[39m }
[0mPOST /api/sync/9dedd528-a4cc-43cb-9360-6a668558b325/checkpoints [33m409[0m 3.590 ms - 71[0m
[ error ] API request failed { code: [32m'checkpoint_rejected'[39m, statusCode: [33m409[39m }
[0mPOST /api/sync/9dedd528-a4cc-43cb-9360-6a668558b325/checkpoints [33m409[0m 5.587 ms - 71[0m
[ error ] API request failed { code: [32m'checkpoint_rejected'[39m, statusCode: [33m409[39m }
[0mPOST /api/sync/9dedd528-a4cc-43cb-9360-6a668558b325/checkpoints [33m409[0m 2.538 ms - 71[0m
[ error ] API request failed { code: [32m'checkpoint_rejected'[39m, statusCode: [33m409[39m }
[0mPOST /api/sync/9dedd528-a4cc-43cb-9360-6a668558b325/checkpoints [33m409[0m 2.440 ms - 71[0m
[ error ] API request failed { code: [32m'checkpoint_rejected'[39m, statusCode: [33m409[39m }
[0mPOST /api/sync/9dedd528-a4cc-43cb-9360-6a668558b325/checkpoints [33m409[0m 2.997 ms - 71[0m
[ error ] API request failed { code: [32m'checkpoint_rejected'[39m, statusCode: [33m409[39m }
[0mPOST /api/sync/9dedd528-a4cc-43cb-9360-6a668558b325/checkpoints [33m409[0m 3.224 ms - 71[0m
[ error ] API request failed { code: [32m'checkpoint_rejected'[39m, statusCode: [33m409[39m }
[0mPOST /api/sync/9dedd528-a4cc-43cb-9360-6a668558b325/checkpoints [33m409[0m 3.195 ms - 71[0m
[ error ] API request failed { code: [32m'checkpoint_rejected'[39m, statusCode: [33m409[39m }
[0mPOST /api/sync/9dedd528-a4cc-43cb-9360-6a668558b325/checkpoints [33m409[0m 2.656 ms - 71[0m
[ error ] API request failed { code: [32m'checkpoint_rejected'[39m, statusCode: [33m409[39m }
[0mPOST /api/sync/9dedd528-a4cc-43cb-9360-6a668558b325/checkpoints [33m409[0m 3.507 ms - 71[0m
[ error ] API request failed { code: [32m'checkpoint_rejected'[39m, statusCode: [33m409[39m }
[0mPOST /api/sync/9dedd528-a4cc-43cb-9360-6a668558b325/checkpoints [33m409[0m 2.753 ms - 71[0m
[ error ] API request failed { code: [32m'checkpoint_rejected'[39m, statusCode: [33m409[39m }
[0mPOST /api/sync/9dedd528-a4cc-43cb-9360-6a668558b325/checkpoints [33m409[0m 2.723 ms - 71[0m
[ error ] API request failed { code: [32m'checkpoint_rejected'[39m, statusCode: [33m409[39m }
[0mPOST /api/sync/9dedd528-a4cc-43cb-9360-6a668558b325/checkpoints [33m409[0m 2.507 ms - 71[0m
[ error ] API request failed { code: [32m'checkpoint_rejected'[39m, statusCode: [33m409[39m }
[0mPOST /api/sync/9dedd528-a4cc-43cb-9360-6a668558b325/checkpoints [33m409[0m 2.434 ms - 71[0m
[ error ] API request failed { code: [32m'checkpoint_rejected'[39m, statusCode: [33m409[39m }
[0mPOST /api/sync/9dedd528-a4cc-43cb-9360-6a668558b325/checkpoints [33m409[0m 2.901 ms - 71[0m
[ error ] API request failed { code: [32m'checkpoint_rejected'[39m, statusCode: [33m409[39m }
[0mPOST /api/sync/9dedd528-a4cc-43cb-9360-6a668558b325/checkpoints [33m409[0m 4.372 ms - 71[0m
[ error ] API request failed { code: [32m'checkpoint_rejected'[39m, statusCode: [33m409[39m }
[0mPOST /api/sync/9dedd528-a4cc-43cb-9360-6a668558b325/checkpoints [33m409[0m 3.126 ms - 71[0m
[ error ] API request failed { code: [32m'checkpoint_rejected'[39m, statusCode: [33m409[39m }
[0mPOST /api/sync/9dedd528-a4cc-43cb-9360-6a668558b325/checkpoints [33m409[0m 3.267 ms - 71[0m
[ error ] API request failed { code: [32m'checkpoint_rejected'[39m, statusCode: [33m409[39m }
[0mPOST /api/sync/9dedd528-a4cc-43cb-9360-6a668558b325/checkpoints [33m409[0m 2.648 ms - 71[0m
[ error ] API request failed { code: [32m'checkpoint_rejected'[39m, statusCode: [33m409[39m }
[0mPOST /api/sync/9dedd528-a4cc-43cb-9360-6a668558b325/checkpoints [33m409[0m 3.914 ms - 71[0m
[ error ] API request failed { code: [32m'checkpoint_rejected'[39m, statusCode: [33m409[39m }
[0mPOST /api/sync/9dedd528-a4cc-43cb-9360-6a668558b325/checkpoints [33m409[0m 2.522 ms - 71[0m
[ error ] API request failed { code: [32m'checkpoint_rejected'[39m, statusCode: [33m409[39m }
[0mPOST /api/sync/9dedd528-a4cc-43cb-9360-6a668558b325/checkpoints [33m409[0m 7.694 ms - 71[0m
[ error ] API request failed { code: [32m'checkpoint_rejected'[39m, statusCode: [33m409[39m }
[0mPOST /api/sync/9dedd528-a4cc-43cb-9360-6a668558b325/checkpoints [33m409[0m 5.265 ms - 71[0m
[0mTRACE /api/sync/9dedd528-a4cc-43cb-9360-6a668558b325/devices [33m405[0m 0.228 ms - 78[0m
[0mQUERY /api/sync/9dedd528-a4cc-43cb-9360-6a668558b325/devices [33m405[0m 0.284 ms - 78[0m
[0mPUT /api/sync/9dedd528-a4cc-43cb-9360-6a668558b325/devices [33m405[0m 0.202 ms - 78[0m
[0mPATCH /api/sync/9dedd528-a4cc-43cb-9360-6a668558b325/devices [33m405[0m 0.178 ms - 78[0m
[0mOPTIONS /api/sync/9dedd528-a4cc-43cb-9360-6a668558b325/devices [33m405[0m 0.147 ms - 78[0m
[0mDELETE /api/sync/9dedd528-a4cc-43cb-9360-6a668558b325/devices [33m405[0m 0.162 ms - 78[0m
[ error ] API request failed { code: [32m'invalid_request'[39m, statusCode: [33m400[39m }
[0mPOST /api/sync/000000000000000000000000000000000000000000000000000000000000000000000000000000000000000000000000000000000000000000000000000000000000000000000000000000000000000000000000000000000000000000000000000000000/devices [33m400[0m 0.820 ms - 248[0m
[ error ] API request failed { code: [32m'workspace_not_found'[39m, statusCode: [33m404[39m }
[0mPOST /api/sync/0000000000000000000000000000000000000000000000000000000000000000000000000000000000000000000000000000000000000000000000000000000000000000000000000000000000000000000000000000000000000000000000000000000/devices [33m404[0m 2.723 ms - 76[0m
[ error ] API request failed { code: [32m'workspace_not_found'[39m, statusCode: [33m404[39m }
[0mPOST /api/sync/00000000000000000000000000000000000000000000000000000000000000000000000000000000000000000000000000000000000000000000000000000000000000000000000000000000000000000000000000000000000000000000000000000000/devices [33m404[0m 2.522 ms - 76[0m
[ error ] API request failed { code: [32m'workspace_not_found'[39m, statusCode: [33m404[39m }
[0mPOST /api/sync/00/devices [33m404[0m 1.537 ms - 76[0m
[ error ] API request failed { code: [32m'workspace_not_found'[39m, statusCode: [33m404[39m }
[0mPOST /api/sync/0/devices [33m404[0m 1.412 ms - 76[0m
[ error ] API request failed { code: [32m'invalid_request'[39m, statusCode: [33m400[39m }
[0mPOST /api/sync/9dedd528-a4cc-43cb-9360-6a668558b325/devices [33m400[0m 0.544 ms - 220[0m
[ error ] API request failed { code: [32m'invalid_request'[39m, statusCode: [33m400[39m }
[0mPOST /api/sync/9dedd528-a4cc-43cb-9360-6a668558b325/devices [33m400[0m 0.669 ms - 224[0m
[ error ] API request failed { code: [32m'invalid_request'[39m, statusCode: [33m400[39m }
[0mPOST /api/sync/9dedd528-a4cc-43cb-9360-6a668558b325/devices [33m400[0m 0.818 ms - 242[0m
[ error ] API request failed { code: [32m'invalid_request'[39m, statusCode: [33m400[39m }
[0mPOST /api/sync/9dedd528-a4cc-43cb-9360-6a668558b325/devices [33m400[0m 0.878 ms - 242[0m
[ error ] API request failed { code: [32m'invalid_request'[39m, statusCode: [33m400[39m }
[0mPOST /api/sync/9dedd528-a4cc-43cb-9360-6a668558b325/devices [33m400[0m 0.420 ms - 214[0m
[ error ] API request failed { code: [32m'invalid_request'[39m, statusCode: [33m400[39m }
[0mPOST /api/sync/9dedd528-a4cc-43cb-9360-6a668558b325/devices [33m400[0m 0.672 ms - 212[0m
[ error ] API request failed { code: [32m'invalid_request'[39m, statusCode: [33m400[39m }
[0mPOST /api/sync/9dedd528-a4cc-43cb-9360-6a668558b325/devices [33m400[0m 0.630 ms - 210[0m
[ error ] API request failed { code: [32m'invalid_request'[39m, statusCode: [33m400[39m }
[0mPOST /api/sync/9dedd528-a4cc-43cb-9360-6a668558b325/devices [33m400[0m 0.695 ms - 216[0m
[ error ] API request failed { code: [32m'invalid_request'[39m, statusCode: [33m400[39m }
[0mPOST /api/sync/9dedd528-a4cc-43cb-9360-6a668558b325/devices [33m400[0m 0.832 ms - 214[0m
[ error ] API request failed { code: [32m'invalid_request'[39m, statusCode: [33m400[39m }
[0mPOST /api/sync/9dedd528-a4cc-43cb-9360-6a668558b325/devices [33m400[0m 0.388 ms - 246[0m
[ error ] API request failed { code: [32m'invalid_request'[39m, statusCode: [33m400[39m }
[0mPOST /api/sync/9dedd528-a4cc-43cb-9360-6a668558b325/devices [33m400[0m 0.414 ms - 218[0m
[ error ] API request failed { code: [32m'invalid_request'[39m, statusCode: [33m400[39m }
[0mPOST /api/sync/9dedd528-a4cc-43cb-9360-6a668558b325/devices [33m400[0m 0.503 ms - 216[0m
[ error ] API request failed { code: [32m'invalid_request'[39m, statusCode: [33m400[39m }
[0mPOST /api/sync/9dedd528-a4cc-43cb-9360-6a668558b325/devices [33m400[0m 0.444 ms - 214[0m
[ error ] API request failed { code: [32m'invalid_request'[39m, statusCode: [33m400[39m }
[0mPOST /api/sync/9dedd528-a4cc-43cb-9360-6a668558b325/devices [33m400[0m 0.954 ms - 220[0m
[ error ] API request failed { code: [32m'invalid_request'[39m, statusCode: [33m400[39m }
[0mPOST /api/sync/9dedd528-a4cc-43cb-9360-6a668558b325/devices [33m400[0m 0.366 ms - 218[0m
[ error ] API request failed { code: [32m'invalid_request'[39m, statusCode: [33m400[39m }
[0mPOST /api/sync/9dedd528-a4cc-43cb-9360-6a668558b325/devices [33m400[0m 0.324 ms - 205[0m
[ error ] API request failed { code: [32m'invalid_request'[39m, statusCode: [33m400[39m }
[ error ] API request failed { code: [32m'invalid_request'[39m, statusCode: [33m400[39m }
[ error ] API request failed { code: [32m'invalid_request'[39m, statusCode: [33m400[39m }
[ error ] API request failed { code: [32m'invalid_request'[39m, statusCode: [33m400[39m }
[ error ] API request failed { code: [32m'device_lifecycle_rejected'[39m, statusCode: [33m409[39m }
[0mPOST /api/sync/9dedd528-a4cc-43cb-9360-6a668558b325/devices [33m409[0m 4.108 ms - 97[0m
[ error ] API request failed { code: [32m'device_lifecycle_rejected'[39m, statusCode: [33m409[39m }
[0mPOST /api/sync/9dedd528-a4cc-43cb-9360-6a668558b325/devices [33m409[0m 5.465 ms - 97[0m
[ error ] API request failed { code: [32m'device_lifecycle_rejected'[39m, statusCode: [33m409[39m }
[0mPOST /api/sync/9dedd528-a4cc-43cb-9360-6a668558b325/devices [33m409[0m 3.960 ms - 97[0m
[0mPOST /api/sync/9dedd528-a4cc-43cb-9360-6a668558b325/devices [32m200[0m 2.832 ms - 272[0m
[ error ] API request failed { code: [32m'device_lifecycle_rejected'[39m, statusCode: [33m409[39m }
[0mPOST /api/sync/9dedd528-a4cc-43cb-9360-6a668558b325/devices [33m409[0m 4.951 ms - 97[0m
[0mTRACE /api/sync/9dedd528-a4cc-43cb-9360-6a668558b325/devices/recover [33m405[0m 0.149 ms - 78[0m
[0mQUERY /api/sync/9dedd528-a4cc-43cb-9360-6a668558b325/devices/recover [33m405[0m 0.213 ms - 78[0m
[0mPUT /api/sync/9dedd528-a4cc-43cb-9360-6a668558b325/devices/recover [33m405[0m 0.164 ms - 78[0m
[0mPATCH /api/sync/9dedd528-a4cc-43cb-9360-6a668558b325/devices/recover [33m405[0m 0.170 ms - 78[0m
[0mOPTIONS /api/sync/9dedd528-a4cc-43cb-9360-6a668558b325/devices/recover [33m405[0m 0.161 ms - 78[0m
[0mGET /api/sync/9dedd528-a4cc-43cb-9360-6a668558b325/devices/recover [33m405[0m 0.184 ms - 78[0m
[0mDELETE /api/sync/9dedd528-a4cc-43cb-9360-6a668558b325/devices/recover [33m405[0m 0.124 ms - 78[0m
[ error ] API request failed { code: [32m'invalid_request'[39m, statusCode: [33m400[39m }
[0mPOST /api/sync/000000000000000000000000000000000000000000000000000000000000000000000000000000000000000000000000000000000000000000000000000000000000000000000000000000000000000000000000000000000000000000000000000000000/devices/recover [33m400[0m 0.417 ms - 248[0m
[ error ] API request failed { code: [32m'workspace_not_found'[39m, statusCode: [33m404[39m }
[0mPOST /api/sync/0000000000000000000000000000000000000000000000000000000000000000000000000000000000000000000000000000000000000000000000000000000000000000000000000000000000000000000000000000000000000000000000000000000/devices/recover [33m404[0m 1.746 ms - 76[0m
[ error ] API request failed { code: [32m'workspace_not_found'[39m, statusCode: [33m404[39m }
[0mPOST /api/sync/00000000000000000000000000000000000000000000000000000000000000000000000000000000000000000000000000000000000000000000000000000000000000000000000000000000000000000000000000000000000000000000000000000000/devices/recover [33m404[0m 2.933 ms - 76[0m
[ error ] API request failed { code: [32m'workspace_not_found'[39m, statusCode: [33m404[39m }
[0mPOST /api/sync/00/devices/recover [33m404[0m 1.530 ms - 76[0m
[ error ] API request failed { code: [32m'workspace_not_found'[39m, statusCode: [33m404[39m }
[0mPOST /api/sync/0/devices/recover [33m404[0m 1.428 ms - 76[0m
[ error ] API request failed { code: [32m'invalid_request'[39m, statusCode: [33m400[39m }
[0mPOST /api/sync/9dedd528-a4cc-43cb-9360-6a668558b325/devices/recover [33m400[0m 0.389 ms - 223[0m
[ error ] API request failed { code: [32m'invalid_request'[39m, statusCode: [33m400[39m }
[0mPOST /api/sync/9dedd528-a4cc-43cb-9360-6a668558b325/devices/recover [33m400[0m 0.406 ms - 229[0m
[ error ] API request failed { code: [32m'invalid_request'[39m, statusCode: [33m400[39m }
[0mPOST /api/sync/9dedd528-a4cc-43cb-9360-6a668558b325/devices/recover [33m400[0m 0.427 ms - 234[0m
[ error ] API request failed { code: [32m'invalid_request'[39m, statusCode: [33m400[39m }
[0mPOST /api/sync/9dedd528-a4cc-43cb-9360-6a668558b325/devices/recover [33m400[0m 0.608 ms - 227[0m
[ error ] API request failed { code: [32m'invalid_request'[39m, statusCode: [33m400[39m }
[0mPOST /api/sync/9dedd528-a4cc-43cb-9360-6a668558b325/devices/recover [33m400[0m 2.572 ms - 257[0m
[ error ] API request failed { code: [32m'invalid_request'[39m, statusCode: [33m400[39m }
[0mPOST /api/sync/9dedd528-a4cc-43cb-9360-6a668558b325/devices/recover [33m400[0m 1.541 ms - 233[0m
[ error ] API request failed { code: [32m'invalid_request'[39m, statusCode: [33m400[39m }
[0mPOST /api/sync/9dedd528-a4cc-43cb-9360-6a668558b325/devices/recover [33m400[0m 1.648 ms - 236[0m
[ error ] API request failed { code: [32m'invalid_request'[39m, statusCode: [33m400[39m }
[0mPOST /api/sync/9dedd528-a4cc-43cb-9360-6a668558b325/devices/recover [33m400[0m 1.363 ms - 231[0m
[ error ] API request failed { code: [32m'invalid_request'[39m, statusCode: [33m400[39m }
[0mPOST /api/sync/9dedd528-a4cc-43cb-9360-6a668558b325/devices/recover [33m400[0m 0.862 ms - 234[0m
[ error ] API request failed { code: [32m'invalid_request'[39m, statusCode: [33m400[39m }
[0mPOST /api/sync/9dedd528-a4cc-43cb-9360-6a668558b325/devices/recover [33m400[0m 0.442 ms - 240[0m
[ error ] API request failed { code: [32m'invalid_request'[39m, statusCode: [33m400[39m }
[0mPOST /api/sync/9dedd528-a4cc-43cb-9360-6a668558b325/devices/recover [33m400[0m 0.571 ms - 235[0m
[ error ] API request failed { code: [32m'invalid_request'[39m, statusCode: [33m400[39m }
[0mPOST /api/sync/9dedd528-a4cc-43cb-9360-6a668558b325/devices/recover [33m400[0m 0.415 ms - 234[0m
[ error ] API request failed { code: [32m'invalid_request'[39m, statusCode: [33m400[39m }
[0mPOST /api/sync/9dedd528-a4cc-43cb-9360-6a668558b325/devices/recover [33m400[0m 0.388 ms - 236[0m
[ error ] API request failed { code: [32m'invalid_request'[39m, statusCode: [33m400[39m }
[0mPOST /api/sync/9dedd528-a4cc-43cb-9360-6a668558b325/devices/recover [33m400[0m 0.370 ms - 237[0m
[ error ] API request failed { code: [32m'invalid_request'[39m, statusCode: [33m400[39m }
[0mPOST /api/sync/9dedd528-a4cc-43cb-9360-6a668558b325/devices/recover [33m400[0m 0.393 ms - 236[0m
[ error ] API request failed { code: [32m'invalid_request'[39m, statusCode: [33m400[39m }
[0mPOST /api/sync/9dedd528-a4cc-43cb-9360-6a668558b325/devices/recover [33m400[0m 0.785 ms - 279[0m
[ error ] API request failed { code: [32m'invalid_request'[39m, statusCode: [33m400[39m }
[0mPOST /api/sync/9dedd528-a4cc-43cb-9360-6a668558b325/devices/recover [33m400[0m 0.841 ms - 177[0m
[ error ] API request failed { code: [32m'invalid_request'[39m, statusCode: [33m400[39m }
[0mPOST /api/sync/9dedd528-a4cc-43cb-9360-6a668558b325/devices/recover [33m400[0m 0.611 ms - 258[0m
[ error ] API request failed { code: [32m'invalid_request'[39m, statusCode: [33m400[39m }
[0mPOST /api/sync/9dedd528-a4cc-43cb-9360-6a668558b325/devices/recover [33m400[0m 0.417 ms - 247[0m
[ error ] API request failed { code: [32m'invalid_request'[39m, statusCode: [33m400[39m }
[0mPOST /api/sync/9dedd528-a4cc-43cb-9360-6a668558b325/devices/recover [33m400[0m 0.374 ms - 255[0m
[ error ] API request failed { code: [32m'invalid_request'[39m, statusCode: [33m400[39m }
[0mPOST /api/sync/9dedd528-a4cc-43cb-9360-6a668558b325/devices/recover [33m400[0m 0.554 ms - 227[0m
[ error ] API request failed { code: [32m'invalid_request'[39m, statusCode: [33m400[39m }
[0mPOST /api/sync/9dedd528-a4cc-43cb-9360-6a668558b325/devices/recover [33m400[0m 0.636 ms - 225[0m
[ error ] API request failed { code: [32m'invalid_request'[39m, statusCode: [33m400[39m }
[0mPOST /api/sync/9dedd528-a4cc-43cb-9360-6a668558b325/devices/recover [33m400[0m 0.619 ms - 223[0m
[ error ] API request failed { code: [32m'invalid_request'[39m, statusCode: [33m400[39m }
[0mPOST /api/sync/9dedd528-a4cc-43cb-9360-6a668558b325/devices/recover [33m400[0m 0.418 ms - 229[0m
[ error ] API request failed { code: [32m'invalid_request'[39m, statusCode: [33m400[39m }
[0mPOST /api/sync/9dedd528-a4cc-43cb-9360-6a668558b325/devices/recover [33m400[0m 0.378 ms - 227[0m
[ error ] API request failed { code: [32m'invalid_request'[39m, statusCode: [33m400[39m }
[0mPOST /api/sync/9dedd528-a4cc-43cb-9360-6a668558b325/devices/recover [33m400[0m 0.403 ms - 250[0m
[ error ] API request failed { code: [32m'invalid_request'[39m, statusCode: [33m400[39m }
[0mPOST /api/sync/9dedd528-a4cc-43cb-9360-6a668558b325/devices/recover [33m400[0m 0.916 ms - 267[0m
[ error ] API request failed { code: [32m'invalid_request'[39m, statusCode: [33m400[39m }
[0mPOST /api/sync/9dedd528-a4cc-43cb-9360-6a668558b325/devices/recover [33m400[0m 0.656 ms - 258[0m
[ error ] API request failed { code: [32m'invalid_request'[39m, statusCode: [33m400[39m }
[0mPOST /api/sync/9dedd528-a4cc-43cb-9360-6a668558b325/devices/recover [33m400[0m 0.658 ms - 230[0m
[ error ] API request failed { code: [32m'invalid_request'[39m, statusCode: [33m400[39m }
[0mPOST /api/sync/9dedd528-a4cc-43cb-9360-6a668558b325/devices/recover [33m400[0m 0.424 ms - 228[0m
[ error ] API request failed { code: [32m'invalid_request'[39m, statusCode: [33m400[39m }
[0mPOST /api/sync/9dedd528-a4cc-43cb-9360-6a668558b325/devices/recover [33m400[0m 0.571 ms - 226[0m
[ error ] API request failed { code: [32m'invalid_request'[39m, statusCode: [33m400[39m }
[0mPOST /api/sync/9dedd528-a4cc-43cb-9360-6a668558b325/devices/recover [33m400[0m 0.510 ms - 232[0m
[ error ] API request failed { code: [32m'invalid_request'[39m, statusCode: [33m400[39m }
[0mPOST /api/sync/9dedd528-a4cc-43cb-9360-6a668558b325/devices/recover [33m400[0m 0.453 ms - 230[0m
[ error ] API request failed { code: [32m'invalid_request'[39m, statusCode: [33m400[39m }
[0mPOST /api/sync/9dedd528-a4cc-43cb-9360-6a668558b325/devices/recover [33m400[0m 0.367 ms - 245[0m
[ error ] API request failed { code: [32m'invalid_request'[39m, statusCode: [33m400[39m }
[0mPOST /api/sync/9dedd528-a4cc-43cb-9360-6a668558b325/devices/recover [33m400[0m 0.422 ms - 253[0m
[ error ] API request failed { code: [32m'invalid_request'[39m, statusCode: [33m400[39m }
[0mPOST /api/sync/9dedd528-a4cc-43cb-9360-6a668558b325/devices/recover [33m400[0m 0.489 ms - 225[0m
[ error ] API request failed { code: [32m'invalid_request'[39m, statusCode: [33m400[39m }
[0mPOST /api/sync/9dedd528-a4cc-43cb-9360-6a668558b325/devices/recover [33m400[0m 0.414 ms - 223[0m
[ error ] API request failed { code: [32m'invalid_request'[39m, statusCode: [33m400[39m }
[0mPOST /api/sync/9dedd528-a4cc-43cb-9360-6a668558b325/devices/recover [33m400[0m 0.406 ms - 221[0m
[ error ] API request failed { code: [32m'invalid_request'[39m, statusCode: [33m400[39m }
[0mPOST /api/sync/9dedd528-a4cc-43cb-9360-6a668558b325/devices/recover [33m400[0m 0.424 ms - 227[0m
[ error ] API request failed { code: [32m'invalid_request'[39m, statusCode: [33m400[39m }
[0mPOST /api/sync/9dedd528-a4cc-43cb-9360-6a668558b325/devices/recover [33m400[0m 0.597 ms - 225[0m
[ error ] API request failed { code: [32m'invalid_request'[39m, statusCode: [33m400[39m }
[0mPOST /api/sync/9dedd528-a4cc-43cb-9360-6a668558b325/devices/recover [33m400[0m 0.435 ms - 231[0m
[ error ] API request failed { code: [32m'invalid_request'[39m, statusCode: [33m400[39m }
[0mPOST /api/sync/9dedd528-a4cc-43cb-9360-6a668558b325/devices/recover [33m400[0m 0.388 ms - 229[0m
[ error ] API request failed { code: [32m'invalid_request'[39m, statusCode: [33m400[39m }
[0mPOST /api/sync/9dedd528-a4cc-43cb-9360-6a668558b325/devices/recover [33m400[0m 0.363 ms - 227[0m
[ error ] API request failed { code: [32m'invalid_request'[39m, statusCode: [33m400[39m }
[0mPOST /api/sync/9dedd528-a4cc-43cb-9360-6a668558b325/devices/recover [33m400[0m 0.380 ms - 233[0m
[ error ] API request failed { code: [32m'invalid_request'[39m, statusCode: [33m400[39m }
[0mPOST /api/sync/9dedd528-a4cc-43cb-9360-6a668558b325/devices/recover [33m400[0m 0.407 ms - 231[0m
[ error ] API request failed { code: [32m'invalid_request'[39m, statusCode: [33m400[39m }
[0mPOST /api/sync/9dedd528-a4cc-43cb-9360-6a668558b325/devices/recover [33m400[0m 0.342 ms - 226[0m
[ error ] API request failed { code: [32m'invalid_request'[39m, statusCode: [33m400[39m }
[0mPOST /api/sync/9dedd528-a4cc-43cb-9360-6a668558b325/devices/recover [33m400[0m 0.311 ms - 228[0m
[ error ] API request failed { code: [32m'invalid_request'[39m, statusCode: [33m400[39m }
[0mPOST /api/sync/9dedd528-a4cc-43cb-9360-6a668558b325/devices/recover [33m400[0m 0.335 ms - 224[0m
[ error ] API request failed { code: [32m'invalid_request'[39m, statusCode: [33m400[39m }
[0mPOST /api/sync/9dedd528-a4cc-43cb-9360-6a668558b325/devices/recover [33m400[0m 0.418 ms - 230[0m
[ error ] API request failed { code: [32m'invalid_request'[39m, statusCode: [33m400[39m }
[0mPOST /api/sync/9dedd528-a4cc-43cb-9360-6a668558b325/devices/recover [33m400[0m 0.465 ms - 228[0m
[ error ] API request failed { code: [32m'invalid_request'[39m, statusCode: [33m400[39m }
[0mPOST /api/sync/9dedd528-a4cc-43cb-9360-6a668558b325/devices/recover [33m400[0m 0.664 ms - 237[0m
[ error ] API request failed { code: [32m'invalid_request'[39m, statusCode: [33m400[39m }
[0mPOST /api/sync/9dedd528-a4cc-43cb-9360-6a668558b325/devices/recover [33m400[0m 0.408 ms - 235[0m
[ error ] API request failed { code: [32m'invalid_request'[39m, statusCode: [33m400[39m }
[0mPOST /api/sync/9dedd528-a4cc-43cb-9360-6a668558b325/devices/recover [33m400[0m 0.435 ms - 233[0m
[ error ] API request failed { code: [32m'invalid_request'[39m, statusCode: [33m400[39m }
[0mPOST /api/sync/9dedd528-a4cc-43cb-9360-6a668558b325/devices/recover [33m400[0m 0.365 ms - 239[0m
[ error ] API request failed { code: [32m'invalid_request'[39m, statusCode: [33m400[39m }
[0mPOST /api/sync/9dedd528-a4cc-43cb-9360-6a668558b325/devices/recover [33m400[0m 0.377 ms - 237[0m
[ error ] API request failed { code: [32m'invalid_request'[39m, statusCode: [33m400[39m }
[0mPOST /api/sync/9dedd528-a4cc-43cb-9360-6a668558b325/devices/recover [33m400[0m 0.366 ms - 232[0m
[ error ] API request failed { code: [32m'invalid_request'[39m, statusCode: [33m400[39m }
[0mPOST /api/sync/9dedd528-a4cc-43cb-9360-6a668558b325/devices/recover [33m400[0m 0.479 ms - 234[0m
[ error ] API request failed { code: [32m'invalid_request'[39m, statusCode: [33m400[39m }
[0mPOST /api/sync/9dedd528-a4cc-43cb-9360-6a668558b325/devices/recover [33m400[0m 0.982 ms - 230[0m
[ error ] API request failed { code: [32m'invalid_request'[39m, statusCode: [33m400[39m }
[0mPOST /api/sync/9dedd528-a4cc-43cb-9360-6a668558b325/devices/recover [33m400[0m 1.086 ms - 236[0m
[ error ] API request failed { code: [32m'invalid_request'[39m, statusCode: [33m400[39m }
[0mPOST /api/sync/9dedd528-a4cc-43cb-9360-6a668558b325/devices/recover [33m400[0m 0.381 ms - 234[0m
[ error ] API request failed { code: [32m'invalid_request'[39m, statusCode: [33m400[39m }
[0mPOST /api/sync/9dedd528-a4cc-43cb-9360-6a668558b325/devices/recover [33m400[0m 0.438 ms - 478[0m
[ error ] API request failed { code: [32m'invalid_request'[39m, statusCode: [33m400[39m }
[0mPOST /api/sync/9dedd528-a4cc-43cb-9360-6a668558b325/devices/recover [33m400[0m 0.464 ms - 478[0m
[ error ] API request failed { code: [32m'invalid_request'[39m, statusCode: [33m400[39m }
[0mPOST /api/sync/9dedd528-a4cc-43cb-9360-6a668558b325/devices/recover [33m400[0m 0.961 ms - 229[0m
[ error ] API request failed { code: [32m'invalid_request'[39m, statusCode: [33m400[39m }
[0mPOST /api/sync/9dedd528-a4cc-43cb-9360-6a668558b325/devices/recover [33m400[0m 0.428 ms - 227[0m
[ error ] API request failed { code: [32m'invalid_request'[39m, statusCode: [33m400[39m }
[0mPOST /api/sync/9dedd528-a4cc-43cb-9360-6a668558b325/devices/recover [33m400[0m 0.508 ms - 225[0m
[ error ] API request failed { code: [32m'invalid_request'[39m, statusCode: [33m400[39m }
[0mPOST /api/sync/9dedd528-a4cc-43cb-9360-6a668558b325/devices/recover [33m400[0m 0.932 ms - 231[0m
[ error ] API request failed { code: [32m'invalid_request'[39m, statusCode: [33m400[39m }
[0mPOST /api/sync/9dedd528-a4cc-43cb-9360-6a668558b325/devices/recover [33m400[0m 0.346 ms - 229[0m
[ error ] API request failed { code: [32m'invalid_request'[39m, statusCode: [33m400[39m }
[0mPOST /api/sync/9dedd528-a4cc-43cb-9360-6a668558b325/devices/recover [33m400[0m 0.688 ms - 317[0m
[ error ] API request failed { code: [32m'invalid_request'[39m, statusCode: [33m400[39m }
[0mPOST /api/sync/9dedd528-a4cc-43cb-9360-6a668558b325/devices/recover [33m400[0m 1.343 ms - 229[0m
[ error ] API request failed { code: [32m'invalid_request'[39m, statusCode: [33m400[39m }
[0mPOST /api/sync/9dedd528-a4cc-43cb-9360-6a668558b325/devices/recover [33m400[0m 1.066 ms - 228[0m
[ error ] API request failed { code: [32m'invalid_request'[39m, statusCode: [33m400[39m }
[0mPOST /api/sync/9dedd528-a4cc-43cb-9360-6a668558b325/devices/recover [33m400[0m 0.982 ms - 226[0m
[ error ] API request failed { code: [32m'invalid_request'[39m, statusCode: [33m400[39m }
[0mPOST /api/sync/9dedd528-a4cc-43cb-9360-6a668558b325/devices/recover [33m400[0m 0.379 ms - 228[0m
[ error ] API request failed { code: [32m'invalid_request'[39m, statusCode: [33m400[39m }
[0mPOST /api/sync/9dedd528-a4cc-43cb-9360-6a668558b325/devices/recover [33m400[0m 0.484 ms - 224[0m
[ error ] API request failed { code: [32m'invalid_request'[39m, statusCode: [33m400[39m }
[0mPOST /api/sync/9dedd528-a4cc-43cb-9360-6a668558b325/devices/recover [33m400[0m 0.460 ms - 230[0m
[ error ] API request failed { code: [32m'invalid_request'[39m, statusCode: [33m400[39m }
[0mPOST /api/sync/9dedd528-a4cc-43cb-9360-6a668558b325/devices/recover [33m400[0m 0.421 ms - 238[0m
[ error ] API request failed { code: [32m'invalid_request'[39m, statusCode: [33m400[39m }
[0mPOST /api/sync/9dedd528-a4cc-43cb-9360-6a668558b325/devices/recover [33m400[0m 0.433 ms - 258[0m
[ error ] API request failed { code: [32m'invalid_request'[39m, statusCode: [33m400[39m }
[0mPOST /api/sync/9dedd528-a4cc-43cb-9360-6a668558b325/devices/recover [33m400[0m 0.407 ms - 230[0m
[ error ] API request failed { code: [32m'invalid_request'[39m, statusCode: [33m400[39m }
[0mPOST /api/sync/9dedd528-a4cc-43cb-9360-6a668558b325/devices/recover [33m400[0m 0.442 ms - 228[0m
[ error ] API request failed { code: [32m'invalid_request'[39m, statusCode: [33m400[39m }
[0mPOST /api/sync/9dedd528-a4cc-43cb-9360-6a668558b325/devices/recover [33m400[0m 0.375 ms - 226[0m
[ error ] API request failed { code: [32m'invalid_request'[39m, statusCode: [33m400[39m }
[0mPOST /api/sync/9dedd528-a4cc-43cb-9360-6a668558b325/devices/recover [33m400[0m 0.663 ms - 232[0m
[ error ] API request failed { code: [32m'invalid_request'[39m, statusCode: [33m400[39m }
[0mPOST /api/sync/9dedd528-a4cc-43cb-9360-6a668558b325/devices/recover [33m400[0m 0.781 ms - 230[0m
[ error ] API request failed { code: [32m'invalid_request'[39m, statusCode: [33m400[39m }
[0mPOST /api/sync/9dedd528-a4cc-43cb-9360-6a668558b325/devices/recover [33m400[0m 0.420 ms - 259[0m
[ error ] API request failed { code: [32m'invalid_request'[39m, statusCode: [33m400[39m }
[0mPOST /api/sync/9dedd528-a4cc-43cb-9360-6a668558b325/devices/recover [33m400[0m 0.662 ms - 231[0m
[ error ] API request failed { code: [32m'invalid_request'[39m, statusCode: [33m400[39m }
[0mPOST /api/sync/9dedd528-a4cc-43cb-9360-6a668558b325/devices/recover [33m400[0m 0.710 ms - 229[0m
[ error ] API request failed { code: [32m'invalid_request'[39m, statusCode: [33m400[39m }
[0mPOST /api/sync/9dedd528-a4cc-43cb-9360-6a668558b325/devices/recover [33m400[0m 0.641 ms - 227[0m
[ error ] API request failed { code: [32m'invalid_request'[39m, statusCode: [33m400[39m }
[0mPOST /api/sync/9dedd528-a4cc-43cb-9360-6a668558b325/devices/recover [33m400[0m 0.423 ms - 233[0m
[ error ] API request failed { code: [32m'invalid_request'[39m, statusCode: [33m400[39m }
[0mPOST /api/sync/9dedd528-a4cc-43cb-9360-6a668558b325/devices/recover [33m400[0m 0.415 ms - 231[0m
[ error ] API request failed { code: [32m'invalid_request'[39m, statusCode: [33m400[39m }
[0mPOST /api/sync/9dedd528-a4cc-43cb-9360-6a668558b325/devices/recover [33m400[0m 0.466 ms - 258[0m
[ error ] API request failed { code: [32m'invalid_request'[39m, statusCode: [33m400[39m }
[0mPOST /api/sync/9dedd528-a4cc-43cb-9360-6a668558b325/devices/recover [33m400[0m 0.446 ms - 230[0m
[ error ] API request failed { code: [32m'invalid_request'[39m, statusCode: [33m400[39m }
[0mPOST /api/sync/9dedd528-a4cc-43cb-9360-6a668558b325/devices/recover [33m400[0m 0.409 ms - 228[0m
[ error ] API request failed { code: [32m'invalid_request'[39m, statusCode: [33m400[39m }
[0mPOST /api/sync/9dedd528-a4cc-43cb-9360-6a668558b325/devices/recover [33m400[0m 0.582 ms - 226[0m
[ error ] API request failed { code: [32m'invalid_request'[39m, statusCode: [33m400[39m }
[0mPOST /api/sync/9dedd528-a4cc-43cb-9360-6a668558b325/devices/recover [33m400[0m 0.450 ms - 232[0m
[ error ] API request failed { code: [32m'invalid_request'[39m, statusCode: [33m400[39m }
[0mPOST /api/sync/9dedd528-a4cc-43cb-9360-6a668558b325/devices/recover [33m400[0m 0.413 ms - 230[0m
[ error ] API request failed { code: [32m'invalid_request'[39m, statusCode: [33m400[39m }
[0mPOST /api/sync/9dedd528-a4cc-43cb-9360-6a668558b325/devices/recover [33m400[0m 0.491 ms - 279[0m
[ error ] API request failed { code: [32m'invalid_request'[39m, statusCode: [33m400[39m }
[0mPOST /api/sync/9dedd528-a4cc-43cb-9360-6a668558b325/devices/recover [33m400[0m 0.441 ms - 279[0m
[ error ] API request failed { code: [32m'invalid_request'[39m, statusCode: [33m400[39m }
[0mPOST /api/sync/9dedd528-a4cc-43cb-9360-6a668558b325/devices/recover [33m400[0m 0.441 ms - 279[0m
[ error ] API request failed { code: [32m'invalid_request'[39m, statusCode: [33m400[39m }
[0mPOST /api/sync/9dedd528-a4cc-43cb-9360-6a668558b325/devices/recover [33m400[0m 0.364 ms - 279[0m
[ error ] API request failed { code: [32m'invalid_request'[39m, statusCode: [33m400[39m }
[0mPOST /api/sync/9dedd528-a4cc-43cb-9360-6a668558b325/devices/recover [33m400[0m 0.337 ms - 279[0m
[ error ] API request failed { code: [32m'invalid_request'[39m, statusCode: [33m400[39m }
[0mPOST /api/sync/9dedd528-a4cc-43cb-9360-6a668558b325/devices/recover [33m400[0m 0.377 ms - 279[0m
[ error ] API request failed { code: [32m'invalid_request'[39m, statusCode: [33m400[39m }
[0mPOST /api/sync/9dedd528-a4cc-43cb-9360-6a668558b325/devices/recover [33m400[0m 0.508 ms - 177[0m
[ error ] API request failed { code: [32m'invalid_request'[39m, statusCode: [33m400[39m }
[0mPOST /api/sync/9dedd528-a4cc-43cb-9360-6a668558b325/devices/recover [33m400[0m 0.529 ms - 177[0m
[ error ] API request failed { code: [32m'invalid_request'[39m, statusCode: [33m400[39m }
[0mPOST /api/sync/9dedd528-a4cc-43cb-9360-6a668558b325/devices/recover [33m400[0m 0.491 ms - 177[0m
[ error ] API request failed { code: [32m'invalid_request'[39m, statusCode: [33m400[39m }
[0mPOST /api/sync/9dedd528-a4cc-43cb-9360-6a668558b325/devices/recover [33m400[0m 0.553 ms - 177[0m
[ error ] API request failed { code: [32m'invalid_request'[39m, statusCode: [33m400[39m }
[0mPOST /api/sync/9dedd528-a4cc-43cb-9360-6a668558b325/devices/recover [33m400[0m 0.899 ms - 177[0m
[ error ] API request failed { code: [32m'invalid_request'[39m, statusCode: [33m400[39m }
[0mPOST /api/sync/9dedd528-a4cc-43cb-9360-6a668558b325/devices/recover [33m400[0m 1.106 ms - 177[0m
[ error ] API request failed { code: [32m'invalid_request'[39m, statusCode: [33m400[39m }
[0mPOST /api/sync/9dedd528-a4cc-43cb-9360-6a668558b325/devices/recover [33m400[0m 0.570 ms - 258[0m
[ error ] API request failed { code: [32m'invalid_request'[39m, statusCode: [33m400[39m }
[0mPOST /api/sync/9dedd528-a4cc-43cb-9360-6a668558b325/devices/recover [33m400[0m 0.373 ms - 258[0m
[ error ] API request failed { code: [32m'invalid_request'[39m, statusCode: [33m400[39m }
[0mPOST /api/sync/9dedd528-a4cc-43cb-9360-6a668558b325/devices/recover [33m400[0m 0.455 ms - 258[0m
[ error ] API request failed { code: [32m'invalid_request'[39m, statusCode: [33m400[39m }
[0mPOST /api/sync/9dedd528-a4cc-43cb-9360-6a668558b325/devices/recover [33m400[0m 0.419 ms - 258[0m
[ error ] API request failed { code: [32m'invalid_request'[39m, statusCode: [33m400[39m }
[0mPOST /api/sync/9dedd528-a4cc-43cb-9360-6a668558b325/devices/recover [33m400[0m 0.419 ms - 258[0m
[ error ] API request failed { code: [32m'invalid_request'[39m, statusCode: [33m400[39m }
[0mPOST /api/sync/9dedd528-a4cc-43cb-9360-6a668558b325/devices/recover [33m400[0m 1.331 ms - 258[0m
[ error ] API request failed { code: [32m'invalid_request'[39m, statusCode: [33m400[39m }
[0mPOST /api/sync/9dedd528-a4cc-43cb-9360-6a668558b325/devices/recover [33m400[0m 1.295 ms - 215[0m
[ error ] API request failed { code: [32m'invalid_request'[39m, statusCode: [33m400[39m }
[0mPOST /api/sync/9dedd528-a4cc-43cb-9360-6a668558b325/devices/recover [33m400[0m 0.479 ms - 217[0m
[ error ] API request failed { code: [32m'invalid_request'[39m, statusCode: [33m400[39m }
[0mPOST /api/sync/9dedd528-a4cc-43cb-9360-6a668558b325/devices/recover [33m400[0m 0.332 ms - 213[0m
[ error ] API request failed { code: [32m'invalid_request'[39m, statusCode: [33m400[39m }
[0mPOST /api/sync/9dedd528-a4cc-43cb-9360-6a668558b325/devices/recover [33m400[0m 0.331 ms - 219[0m
[ error ] API request failed { code: [32m'invalid_request'[39m, statusCode: [33m400[39m }
[0mPOST /api/sync/9dedd528-a4cc-43cb-9360-6a668558b325/devices/recover [33m400[0m 0.319 ms - 217[0m
[ error ] API request failed { code: [32m'invalid_request'[39m, statusCode: [33m400[39m }
[0mPOST /api/sync/9dedd528-a4cc-43cb-9360-6a668558b325/devices/recover [33m400[0m 0.949 ms - 225[0m
[ error ] API request failed { code: [32m'invalid_request'[39m, statusCode: [33m400[39m }
[0mPOST /api/sync/9dedd528-a4cc-43cb-9360-6a668558b325/devices/recover [33m400[0m 0.370 ms - 223[0m
[ error ] API request failed { code: [32m'invalid_request'[39m, statusCode: [33m400[39m }
[0mPOST /api/sync/9dedd528-a4cc-43cb-9360-6a668558b325/devices/recover [33m400[0m 0.346 ms - 225[0m
[ error ] API request failed { code: [32m'invalid_request'[39m, statusCode: [33m400[39m }
[0mPOST /api/sync/9dedd528-a4cc-43cb-9360-6a668558b325/devices/recover [33m400[0m 0.449 ms - 221[0m
[ error ] API request failed { code: [32m'invalid_request'[39m, statusCode: [33m400[39m }
[0mPOST /api/sync/9dedd528-a4cc-43cb-9360-6a668558b325/devices/recover [33m400[0m 0.474 ms - 225[0m
[ error ] API request failed { code: [32m'invalid_request'[39m, statusCode: [33m400[39m }
[0mPOST /api/sync/9dedd528-a4cc-43cb-9360-6a668558b325/devices/recover [33m400[0m 0.488 ms - 256[0m
[ error ] API request failed { code: [32m'invalid_request'[39m, statusCode: [33m400[39m }
[0mPOST /api/sync/9dedd528-a4cc-43cb-9360-6a668558b325/devices/recover [33m400[0m 0.393 ms - 228[0m
[ error ] API request failed { code: [32m'invalid_request'[39m, statusCode: [33m400[39m }
[0mPOST /api/sync/9dedd528-a4cc-43cb-9360-6a668558b325/devices/recover [33m400[0m 0.435 ms - 226[0m
[ error ] API request failed { code: [32m'invalid_request'[39m, statusCode: [33m400[39m }
[0mPOST /api/sync/9dedd528-a4cc-43cb-9360-6a668558b325/devices/recover [33m400[0m 0.396 ms - 224[0m
[ error ] API request failed { code: [32m'invalid_request'[39m, statusCode: [33m400[39m }
[0mPOST /api/sync/9dedd528-a4cc-43cb-9360-6a668558b325/devices/recover [33m400[0m 0.380 ms - 230[0m
[ error ] API request failed { code: [32m'invalid_request'[39m, statusCode: [33m400[39m }
[0mPOST /api/sync/9dedd528-a4cc-43cb-9360-6a668558b325/devices/recover [33m400[0m 0.344 ms - 228[0m
[ error ] API request failed { code: [32m'invalid_request'[39m, statusCode: [33m400[39m }
[0mPOST /api/sync/9dedd528-a4cc-43cb-9360-6a668558b325/devices/recover [33m400[0m 0.314 ms - 223[0m
[ error ] API request failed { code: [32m'invalid_request'[39m, statusCode: [33m400[39m }
[0mPOST /api/sync/9dedd528-a4cc-43cb-9360-6a668558b325/devices/recover [33m400[0m 0.357 ms - 223[0m
[ error ] API request failed { code: [32m'invalid_request'[39m, statusCode: [33m400[39m }
[0mPOST /api/sync/9dedd528-a4cc-43cb-9360-6a668558b325/devices/recover [33m400[0m 0.378 ms - 219[0m
[ error ] API request failed { code: [32m'invalid_request'[39m, statusCode: [33m400[39m }
[0mPOST /api/sync/9dedd528-a4cc-43cb-9360-6a668558b325/devices/recover [33m400[0m 0.341 ms - 225[0m
[ error ] API request failed { code: [32m'invalid_request'[39m, statusCode: [33m400[39m }
[0mPOST /api/sync/9dedd528-a4cc-43cb-9360-6a668558b325/devices/recover [33m400[0m 0.340 ms - 223[0m
[ error ] API request failed { code: [32m'invalid_request'[39m, statusCode: [33m400[39m }
[0mPOST /api/sync/9dedd528-a4cc-43cb-9360-6a668558b325/devices/recover [33m400[0m 0.551 ms - 235[0m
[ error ] API request failed { code: [32m'invalid_request'[39m, statusCode: [33m400[39m }
[0mPOST /api/sync/9dedd528-a4cc-43cb-9360-6a668558b325/devices/recover [33m400[0m 0.734 ms - 241[0m
[ error ] API request failed { code: [32m'invalid_request'[39m, statusCode: [33m400[39m }
[0mPOST /api/sync/9dedd528-a4cc-43cb-9360-6a668558b325/devices/recover [33m400[0m 0.674 ms - 256[0m
[ error ] API request failed { code: [32m'invalid_request'[39m, statusCode: [33m400[39m }
[0mPOST /api/sync/9dedd528-a4cc-43cb-9360-6a668558b325/devices/recover [33m400[0m 0.518 ms - 228[0m
[ error ] API request failed { code: [32m'invalid_request'[39m, statusCode: [33m400[39m }
[0mPOST /api/sync/9dedd528-a4cc-43cb-9360-6a668558b325/devices/recover [33m400[0m 0.342 ms - 226[0m
[ error ] API request failed { code: [32m'invalid_request'[39m, statusCode: [33m400[39m }
[0mPOST /api/sync/9dedd528-a4cc-43cb-9360-6a668558b325/devices/recover [33m400[0m 0.301 ms - 224[0m
[ error ] API request failed { code: [32m'invalid_request'[39m, statusCode: [33m400[39m }
[0mPOST /api/sync/9dedd528-a4cc-43cb-9360-6a668558b325/devices/recover [33m400[0m 0.260 ms - 230[0m
[ error ] API request failed { code: [32m'invalid_request'[39m, statusCode: [33m400[39m }
[0mPOST /api/sync/9dedd528-a4cc-43cb-9360-6a668558b325/devices/recover [33m400[0m 0.291 ms - 228[0m
[ error ] API request failed { code: [32m'invalid_request'[39m, statusCode: [33m400[39m }
[0mPOST /api/sync/9dedd528-a4cc-43cb-9360-6a668558b325/devices/recover [33m400[0m 0.317 ms - 249[0m
[ error ] API request failed { code: [32m'invalid_request'[39m, statusCode: [33m400[39m }
[0mPOST /api/sync/9dedd528-a4cc-43cb-9360-6a668558b325/devices/recover [33m400[0m 0.306 ms - 221[0m
[ error ] API request failed { code: [32m'invalid_request'[39m, statusCode: [33m400[39m }
[0mPOST /api/sync/9dedd528-a4cc-43cb-9360-6a668558b325/devices/recover [33m400[0m 0.274 ms - 219[0m
[ error ] API request failed { code: [32m'invalid_request'[39m, statusCode: [33m400[39m }
[0mPOST /api/sync/9dedd528-a4cc-43cb-9360-6a668558b325/devices/recover [33m400[0m 0.270 ms - 217[0m
[ error ] API request failed { code: [32m'invalid_request'[39m, statusCode: [33m400[39m }
[0mPOST /api/sync/9dedd528-a4cc-43cb-9360-6a668558b325/devices/recover [33m400[0m 0.282 ms - 223[0m
[ error ] API request failed { code: [32m'invalid_request'[39m, statusCode: [33m400[39m }
[0mPOST /api/sync/9dedd528-a4cc-43cb-9360-6a668558b325/devices/recover [33m400[0m 0.289 ms - 221[0m
[ error ] API request failed { code: [32m'invalid_request'[39m, statusCode: [33m400[39m }
[0mPOST /api/sync/9dedd528-a4cc-43cb-9360-6a668558b325/devices/recover [33m400[0m 0.560 ms - 205[0m
[ error ] API request failed { code: [32m'invalid_request'[39m, statusCode: [33m400[39m }
[ error ] API request failed { code: [32m'invalid_request'[39m, statusCode: [33m400[39m }
[ error ] API request failed { code: [32m'invalid_request'[39m, statusCode: [33m400[39m }
[ error ] API request failed { code: [32m'invalid_request'[39m, statusCode: [33m400[39m }
[ error ] API request failed { code: [32m'device_lifecycle_rejected'[39m, statusCode: [33m409[39m }
[0mPOST /api/sync/9dedd528-a4cc-43cb-9360-6a668558b325/devices/recover [33m409[0m 3.235 ms - 91[0m
[ error ] API request failed { code: [32m'device_lifecycle_rejected'[39m, statusCode: [33m409[39m }
[0mPOST /api/sync/9dedd528-a4cc-43cb-9360-6a668558b325/devices/recover [33m409[0m 10.048 ms - 91[0m
[ error ] API request failed { code: [32m'device_lifecycle_rejected'[39m, statusCode: [33m409[39m }
[0mPOST /api/sync/9dedd528-a4cc-43cb-9360-6a668558b325/devices/recover [33m409[0m 5.476 ms - 91[0m
[ error ] API request failed { code: [32m'device_lifecycle_rejected'[39m, statusCode: [33m409[39m }
[0mPOST /api/sync/9dedd528-a4cc-43cb-9360-6a668558b325/devices/recover [33m409[0m 12.066 ms - 91[0m
[ error ] API request failed { code: [32m'device_lifecycle_rejected'[39m, statusCode: [33m409[39m }
[0mPOST /api/sync/9dedd528-a4cc-43cb-9360-6a668558b325/devices/recover [33m409[0m 10.313 ms - 91[0m
[ error ] API request failed { code: [32m'device_lifecycle_rejected'[39m, statusCode: [33m409[39m }
[0mPOST /api/sync/9dedd528-a4cc-43cb-9360-6a668558b325/devices/recover [33m409[0m 8.949 ms - 91[0m
[ error ] API request failed { code: [32m'device_lifecycle_rejected'[39m, statusCode: [33m409[39m }
[0mPOST /api/sync/9dedd528-a4cc-43cb-9360-6a668558b325/devices/recover [33m409[0m 7.405 ms - 91[0m
[ error ] API request failed { code: [32m'device_lifecycle_rejected'[39m, statusCode: [33m409[39m }
[0mPOST /api/sync/9dedd528-a4cc-43cb-9360-6a668558b325/devices/recover [33m409[0m 8.229 ms - 91[0m
[ error ] API request failed { code: [32m'device_lifecycle_rejected'[39m, statusCode: [33m409[39m }
[0mPOST /api/sync/9dedd528-a4cc-43cb-9360-6a668558b325/devices/recover [33m409[0m 6.553 ms - 91[0m
[ error ] API request failed { code: [32m'device_lifecycle_rejected'[39m, statusCode: [33m409[39m }
[0mPOST /api/sync/9dedd528-a4cc-43cb-9360-6a668558b325/devices/recover [33m409[0m 2.429 ms - 91[0m
[ error ] API request failed { code: [32m'device_lifecycle_rejected'[39m, statusCode: [33m409[39m }
[0mPOST /api/sync/9dedd528-a4cc-43cb-9360-6a668558b325/devices/recover [33m409[0m 2.435 ms - 91[0m
[ error ] API request failed { code: [32m'device_lifecycle_rejected'[39m, statusCode: [33m409[39m }
[0mPOST /api/sync/9dedd528-a4cc-43cb-9360-6a668558b325/devices/recover [33m409[0m 2.550 ms - 91[0m
[ error ] API request failed { code: [32m'device_lifecycle_rejected'[39m, statusCode: [33m409[39m }
[0mPOST /api/sync/9dedd528-a4cc-43cb-9360-6a668558b325/devices/recover [33m409[0m 2.571 ms - 91[0m
[ error ] API request failed { code: [32m'device_lifecycle_rejected'[39m, statusCode: [33m409[39m }
[0mPOST /api/sync/9dedd528-a4cc-43cb-9360-6a668558b325/devices/recover [33m409[0m 4.314 ms - 91[0m
[ error ] API request failed { code: [32m'device_lifecycle_rejected'[39m, statusCode: [33m409[39m }
[0mPOST /api/sync/9dedd528-a4cc-43cb-9360-6a668558b325/devices/recover [33m409[0m 2.627 ms - 91[0m
[ error ] API request failed { code: [32m'device_lifecycle_rejected'[39m, statusCode: [33m409[39m }
[0mPOST /api/sync/9dedd528-a4cc-43cb-9360-6a668558b325/devices/recover [33m409[0m 2.825 ms - 91[0m
[ error ] API request failed { code: [32m'device_lifecycle_rejected'[39m, statusCode: [33m409[39m }
[0mPOST /api/sync/9dedd528-a4cc-43cb-9360-6a668558b325/devices/recover [33m409[0m 4.294 ms - 91[0m
[ error ] API request failed { code: [32m'device_lifecycle_rejected'[39m, statusCode: [33m409[39m }
[0mPOST /api/sync/9dedd528-a4cc-43cb-9360-6a668558b325/devices/recover [33m409[0m 3.272 ms - 91[0m
[ error ] API request failed { code: [32m'device_lifecycle_rejected'[39m, statusCode: [33m409[39m }
[0mPOST /api/sync/9dedd528-a4cc-43cb-9360-6a668558b325/devices/recover [33m409[0m 3.244 ms - 91[0m
[ error ] API request failed { code: [32m'device_lifecycle_rejected'[39m, statusCode: [33m409[39m }
[0mPOST /api/sync/9dedd528-a4cc-43cb-9360-6a668558b325/devices/recover [33m409[0m 2.562 ms - 91[0m
[ error ] API request failed { code: [32m'device_lifecycle_rejected'[39m, statusCode: [33m409[39m }
[0mPOST /api/sync/9dedd528-a4cc-43cb-9360-6a668558b325/devices/recover [33m409[0m 3.281 ms - 91[0m
[ error ] API request failed { code: [32m'device_lifecycle_rejected'[39m, statusCode: [33m409[39m }
[0mPOST /api/sync/9dedd528-a4cc-43cb-9360-6a668558b325/devices/recover [33m409[0m 2.736 ms - 91[0m
[ error ] API request failed { code: [32m'device_lifecycle_rejected'[39m, statusCode: [33m409[39m }
[0mPOST /api/sync/9dedd528-a4cc-43cb-9360-6a668558b325/devices/recover [33m409[0m 2.501 ms - 70[0m
[ error ] API request failed { code: [32m'device_lifecycle_rejected'[39m, statusCode: [33m409[39m }
[0mPOST /api/sync/9dedd528-a4cc-43cb-9360-6a668558b325/devices/recover [33m409[0m 2.408 ms - 70[0m
[ error ] API request failed { code: [32m'device_lifecycle_rejected'[39m, statusCode: [33m409[39m }
[0mPOST /api/sync/9dedd528-a4cc-43cb-9360-6a668558b325/devices/recover [33m409[0m 3.453 ms - 91[0m
[ error ] API request failed { code: [32m'device_lifecycle_rejected'[39m, statusCode: [33m409[39m }
[0mPOST /api/sync/9dedd528-a4cc-43cb-9360-6a668558b325/devices/recover [33m409[0m 2.939 ms - 91[0m
[ error ] API request failed { code: [32m'device_lifecycle_rejected'[39m, statusCode: [33m409[39m }
[0mPOST /api/sync/9dedd528-a4cc-43cb-9360-6a668558b325/devices/recover [33m409[0m 2.445 ms - 91[0m
[ error ] API request failed { code: [32m'device_lifecycle_rejected'[39m, statusCode: [33m409[39m }
[0mPOST /api/sync/9dedd528-a4cc-43cb-9360-6a668558b325/devices/recover [33m409[0m 2.381 ms - 91[0m
[0mTRACE /api/sync/9dedd528-a4cc-43cb-9360-6a668558b325/devices/device-2zJHDm4s4XrnUjC-/approval [33m405[0m 0.154 ms - 78[0m
[0mQUERY /api/sync/9dedd528-a4cc-43cb-9360-6a668558b325/devices/device-2zJHDm4s4XrnUjC-/approval [33m405[0m 0.133 ms - 78[0m
[0mPUT /api/sync/9dedd528-a4cc-43cb-9360-6a668558b325/devices/device-2zJHDm4s4XrnUjC-/approval [33m405[0m 0.129 ms - 78[0m
[0mPATCH /api/sync/9dedd528-a4cc-43cb-9360-6a668558b325/devices/device-2zJHDm4s4XrnUjC-/approval [33m405[0m 0.154 ms - 78[0m
[0mOPTIONS /api/sync/9dedd528-a4cc-43cb-9360-6a668558b325/devices/device-2zJHDm4s4XrnUjC-/approval [33m405[0m 0.235 ms - 78[0m
[0mGET /api/sync/9dedd528-a4cc-43cb-9360-6a668558b325/devices/device-2zJHDm4s4XrnUjC-/approval [33m405[0m 0.158 ms - 78[0m
[0mDELETE /api/sync/9dedd528-a4cc-43cb-9360-6a668558b325/devices/device-2zJHDm4s4XrnUjC-/approval [33m405[0m 0.158 ms - 78[0m
[ error ] API request failed { code: [32m'invalid_request'[39m, statusCode: [33m400[39m }
[0mPOST /api/sync/9dedd528-a4cc-43cb-9360-6a668558b325/devices/000000000000000000000000000000000000000000000000000000000000000000000000000000000000000000000000000000000000000000000000000000000000000000000000000000000000000000000000000000000000000000000000000000000/approval [33m400[0m 0.474 ms - 245[0m
[ error ] API request failed { code: [32m'device_lifecycle_rejected'[39m, statusCode: [33m409[39m }
[0mPOST /api/sync/9dedd528-a4cc-43cb-9360-6a668558b325/devices/0000000000000000000000000000000000000000000000000000000000000000000000000000000000000000000000000000000000000000000000000000000000000000000000000000000000000000000000000000000000000000000000000000000/approval [33m409[0m 2.529 ms - 90[0m
[ error ] API request failed { code: [32m'device_lifecycle_rejected'[39m, statusCode: [33m409[39m }
[0mPOST /api/sync/9dedd528-a4cc-43cb-9360-6a668558b325/devices/00000000000000000000000000000000000000000000000000000000000000000000000000000000000000000000000000000000000000000000000000000000000000000000000000000000000000000000000000000000000000000000000000000000/approval [33m409[0m 2.455 ms - 90[0m
[ error ] API request failed { code: [32m'device_lifecycle_rejected'[39m, statusCode: [33m409[39m }
[0mPOST /api/sync/9dedd528-a4cc-43cb-9360-6a668558b325/devices/00/approval [33m409[0m 3.317 ms - 90[0m
[ error ] API request failed { code: [32m'device_lifecycle_rejected'[39m, statusCode: [33m409[39m }
[0mPOST /api/sync/9dedd528-a4cc-43cb-9360-6a668558b325/devices/0/approval [33m409[0m 3.079 ms - 70[0m
[ error ] API request failed { code: [32m'invalid_request'[39m, statusCode: [33m400[39m }
[0mPOST /api/sync/000000000000000000000000000000000000000000000000000000000000000000000000000000000000000000000000000000000000000000000000000000000000000000000000000000000000000000000000000000000000000000000000000000000/devices/device-2zJHDm4s4XrnUjC-/approval [33m400[0m 0.464 ms - 248[0m
[ error ] API request failed { code: [32m'workspace_not_found'[39m, statusCode: [33m404[39m }
[0mPOST /api/sync/0000000000000000000000000000000000000000000000000000000000000000000000000000000000000000000000000000000000000000000000000000000000000000000000000000000000000000000000000000000000000000000000000000000/devices/device-2zJHDm4s4XrnUjC-/approval [33m404[0m 1.743 ms - 76[0m
[ error ] API request failed { code: [32m'workspace_not_found'[39m, statusCode: [33m404[39m }
[0mPOST /api/sync/00000000000000000000000000000000000000000000000000000000000000000000000000000000000000000000000000000000000000000000000000000000000000000000000000000000000000000000000000000000000000000000000000000000/devices/device-2zJHDm4s4XrnUjC-/approval [33m404[0m 1.492 ms - 76[0m
[ error ] API request failed { code: [32m'workspace_not_found'[39m, statusCode: [33m404[39m }
[0mPOST /api/sync/00/devices/device-2zJHDm4s4XrnUjC-/approval [33m404[0m 1.338 ms - 76[0m
[ error ] API request failed { code: [32m'workspace_not_found'[39m, statusCode: [33m404[39m }
[0mPOST /api/sync/0/devices/device-2zJHDm4s4XrnUjC-/approval [33m404[0m 1.437 ms - 76[0m
[ error ] API request failed { code: [32m'invalid_request'[39m, statusCode: [33m400[39m }
[0mPOST /api/sync/9dedd528-a4cc-43cb-9360-6a668558b325/devices/device-2zJHDm4s4XrnUjC-/approval [33m400[0m 0.424 ms - 231[0m
[ error ] API request failed { code: [32m'invalid_request'[39m, statusCode: [33m400[39m }
[0mPOST /api/sync/9dedd528-a4cc-43cb-9360-6a668558b325/devices/device-2zJHDm4s4XrnUjC-/approval [33m400[0m 0.346 ms - 253[0m
[ error ] API request failed { code: [32m'invalid_request'[39m, statusCode: [33m400[39m }
[0mPOST /api/sync/9dedd528-a4cc-43cb-9360-6a668558b325/devices/device-2zJHDm4s4XrnUjC-/approval [33m400[0m 0.485 ms - 225[0m
[ error ] API request failed { code: [32m'invalid_request'[39m, statusCode: [33m400[39m }
[0mPOST /api/sync/9dedd528-a4cc-43cb-9360-6a668558b325/devices/device-2zJHDm4s4XrnUjC-/approval [33m400[0m 0.343 ms - 223[0m
[ error ] API request failed { code: [32m'invalid_request'[39m, statusCode: [33m400[39m }
[0mPOST /api/sync/9dedd528-a4cc-43cb-9360-6a668558b325/devices/device-2zJHDm4s4XrnUjC-/approval [33m400[0m 0.403 ms - 221[0m
[ error ] API request failed { code: [32m'invalid_request'[39m, statusCode: [33m400[39m }
[0mPOST /api/sync/9dedd528-a4cc-43cb-9360-6a668558b325/devices/device-2zJHDm4s4XrnUjC-/approval [33m400[0m 0.296 ms - 227[0m
[ error ] API request failed { code: [32m'invalid_request'[39m, statusCode: [33m400[39m }
[0mPOST /api/sync/9dedd528-a4cc-43cb-9360-6a668558b325/devices/device-2zJHDm4s4XrnUjC-/approval [33m400[0m 0.496 ms - 225[0m
[ error ] API request failed { code: [32m'invalid_request'[39m, statusCode: [33m400[39m }
[0mPOST /api/sync/9dedd528-a4cc-43cb-9360-6a668558b325/devices/device-2zJHDm4s4XrnUjC-/approval [33m400[0m 0.281 ms - 205[0m
[ error ] API request failed { code: [32m'invalid_request'[39m, statusCode: [33m400[39m }
[ error ] API request failed { code: [32m'invalid_request'[39m, statusCode: [33m400[39m }
[ error ] API request failed { code: [32m'invalid_request'[39m, statusCode: [33m400[39m }
[ error ] API request failed { code: [32m'invalid_request'[39m, statusCode: [33m400[39m }
[ error ] API request failed { code: [32m'device_lifecycle_rejected'[39m, statusCode: [33m409[39m }
[0mPOST /api/sync/9dedd528-a4cc-43cb-9360-6a668558b325/devices/device-2zJHDm4s4XrnUjC-/approval [33m409[0m 2.306 ms - 90[0m
[ error ] API request failed { code: [32m'device_lifecycle_rejected'[39m, statusCode: [33m409[39m }
[0mPOST /api/sync/9dedd528-a4cc-43cb-9360-6a668558b325/devices/device-2zJHDm4s4XrnUjC-/approval [33m409[0m 2.231 ms - 90[0m
[0mTRACE /api/sync/9dedd528-a4cc-43cb-9360-6a668558b325/devices/device-2zJHDm4s4XrnUjC-/enroll [33m405[0m 0.153 ms - 78[0m
[0mQUERY /api/sync/9dedd528-a4cc-43cb-9360-6a668558b325/devices/device-2zJHDm4s4XrnUjC-/enroll [33m405[0m 0.121 ms - 78[0m
[0mPUT /api/sync/9dedd528-a4cc-43cb-9360-6a668558b325/devices/device-2zJHDm4s4XrnUjC-/enroll [33m405[0m 0.103 ms - 78[0m
[0mPATCH /api/sync/9dedd528-a4cc-43cb-9360-6a668558b325/devices/device-2zJHDm4s4XrnUjC-/enroll [33m405[0m 0.136 ms - 78[0m
[0mOPTIONS /api/sync/9dedd528-a4cc-43cb-9360-6a668558b325/devices/device-2zJHDm4s4XrnUjC-/enroll [33m405[0m 0.135 ms - 78[0m
[0mGET /api/sync/9dedd528-a4cc-43cb-9360-6a668558b325/devices/device-2zJHDm4s4XrnUjC-/enroll [33m405[0m 0.141 ms - 78[0m
[0mDELETE /api/sync/9dedd528-a4cc-43cb-9360-6a668558b325/devices/device-2zJHDm4s4XrnUjC-/enroll [33m405[0m 0.134 ms - 78[0m
[ error ] API request failed { code: [32m'invalid_request'[39m, statusCode: [33m400[39m }
[0mPOST /api/sync/9dedd528-a4cc-43cb-9360-6a668558b325/devices/000000000000000000000000000000000000000000000000000000000000000000000000000000000000000000000000000000000000000000000000000000000000000000000000000000000000000000000000000000000000000000000000000000000/enroll [33m400[0m 0.432 ms - 245[0m
[ error ] API request failed { code: [32m'device_lifecycle_rejected'[39m, statusCode: [33m409[39m }
[0mPOST /api/sync/9dedd528-a4cc-43cb-9360-6a668558b325/devices/0000000000000000000000000000000000000000000000000000000000000000000000000000000000000000000000000000000000000000000000000000000000000000000000000000000000000000000000000000000000000000000000000000000/enroll [33m409[0m 2.680 ms - 70[0m
[ error ] API request failed { code: [32m'device_lifecycle_rejected'[39m, statusCode: [33m409[39m }
[0mPOST /api/sync/9dedd528-a4cc-43cb-9360-6a668558b325/devices/00000000000000000000000000000000000000000000000000000000000000000000000000000000000000000000000000000000000000000000000000000000000000000000000000000000000000000000000000000000000000000000000000000000/enroll [33m409[0m 2.326 ms - 70[0m
[ error ] API request failed { code: [32m'device_lifecycle_rejected'[39m, statusCode: [33m409[39m }
[0mPOST /api/sync/9dedd528-a4cc-43cb-9360-6a668558b325/devices/00/enroll [33m409[0m 2.447 ms - 70[0m
[ error ] API request failed { code: [32m'device_lifecycle_rejected'[39m, statusCode: [33m409[39m }
[0mPOST /api/sync/9dedd528-a4cc-43cb-9360-6a668558b325/devices/0/enroll [33m409[0m 3.545 ms - 70[0m
[ error ] API request failed { code: [32m'invalid_request'[39m, statusCode: [33m400[39m }
[0mPOST /api/sync/000000000000000000000000000000000000000000000000000000000000000000000000000000000000000000000000000000000000000000000000000000000000000000000000000000000000000000000000000000000000000000000000000000000/devices/device-2zJHDm4s4XrnUjC-/enroll [33m400[0m 0.525 ms - 248[0m
[ error ] API request failed { code: [32m'workspace_not_found'[39m, statusCode: [33m404[39m }
[0mPOST /api/sync/0000000000000000000000000000000000000000000000000000000000000000000000000000000000000000000000000000000000000000000000000000000000000000000000000000000000000000000000000000000000000000000000000000000/devices/device-2zJHDm4s4XrnUjC-/enroll [33m404[0m 2.916 ms - 76[0m
[ error ] API request failed { code: [32m'workspace_not_found'[39m, statusCode: [33m404[39m }
[0mPOST /api/sync/00000000000000000000000000000000000000000000000000000000000000000000000000000000000000000000000000000000000000000000000000000000000000000000000000000000000000000000000000000000000000000000000000000000/devices/device-2zJHDm4s4XrnUjC-/enroll [33m404[0m 3.398 ms - 76[0m
[ error ] API request failed { code: [32m'workspace_not_found'[39m, statusCode: [33m404[39m }
[0mPOST /api/sync/00/devices/device-2zJHDm4s4XrnUjC-/enroll [33m404[0m 3.197 ms - 76[0m
[ error ] API request failed { code: [32m'workspace_not_found'[39m, statusCode: [33m404[39m }
[0mPOST /api/sync/0/devices/device-2zJHDm4s4XrnUjC-/enroll [33m404[0m 1.525 ms - 76[0m
[ error ] API request failed { code: [32m'invalid_request'[39m, statusCode: [33m400[39m }
[0mPOST /api/sync/9dedd528-a4cc-43cb-9360-6a668558b325/devices/device-2zJHDm4s4XrnUjC-/enroll [33m400[0m 0.448 ms - 223[0m
[ error ] API request failed { code: [32m'invalid_request'[39m, statusCode: [33m400[39m }
[0mPOST /api/sync/9dedd528-a4cc-43cb-9360-6a668558b325/devices/device-2zJHDm4s4XrnUjC-/enroll [33m400[0m 0.519 ms - 231[0m
[ error ] API request failed { code: [32m'invalid_request'[39m, statusCode: [33m400[39m }
[0mPOST /api/sync/9dedd528-a4cc-43cb-9360-6a668558b325/devices/device-2zJHDm4s4XrnUjC-/enroll [33m400[0m 0.449 ms - 257[0m
[ error ] API request failed { code: [32m'invalid_request'[39m, statusCode: [33m400[39m }
[0mPOST /api/sync/9dedd528-a4cc-43cb-9360-6a668558b325/devices/device-2zJHDm4s4XrnUjC-/enroll [33m400[0m 0.524 ms - 233[0m
[ error ] API request failed { code: [32m'invalid_request'[39m, statusCode: [33m400[39m }
[0mPOST /api/sync/9dedd528-a4cc-43cb-9360-6a668558b325/devices/device-2zJHDm4s4XrnUjC-/enroll [33m400[0m 0.773 ms - 236[0m
[ error ] API request failed { code: [32m'invalid_request'[39m, statusCode: [33m400[39m }
[0mPOST /api/sync/9dedd528-a4cc-43cb-9360-6a668558b325/devices/device-2zJHDm4s4XrnUjC-/enroll [33m400[0m 1.067 ms - 231[0m
[ error ] API request failed { code: [32m'invalid_request'[39m, statusCode: [33m400[39m }
[0mPOST /api/sync/9dedd528-a4cc-43cb-9360-6a668558b325/devices/device-2zJHDm4s4XrnUjC-/enroll [33m400[0m 1.145 ms - 234[0m
[ error ] API request failed { code: [32m'invalid_request'[39m, statusCode: [33m400[39m }
[0mPOST /api/sync/9dedd528-a4cc-43cb-9360-6a668558b325/devices/device-2zJHDm4s4XrnUjC-/enroll [33m400[0m 0.898 ms - 240[0m
[ error ] API request failed { code: [32m'invalid_request'[39m, statusCode: [33m400[39m }
[0mPOST /api/sync/9dedd528-a4cc-43cb-9360-6a668558b325/devices/device-2zJHDm4s4XrnUjC-/enroll [33m400[0m 0.395 ms - 235[0m
[ error ] API request failed { code: [32m'invalid_request'[39m, statusCode: [33m400[39m }
[0mPOST /api/sync/9dedd528-a4cc-43cb-9360-6a668558b325/devices/device-2zJHDm4s4XrnUjC-/enroll [33m400[0m 0.398 ms - 234[0m
[ error ] API request failed { code: [32m'invalid_request'[39m, statusCode: [33m400[39m }
[0mPOST /api/sync/9dedd528-a4cc-43cb-9360-6a668558b325/devices/device-2zJHDm4s4XrnUjC-/enroll [33m400[0m 0.966 ms - 236[0m
[ error ] API request failed { code: [32m'invalid_request'[39m, statusCode: [33m400[39m }
[0mPOST /api/sync/9dedd528-a4cc-43cb-9360-6a668558b325/devices/device-2zJHDm4s4XrnUjC-/enroll [33m400[0m 0.405 ms - 237[0m
[ error ] API request failed { code: [32m'invalid_request'[39m, statusCode: [33m400[39m }
[0mPOST /api/sync/9dedd528-a4cc-43cb-9360-6a668558b325/devices/device-2zJHDm4s4XrnUjC-/enroll [33m400[0m 0.393 ms - 236[0m
[ error ] API request failed { code: [32m'invalid_request'[39m, statusCode: [33m400[39m }
[0mPOST /api/sync/9dedd528-a4cc-43cb-9360-6a668558b325/devices/device-2zJHDm4s4XrnUjC-/enroll [33m400[0m 0.396 ms - 279[0m
[ error ] API request failed { code: [32m'invalid_request'[39m, statusCode: [33m400[39m }
[0mPOST /api/sync/9dedd528-a4cc-43cb-9360-6a668558b325/devices/device-2zJHDm4s4XrnUjC-/enroll [33m400[0m 0.414 ms - 177[0m
[ error ] API request failed { code: [32m'invalid_request'[39m, statusCode: [33m400[39m }
[0mPOST /api/sync/9dedd528-a4cc-43cb-9360-6a668558b325/devices/device-2zJHDm4s4XrnUjC-/enroll [33m400[0m 0.639 ms - 258[0m
[ error ] API request failed { code: [32m'invalid_request'[39m, statusCode: [33m400[39m }
[0mPOST /api/sync/9dedd528-a4cc-43cb-9360-6a668558b325/devices/device-2zJHDm4s4XrnUjC-/enroll [33m400[0m 0.637 ms - 247[0m
[ error ] API request failed { code: [32m'invalid_request'[39m, statusCode: [33m400[39m }
[0mPOST /api/sync/9dedd528-a4cc-43cb-9360-6a668558b325/devices/device-2zJHDm4s4XrnUjC-/enroll [33m400[0m 0.602 ms - 255[0m
[ error ] API request failed { code: [32m'invalid_request'[39m, statusCode: [33m400[39m }
[0mPOST /api/sync/9dedd528-a4cc-43cb-9360-6a668558b325/devices/device-2zJHDm4s4XrnUjC-/enroll [33m400[0m 0.553 ms - 227[0m
[ error ] API request failed { code: [32m'invalid_request'[39m, statusCode: [33m400[39m }
[0mPOST /api/sync/9dedd528-a4cc-43cb-9360-6a668558b325/devices/device-2zJHDm4s4XrnUjC-/enroll [33m400[0m 0.372 ms - 225[0m
[ error ] API request failed { code: [32m'invalid_request'[39m, statusCode: [33m400[39m }
[0mPOST /api/sync/9dedd528-a4cc-43cb-9360-6a668558b325/devices/device-2zJHDm4s4XrnUjC-/enroll [33m400[0m 0.372 ms - 223[0m
[ error ] API request failed { code: [32m'invalid_request'[39m, statusCode: [33m400[39m }
[0mPOST /api/sync/9dedd528-a4cc-43cb-9360-6a668558b325/devices/device-2zJHDm4s4XrnUjC-/enroll [33m400[0m 0.425 ms - 229[0m
[ error ] API request failed { code: [32m'invalid_request'[39m, statusCode: [33m400[39m }
[0mPOST /api/sync/9dedd528-a4cc-43cb-9360-6a668558b325/devices/device-2zJHDm4s4XrnUjC-/enroll [33m400[0m 0.411 ms - 227[0m
[ error ] API request failed { code: [32m'invalid_request'[39m, statusCode: [33m400[39m }
[0mPOST /api/sync/9dedd528-a4cc-43cb-9360-6a668558b325/devices/device-2zJHDm4s4XrnUjC-/enroll [33m400[0m 0.401 ms - 250[0m
[ error ] API request failed { code: [32m'invalid_request'[39m, statusCode: [33m400[39m }
[0mPOST /api/sync/9dedd528-a4cc-43cb-9360-6a668558b325/devices/device-2zJHDm4s4XrnUjC-/enroll [33m400[0m 0.877 ms - 267[0m
[ error ] API request failed { code: [32m'invalid_request'[39m, statusCode: [33m400[39m }
[0mPOST /api/sync/9dedd528-a4cc-43cb-9360-6a668558b325/devices/device-2zJHDm4s4XrnUjC-/enroll [33m400[0m 0.589 ms - 258[0m
[ error ] API request failed { code: [32m'invalid_request'[39m, statusCode: [33m400[39m }
[0mPOST /api/sync/9dedd528-a4cc-43cb-9360-6a668558b325/devices/device-2zJHDm4s4XrnUjC-/enroll [33m400[0m 0.385 ms - 230[0m
[ error ] API request failed { code: [32m'invalid_request'[39m, statusCode: [33m400[39m }
[0mPOST /api/sync/9dedd528-a4cc-43cb-9360-6a668558b325/devices/device-2zJHDm4s4XrnUjC-/enroll [33m400[0m 0.432 ms - 228[0m
[ error ] API request failed { code: [32m'invalid_request'[39m, statusCode: [33m400[39m }
[0mPOST /api/sync/9dedd528-a4cc-43cb-9360-6a668558b325/devices/device-2zJHDm4s4XrnUjC-/enroll [33m400[0m 0.404 ms - 226[0m
[ error ] API request failed { code: [32m'invalid_request'[39m, statusCode: [33m400[39m }
[0mPOST /api/sync/9dedd528-a4cc-43cb-9360-6a668558b325/devices/device-2zJHDm4s4XrnUjC-/enroll [33m400[0m 0.401 ms - 232[0m
[ error ] API request failed { code: [32m'invalid_request'[39m, statusCode: [33m400[39m }
[0mPOST /api/sync/9dedd528-a4cc-43cb-9360-6a668558b325/devices/device-2zJHDm4s4XrnUjC-/enroll [33m400[0m 0.362 ms - 230[0m
[ error ] API request failed { code: [32m'invalid_request'[39m, statusCode: [33m400[39m }
[0mPOST /api/sync/9dedd528-a4cc-43cb-9360-6a668558b325/devices/device-2zJHDm4s4XrnUjC-/enroll [33m400[0m 0.538 ms - 245[0m
[ error ] API request failed { code: [32m'invalid_request'[39m, statusCode: [33m400[39m }
[0mPOST /api/sync/9dedd528-a4cc-43cb-9360-6a668558b325/devices/device-2zJHDm4s4XrnUjC-/enroll [33m400[0m 0.559 ms - 253[0m
[ error ] API request failed { code: [32m'invalid_request'[39m, statusCode: [33m400[39m }
[0mPOST /api/sync/9dedd528-a4cc-43cb-9360-6a668558b325/devices/device-2zJHDm4s4XrnUjC-/enroll [33m400[0m 0.381 ms - 225[0m
[ error ] API request failed { code: [32m'invalid_request'[39m, statusCode: [33m400[39m }
[0mPOST /api/sync/9dedd528-a4cc-43cb-9360-6a668558b325/devices/device-2zJHDm4s4XrnUjC-/enroll [33m400[0m 0.433 ms - 223[0m
[ error ] API request failed { code: [32m'invalid_request'[39m, statusCode: [33m400[39m }
[0mPOST /api/sync/9dedd528-a4cc-43cb-9360-6a668558b325/devices/device-2zJHDm4s4XrnUjC-/enroll [33m400[0m 0.333 ms - 221[0m
[ error ] API request failed { code: [32m'invalid_request'[39m, statusCode: [33m400[39m }
[0mPOST /api/sync/9dedd528-a4cc-43cb-9360-6a668558b325/devices/device-2zJHDm4s4XrnUjC-/enroll [33m400[0m 0.737 ms - 227[0m
[ error ] API request failed { code: [32m'invalid_request'[39m, statusCode: [33m400[39m }
[0mPOST /api/sync/9dedd528-a4cc-43cb-9360-6a668558b325/devices/device-2zJHDm4s4XrnUjC-/enroll [33m400[0m 0.355 ms - 225[0m
[ error ] API request failed { code: [32m'invalid_request'[39m, statusCode: [33m400[39m }
[0mPOST /api/sync/9dedd528-a4cc-43cb-9360-6a668558b325/devices/device-2zJHDm4s4XrnUjC-/enroll [33m400[0m 0.310 ms - 231[0m
[ error ] API request failed { code: [32m'invalid_request'[39m, statusCode: [33m400[39m }
[0mPOST /api/sync/9dedd528-a4cc-43cb-9360-6a668558b325/devices/device-2zJHDm4s4XrnUjC-/enroll [33m400[0m 0.353 ms - 229[0m
[ error ] API request failed { code: [32m'invalid_request'[39m, statusCode: [33m400[39m }
[0mPOST /api/sync/9dedd528-a4cc-43cb-9360-6a668558b325/devices/device-2zJHDm4s4XrnUjC-/enroll [33m400[0m 0.518 ms - 227[0m
[ error ] API request failed { code: [32m'invalid_request'[39m, statusCode: [33m400[39m }
[0mPOST /api/sync/9dedd528-a4cc-43cb-9360-6a668558b325/devices/device-2zJHDm4s4XrnUjC-/enroll [33m400[0m 0.538 ms - 233[0m
[ error ] API request failed { code: [32m'invalid_request'[39m, statusCode: [33m400[39m }
[0mPOST /api/sync/9dedd528-a4cc-43cb-9360-6a668558b325/devices/device-2zJHDm4s4XrnUjC-/enroll [33m400[0m 0.340 ms - 231[0m
[ error ] API request failed { code: [32m'invalid_request'[39m, statusCode: [33m400[39m }
[0mPOST /api/sync/9dedd528-a4cc-43cb-9360-6a668558b325/devices/device-2zJHDm4s4XrnUjC-/enroll [33m400[0m 0.310 ms - 226[0m
[ error ] API request failed { code: [32m'invalid_request'[39m, statusCode: [33m400[39m }
[0mPOST /api/sync/9dedd528-a4cc-43cb-9360-6a668558b325/devices/device-2zJHDm4s4XrnUjC-/enroll [33m400[0m 0.312 ms - 228[0m
[ error ] API request failed { code: [32m'invalid_request'[39m, statusCode: [33m400[39m }
[0mPOST /api/sync/9dedd528-a4cc-43cb-9360-6a668558b325/devices/device-2zJHDm4s4XrnUjC-/enroll [33m400[0m 0.361 ms - 224[0m
[ error ] API request failed { code: [32m'invalid_request'[39m, statusCode: [33m400[39m }
[0mPOST /api/sync/9dedd528-a4cc-43cb-9360-6a668558b325/devices/device-2zJHDm4s4XrnUjC-/enroll [33m400[0m 0.403 ms - 230[0m
[ error ] API request failed { code: [32m'invalid_request'[39m, statusCode: [33m400[39m }
[0mPOST /api/sync/9dedd528-a4cc-43cb-9360-6a668558b325/devices/device-2zJHDm4s4XrnUjC-/enroll [33m400[0m 0.338 ms - 228[0m
[ error ] API request failed { code: [32m'invalid_request'[39m, statusCode: [33m400[39m }
[0mPOST /api/sync/9dedd528-a4cc-43cb-9360-6a668558b325/devices/device-2zJHDm4s4XrnUjC-/enroll [33m400[0m 0.384 ms - 237[0m
[ error ] API request failed { code: [32m'invalid_request'[39m, statusCode: [33m400[39m }
[0mPOST /api/sync/9dedd528-a4cc-43cb-9360-6a668558b325/devices/device-2zJHDm4s4XrnUjC-/enroll [33m400[0m 0.391 ms - 235[0m
[ error ] API request failed { code: [32m'invalid_request'[39m, statusCode: [33m400[39m }
[0mPOST /api/sync/9dedd528-a4cc-43cb-9360-6a668558b325/devices/device-2zJHDm4s4XrnUjC-/enroll [33m400[0m 0.474 ms - 233[0m
[ error ] API request failed { code: [32m'invalid_request'[39m, statusCode: [33m400[39m }
[0mPOST /api/sync/9dedd528-a4cc-43cb-9360-6a668558b325/devices/device-2zJHDm4s4XrnUjC-/enroll [33m400[0m 0.453 ms - 239[0m
[ error ] API request failed { code: [32m'invalid_request'[39m, statusCode: [33m400[39m }
[0mPOST /api/sync/9dedd528-a4cc-43cb-9360-6a668558b325/devices/device-2zJHDm4s4XrnUjC-/enroll [33m400[0m 0.365 ms - 237[0m
[ error ] API request failed { code: [32m'invalid_request'[39m, statusCode: [33m400[39m }
[0mPOST /api/sync/9dedd528-a4cc-43cb-9360-6a668558b325/devices/device-2zJHDm4s4XrnUjC-/enroll [33m400[0m 0.499 ms - 232[0m
[ error ] API request failed { code: [32m'invalid_request'[39m, statusCode: [33m400[39m }
[0mPOST /api/sync/9dedd528-a4cc-43cb-9360-6a668558b325/devices/device-2zJHDm4s4XrnUjC-/enroll [33m400[0m 0.408 ms - 234[0m
[ error ] API request failed { code: [32m'invalid_request'[39m, statusCode: [33m400[39m }
[0mPOST /api/sync/9dedd528-a4cc-43cb-9360-6a668558b325/devices/device-2zJHDm4s4XrnUjC-/enroll [33m400[0m 0.633 ms - 230[0m
[ error ] API request failed { code: [32m'invalid_request'[39m, statusCode: [33m400[39m }
[0mPOST /api/sync/9dedd528-a4cc-43cb-9360-6a668558b325/devices/device-2zJHDm4s4XrnUjC-/enroll [33m400[0m 0.401 ms - 236[0m
[ error ] API request failed { code: [32m'invalid_request'[39m, statusCode: [33m400[39m }
[0mPOST /api/sync/9dedd528-a4cc-43cb-9360-6a668558b325/devices/device-2zJHDm4s4XrnUjC-/enroll [33m400[0m 0.366 ms - 234[0m
[ error ] API request failed { code: [32m'invalid_request'[39m, statusCode: [33m400[39m }
[0mPOST /api/sync/9dedd528-a4cc-43cb-9360-6a668558b325/devices/device-2zJHDm4s4XrnUjC-/enroll [33m400[0m 0.395 ms - 478[0m
[ error ] API request failed { code: [32m'invalid_request'[39m, statusCode: [33m400[39m }
[0mPOST /api/sync/9dedd528-a4cc-43cb-9360-6a668558b325/devices/device-2zJHDm4s4XrnUjC-/enroll [33m400[0m 0.354 ms - 478[0m
[ error ] API request failed { code: [32m'invalid_request'[39m, statusCode: [33m400[39m }
[0mPOST /api/sync/9dedd528-a4cc-43cb-9360-6a668558b325/devices/device-2zJHDm4s4XrnUjC-/enroll [33m400[0m 0.398 ms - 229[0m
[ error ] API request failed { code: [32m'invalid_request'[39m, statusCode: [33m400[39m }
[0mPOST /api/sync/9dedd528-a4cc-43cb-9360-6a668558b325/devices/device-2zJHDm4s4XrnUjC-/enroll [33m400[0m 0.904 ms - 227[0m
[ error ] API request failed { code: [32m'invalid_request'[39m, statusCode: [33m400[39m }
[0mPOST /api/sync/9dedd528-a4cc-43cb-9360-6a668558b325/devices/device-2zJHDm4s4XrnUjC-/enroll [33m400[0m 0.658 ms - 225[0m
[ error ] API request failed { code: [32m'invalid_request'[39m, statusCode: [33m400[39m }
[0mPOST /api/sync/9dedd528-a4cc-43cb-9360-6a668558b325/devices/device-2zJHDm4s4XrnUjC-/enroll [33m400[0m 0.345 ms - 231[0m
[ error ] API request failed { code: [32m'invalid_request'[39m, statusCode: [33m400[39m }
[0mPOST /api/sync/9dedd528-a4cc-43cb-9360-6a668558b325/devices/device-2zJHDm4s4XrnUjC-/enroll [33m400[0m 0.465 ms - 229[0m
[ error ] API request failed { code: [32m'invalid_request'[39m, statusCode: [33m400[39m }
[0mPOST /api/sync/9dedd528-a4cc-43cb-9360-6a668558b325/devices/device-2zJHDm4s4XrnUjC-/enroll [33m400[0m 0.382 ms - 317[0m
[ error ] API request failed { code: [32m'invalid_request'[39m, statusCode: [33m400[39m }
[0mPOST /api/sync/9dedd528-a4cc-43cb-9360-6a668558b325/devices/device-2zJHDm4s4XrnUjC-/enroll [33m400[0m 0.424 ms - 229[0m
[ error ] API request failed { code: [32m'invalid_request'[39m, statusCode: [33m400[39m }
[0mPOST /api/sync/9dedd528-a4cc-43cb-9360-6a668558b325/devices/device-2zJHDm4s4XrnUjC-/enroll [33m400[0m 0.356 ms - 228[0m
[ error ] API request failed { code: [32m'invalid_request'[39m, statusCode: [33m400[39m }
[0mPOST /api/sync/9dedd528-a4cc-43cb-9360-6a668558b325/devices/device-2zJHDm4s4XrnUjC-/enroll [33m400[0m 0.515 ms - 226[0m
[ error ] API request failed { code: [32m'invalid_request'[39m, statusCode: [33m400[39m }
[0mPOST /api/sync/9dedd528-a4cc-43cb-9360-6a668558b325/devices/device-2zJHDm4s4XrnUjC-/enroll [33m400[0m 0.958 ms - 228[0m
[ error ] API request failed { code: [32m'invalid_request'[39m, statusCode: [33m400[39m }
[0mPOST /api/sync/9dedd528-a4cc-43cb-9360-6a668558b325/devices/device-2zJHDm4s4XrnUjC-/enroll [33m400[0m 0.451 ms - 224[0m
[ error ] API request failed { code: [32m'invalid_request'[39m, statusCode: [33m400[39m }
[0mPOST /api/sync/9dedd528-a4cc-43cb-9360-6a668558b325/devices/device-2zJHDm4s4XrnUjC-/enroll [33m400[0m 0.821 ms - 230[0m
[ error ] API request failed { code: [32m'invalid_request'[39m, statusCode: [33m400[39m }
[0mPOST /api/sync/9dedd528-a4cc-43cb-9360-6a668558b325/devices/device-2zJHDm4s4XrnUjC-/enroll [33m400[0m 1.167 ms - 238[0m
[ error ] API request failed { code: [32m'invalid_request'[39m, statusCode: [33m400[39m }
[0mPOST /api/sync/9dedd528-a4cc-43cb-9360-6a668558b325/devices/device-2zJHDm4s4XrnUjC-/enroll [33m400[0m 0.453 ms - 258[0m
[ error ] API request failed { code: [32m'invalid_request'[39m, statusCode: [33m400[39m }
[0mPOST /api/sync/9dedd528-a4cc-43cb-9360-6a668558b325/devices/device-2zJHDm4s4XrnUjC-/enroll [33m400[0m 0.391 ms - 230[0m
[ error ] API request failed { code: [32m'invalid_request'[39m, statusCode: [33m400[39m }
[0mPOST /api/sync/9dedd528-a4cc-43cb-9360-6a668558b325/devices/device-2zJHDm4s4XrnUjC-/enroll [33m400[0m 0.630 ms - 228[0m
[ error ] API request failed { code: [32m'invalid_request'[39m, statusCode: [33m400[39m }
[0mPOST /api/sync/9dedd528-a4cc-43cb-9360-6a668558b325/devices/device-2zJHDm4s4XrnUjC-/enroll [33m400[0m 0.427 ms - 226[0m
[ error ] API request failed { code: [32m'invalid_request'[39m, statusCode: [33m400[39m }
[0mPOST /api/sync/9dedd528-a4cc-43cb-9360-6a668558b325/devices/device-2zJHDm4s4XrnUjC-/enroll [33m400[0m 0.394 ms - 232[0m
[ error ] API request failed { code: [32m'invalid_request'[39m, statusCode: [33m400[39m }
[0mPOST /api/sync/9dedd528-a4cc-43cb-9360-6a668558b325/devices/device-2zJHDm4s4XrnUjC-/enroll [33m400[0m 0.702 ms - 230[0m
[ error ] API request failed { code: [32m'invalid_request'[39m, statusCode: [33m400[39m }
[0mPOST /api/sync/9dedd528-a4cc-43cb-9360-6a668558b325/devices/device-2zJHDm4s4XrnUjC-/enroll [33m400[0m 0.487 ms - 259[0m
[ error ] API request failed { code: [32m'invalid_request'[39m, statusCode: [33m400[39m }
[0mPOST /api/sync/9dedd528-a4cc-43cb-9360-6a668558b325/devices/device-2zJHDm4s4XrnUjC-/enroll [33m400[0m 0.530 ms - 231[0m
[ error ] API request failed { code: [32m'invalid_request'[39m, statusCode: [33m400[39m }
[0mPOST /api/sync/9dedd528-a4cc-43cb-9360-6a668558b325/devices/device-2zJHDm4s4XrnUjC-/enroll [33m400[0m 0.438 ms - 229[0m
[ error ] API request failed { code: [32m'invalid_request'[39m, statusCode: [33m400[39m }
[0mPOST /api/sync/9dedd528-a4cc-43cb-9360-6a668558b325/devices/device-2zJHDm4s4XrnUjC-/enroll [33m400[0m 0.342 ms - 227[0m
[ error ] API request failed { code: [32m'invalid_request'[39m, statusCode: [33m400[39m }
[0mPOST /api/sync/9dedd528-a4cc-43cb-9360-6a668558b325/devices/device-2zJHDm4s4XrnUjC-/enroll [33m400[0m 0.352 ms - 233[0m
[ error ] API request failed { code: [32m'invalid_request'[39m, statusCode: [33m400[39m }
[0mPOST /api/sync/9dedd528-a4cc-43cb-9360-6a668558b325/devices/device-2zJHDm4s4XrnUjC-/enroll [33m400[0m 0.342 ms - 231[0m
[ error ] API request failed { code: [32m'invalid_request'[39m, statusCode: [33m400[39m }
[0mPOST /api/sync/9dedd528-a4cc-43cb-9360-6a668558b325/devices/device-2zJHDm4s4XrnUjC-/enroll [33m400[0m 0.602 ms - 258[0m
[ error ] API request failed { code: [32m'invalid_request'[39m, statusCode: [33m400[39m }
[0mPOST /api/sync/9dedd528-a4cc-43cb-9360-6a668558b325/devices/device-2zJHDm4s4XrnUjC-/enroll [33m400[0m 0.533 ms - 230[0m
[ error ] API request failed { code: [32m'invalid_request'[39m, statusCode: [33m400[39m }
[0mPOST /api/sync/9dedd528-a4cc-43cb-9360-6a668558b325/devices/device-2zJHDm4s4XrnUjC-/enroll [33m400[0m 0.384 ms - 228[0m
[ error ] API request failed { code: [32m'invalid_request'[39m, statusCode: [33m400[39m }
[0mPOST /api/sync/9dedd528-a4cc-43cb-9360-6a668558b325/devices/device-2zJHDm4s4XrnUjC-/enroll [33m400[0m 0.582 ms - 226[0m
[ error ] API request failed { code: [32m'invalid_request'[39m, statusCode: [33m400[39m }
[0mPOST /api/sync/9dedd528-a4cc-43cb-9360-6a668558b325/devices/device-2zJHDm4s4XrnUjC-/enroll [33m400[0m 0.604 ms - 232[0m
[ error ] API request failed { code: [32m'invalid_request'[39m, statusCode: [33m400[39m }
[0mPOST /api/sync/9dedd528-a4cc-43cb-9360-6a668558b325/devices/device-2zJHDm4s4XrnUjC-/enroll [33m400[0m 0.559 ms - 230[0m
[ error ] API request failed { code: [32m'invalid_request'[39m, statusCode: [33m400[39m }
[0mPOST /api/sync/9dedd528-a4cc-43cb-9360-6a668558b325/devices/device-2zJHDm4s4XrnUjC-/enroll [33m400[0m 0.690 ms - 279[0m
[ error ] API request failed { code: [32m'invalid_request'[39m, statusCode: [33m400[39m }
[0mPOST /api/sync/9dedd528-a4cc-43cb-9360-6a668558b325/devices/device-2zJHDm4s4XrnUjC-/enroll [33m400[0m 0.775 ms - 279[0m
[ error ] API request failed { code: [32m'invalid_request'[39m, statusCode: [33m400[39m }
[0mPOST /api/sync/9dedd528-a4cc-43cb-9360-6a668558b325/devices/device-2zJHDm4s4XrnUjC-/enroll [33m400[0m 0.389 ms - 279[0m
[ error ] API request failed { code: [32m'invalid_request'[39m, statusCode: [33m400[39m }
[0mPOST /api/sync/9dedd528-a4cc-43cb-9360-6a668558b325/devices/device-2zJHDm4s4XrnUjC-/enroll [33m400[0m 0.627 ms - 279[0m
[ error ] API request failed { code: [32m'invalid_request'[39m, statusCode: [33m400[39m }
[0mPOST /api/sync/9dedd528-a4cc-43cb-9360-6a668558b325/devices/device-2zJHDm4s4XrnUjC-/enroll [33m400[0m 0.509 ms - 279[0m
[ error ] API request failed { code: [32m'invalid_request'[39m, statusCode: [33m400[39m }
[0mPOST /api/sync/9dedd528-a4cc-43cb-9360-6a668558b325/devices/device-2zJHDm4s4XrnUjC-/enroll [33m400[0m 0.581 ms - 279[0m
[ error ] API request failed { code: [32m'invalid_request'[39m, statusCode: [33m400[39m }
[0mPOST /api/sync/9dedd528-a4cc-43cb-9360-6a668558b325/devices/device-2zJHDm4s4XrnUjC-/enroll [33m400[0m 0.871 ms - 177[0m
[ error ] API request failed { code: [32m'invalid_request'[39m, statusCode: [33m400[39m }
[0mPOST /api/sync/9dedd528-a4cc-43cb-9360-6a668558b325/devices/device-2zJHDm4s4XrnUjC-/enroll [33m400[0m 0.842 ms - 177[0m
[ error ] API request failed { code: [32m'invalid_request'[39m, statusCode: [33m400[39m }
[0mPOST /api/sync/9dedd528-a4cc-43cb-9360-6a668558b325/devices/device-2zJHDm4s4XrnUjC-/enroll [33m400[0m 0.592 ms - 177[0m
[ error ] API request failed { code: [32m'invalid_request'[39m, statusCode: [33m400[39m }
[0mPOST /api/sync/9dedd528-a4cc-43cb-9360-6a668558b325/devices/device-2zJHDm4s4XrnUjC-/enroll [33m400[0m 0.462 ms - 177[0m
[ error ] API request failed { code: [32m'invalid_request'[39m, statusCode: [33m400[39m }
[0mPOST /api/sync/9dedd528-a4cc-43cb-9360-6a668558b325/devices/device-2zJHDm4s4XrnUjC-/enroll [33m400[0m 0.345 ms - 177[0m
[ error ] API request failed { code: [32m'invalid_request'[39m, statusCode: [33m400[39m }
[0mPOST /api/sync/9dedd528-a4cc-43cb-9360-6a668558b325/devices/device-2zJHDm4s4XrnUjC-/enroll [33m400[0m 0.325 ms - 177[0m
[ error ] API request failed { code: [32m'invalid_request'[39m, statusCode: [33m400[39m }
[0mPOST /api/sync/9dedd528-a4cc-43cb-9360-6a668558b325/devices/device-2zJHDm4s4XrnUjC-/enroll [33m400[0m 0.418 ms - 258[0m
[ error ] API request failed { code: [32m'invalid_request'[39m, statusCode: [33m400[39m }
[0mPOST /api/sync/9dedd528-a4cc-43cb-9360-6a668558b325/devices/device-2zJHDm4s4XrnUjC-/enroll [33m400[0m 0.478 ms - 258[0m
[ error ] API request failed { code: [32m'invalid_request'[39m, statusCode: [33m400[39m }
[0mPOST /api/sync/9dedd528-a4cc-43cb-9360-6a668558b325/devices/device-2zJHDm4s4XrnUjC-/enroll [33m400[0m 0.425 ms - 258[0m
[ error ] API request failed { code: [32m'invalid_request'[39m, statusCode: [33m400[39m }
[0mPOST /api/sync/9dedd528-a4cc-43cb-9360-6a668558b325/devices/device-2zJHDm4s4XrnUjC-/enroll [33m400[0m 0.351 ms - 258[0m
[ error ] API request failed { code: [32m'invalid_request'[39m, statusCode: [33m400[39m }
[0mPOST /api/sync/9dedd528-a4cc-43cb-9360-6a668558b325/devices/device-2zJHDm4s4XrnUjC-/enroll [33m400[0m 0.367 ms - 258[0m
[ error ] API request failed { code: [32m'invalid_request'[39m, statusCode: [33m400[39m }
[0mPOST /api/sync/9dedd528-a4cc-43cb-9360-6a668558b325/devices/device-2zJHDm4s4XrnUjC-/enroll [33m400[0m 0.552 ms - 258[0m
[ error ] API request failed { code: [32m'invalid_request'[39m, statusCode: [33m400[39m }
[0mPOST /api/sync/9dedd528-a4cc-43cb-9360-6a668558b325/devices/device-2zJHDm4s4XrnUjC-/enroll [33m400[0m 0.661 ms - 215[0m
[ error ] API request failed { code: [32m'invalid_request'[39m, statusCode: [33m400[39m }
[0mPOST /api/sync/9dedd528-a4cc-43cb-9360-6a668558b325/devices/device-2zJHDm4s4XrnUjC-/enroll [33m400[0m 0.705 ms - 217[0m
[ error ] API request failed { code: [32m'invalid_request'[39m, statusCode: [33m400[39m }
[0mPOST /api/sync/9dedd528-a4cc-43cb-9360-6a668558b325/devices/device-2zJHDm4s4XrnUjC-/enroll [33m400[0m 0.685 ms - 213[0m
[ error ] API request failed { code: [32m'invalid_request'[39m, statusCode: [33m400[39m }
[0mPOST /api/sync/9dedd528-a4cc-43cb-9360-6a668558b325/devices/device-2zJHDm4s4XrnUjC-/enroll [33m400[0m 0.332 ms - 219[0m
[ error ] API request failed { code: [32m'invalid_request'[39m, statusCode: [33m400[39m }
[0mPOST /api/sync/9dedd528-a4cc-43cb-9360-6a668558b325/devices/device-2zJHDm4s4XrnUjC-/enroll [33m400[0m 0.307 ms - 217[0m
[ error ] API request failed { code: [32m'invalid_request'[39m, statusCode: [33m400[39m }
[0mPOST /api/sync/9dedd528-a4cc-43cb-9360-6a668558b325/devices/device-2zJHDm4s4XrnUjC-/enroll [33m400[0m 0.321 ms - 253[0m
[ error ] API request failed { code: [32m'invalid_request'[39m, statusCode: [33m400[39m }
[0mPOST /api/sync/9dedd528-a4cc-43cb-9360-6a668558b325/devices/device-2zJHDm4s4XrnUjC-/enroll [33m400[0m 0.400 ms - 225[0m
[ error ] API request failed { code: [32m'invalid_request'[39m, statusCode: [33m400[39m }
[0mPOST /api/sync/9dedd528-a4cc-43cb-9360-6a668558b325/devices/device-2zJHDm4s4XrnUjC-/enroll [33m400[0m 0.347 ms - 223[0m
[ error ] API request failed { code: [32m'invalid_request'[39m, statusCode: [33m400[39m }
[0mPOST /api/sync/9dedd528-a4cc-43cb-9360-6a668558b325/devices/device-2zJHDm4s4XrnUjC-/enroll [33m400[0m 0.411 ms - 221[0m
[ error ] API request failed { code: [32m'invalid_request'[39m, statusCode: [33m400[39m }
[0mPOST /api/sync/9dedd528-a4cc-43cb-9360-6a668558b325/devices/device-2zJHDm4s4XrnUjC-/enroll [33m400[0m 0.464 ms - 227[0m
[ error ] API request failed { code: [32m'invalid_request'[39m, statusCode: [33m400[39m }
[0mPOST /api/sync/9dedd528-a4cc-43cb-9360-6a668558b325/devices/device-2zJHDm4s4XrnUjC-/enroll [33m400[0m 0.346 ms - 225[0m
[ error ] API request failed { code: [32m'invalid_request'[39m, statusCode: [33m400[39m }
[0mPOST /api/sync/9dedd528-a4cc-43cb-9360-6a668558b325/devices/device-2zJHDm4s4XrnUjC-/enroll [33m400[0m 0.514 ms - 205[0m
[ error ] API request failed { code: [32m'invalid_request'[39m, statusCode: [33m400[39m }
[ error ] API request failed { code: [32m'invalid_request'[39m, statusCode: [33m400[39m }
[ error ] API request failed { code: [32m'invalid_request'[39m, statusCode: [33m400[39m }
[ error ] API request failed { code: [32m'invalid_request'[39m, statusCode: [33m400[39m }
[ error ] API request failed { code: [32m'device_lifecycle_rejected'[39m, statusCode: [33m409[39m }
[0mPOST /api/sync/9dedd528-a4cc-43cb-9360-6a668558b325/devices/device-2zJHDm4s4XrnUjC-/enroll [33m409[0m 2.533 ms - 92[0m
[ error ] API request failed { code: [32m'device_lifecycle_rejected'[39m, statusCode: [33m409[39m }
[0mPOST /api/sync/9dedd528-a4cc-43cb-9360-6a668558b325/devices/device-2zJHDm4s4XrnUjC-/enroll [33m409[0m 2.352 ms - 92[0m
[ error ] API request failed { code: [32m'device_lifecycle_rejected'[39m, statusCode: [33m409[39m }
[0mPOST /api/sync/9dedd528-a4cc-43cb-9360-6a668558b325/devices/device-2zJHDm4s4XrnUjC-/enroll [33m409[0m 2.725 ms - 92[0m
[ error ] API request failed { code: [32m'device_lifecycle_rejected'[39m, statusCode: [33m409[39m }
[0mPOST /api/sync/9dedd528-a4cc-43cb-9360-6a668558b325/devices/device-2zJHDm4s4XrnUjC-/enroll [33m409[0m 4.564 ms - 92[0m
[ error ] API request failed { code: [32m'device_lifecycle_rejected'[39m, statusCode: [33m409[39m }
[0mPOST /api/sync/9dedd528-a4cc-43cb-9360-6a668558b325/devices/device-2zJHDm4s4XrnUjC-/enroll [33m409[0m 5.148 ms - 92[0m
[ error ] API request failed { code: [32m'device_lifecycle_rejected'[39m, statusCode: [33m409[39m }
[0mPOST /api/sync/9dedd528-a4cc-43cb-9360-6a668558b325/devices/device-2zJHDm4s4XrnUjC-/enroll [33m409[0m 5.598 ms - 92[0m
[ error ] API request failed { code: [32m'device_lifecycle_rejected'[39m, statusCode: [33m409[39m }
[0mPOST /api/sync/9dedd528-a4cc-43cb-9360-6a668558b325/devices/device-2zJHDm4s4XrnUjC-/enroll [33m409[0m 4.892 ms - 92[0m
[ error ] API request failed { code: [32m'device_lifecycle_rejected'[39m, statusCode: [33m409[39m }
[0mPOST /api/sync/9dedd528-a4cc-43cb-9360-6a668558b325/devices/device-2zJHDm4s4XrnUjC-/enroll [33m409[0m 5.869 ms - 92[0m
[ error ] API request failed { code: [32m'device_lifecycle_rejected'[39m, statusCode: [33m409[39m }
[0mPOST /api/sync/9dedd528-a4cc-43cb-9360-6a668558b325/devices/device-2zJHDm4s4XrnUjC-/enroll [33m409[0m 6.958 ms - 92[0m
[ error ] API request failed { code: [32m'device_lifecycle_rejected'[39m, statusCode: [33m409[39m }
[0mPOST /api/sync/9dedd528-a4cc-43cb-9360-6a668558b325/devices/device-2zJHDm4s4XrnUjC-/enroll [33m409[0m 5.732 ms - 92[0m
[ error ] API request failed { code: [32m'device_lifecycle_rejected'[39m, statusCode: [33m409[39m }
[0mPOST /api/sync/9dedd528-a4cc-43cb-9360-6a668558b325/devices/device-2zJHDm4s4XrnUjC-/enroll [33m409[0m 10.028 ms - 92[0m
[ error ] API request failed { code: [32m'device_lifecycle_rejected'[39m, statusCode: [33m409[39m }
[0mPOST /api/sync/9dedd528-a4cc-43cb-9360-6a668558b325/devices/device-2zJHDm4s4XrnUjC-/enroll [33m409[0m 5.807 ms - 92[0m
[ error ] API request failed { code: [32m'device_lifecycle_rejected'[39m, statusCode: [33m409[39m }
[0mPOST /api/sync/9dedd528-a4cc-43cb-9360-6a668558b325/devices/device-2zJHDm4s4XrnUjC-/enroll [33m409[0m 6.501 ms - 92[0m
[ error ] API request failed { code: [32m'device_lifecycle_rejected'[39m, statusCode: [33m409[39m }
[0mPOST /api/sync/9dedd528-a4cc-43cb-9360-6a668558b325/devices/device-2zJHDm4s4XrnUjC-/enroll [33m409[0m 6.346 ms - 92[0m
[ error ] API request failed { code: [32m'device_lifecycle_rejected'[39m, statusCode: [33m409[39m }
[0mPOST /api/sync/9dedd528-a4cc-43cb-9360-6a668558b325/devices/device-2zJHDm4s4XrnUjC-/enroll [33m409[0m 5.831 ms - 92[0m
[ error ] API request failed { code: [32m'device_lifecycle_rejected'[39m, statusCode: [33m409[39m }
[0mPOST /api/sync/9dedd528-a4cc-43cb-9360-6a668558b325/devices/device-2zJHDm4s4XrnUjC-/enroll [33m409[0m 4.839 ms - 92[0m
[ error ] API request failed { code: [32m'device_lifecycle_rejected'[39m, statusCode: [33m409[39m }
[0mPOST /api/sync/9dedd528-a4cc-43cb-9360-6a668558b325/devices/device-2zJHDm4s4XrnUjC-/enroll [33m409[0m 5.845 ms - 92[0m
[ error ] API request failed { code: [32m'device_lifecycle_rejected'[39m, statusCode: [33m409[39m }
[0mPOST /api/sync/9dedd528-a4cc-43cb-9360-6a668558b325/devices/device-2zJHDm4s4XrnUjC-/enroll [33m409[0m 4.365 ms - 92[0m
[ error ] API request failed { code: [32m'device_lifecycle_rejected'[39m, statusCode: [33m409[39m }
[0mPOST /api/sync/9dedd528-a4cc-43cb-9360-6a668558b325/devices/device-2zJHDm4s4XrnUjC-/enroll [33m409[0m 4.956 ms - 70[0m
[ error ] API request failed { code: [32m'device_lifecycle_rejected'[39m, statusCode: [33m409[39m }
[0mPOST /api/sync/9dedd528-a4cc-43cb-9360-6a668558b325/devices/device-2zJHDm4s4XrnUjC-/enroll [33m409[0m 4.707 ms - 70[0m
[ error ] API request failed { code: [32m'device_lifecycle_rejected'[39m, statusCode: [33m409[39m }
[0mPOST /api/sync/9dedd528-a4cc-43cb-9360-6a668558b325/devices/device-2zJHDm4s4XrnUjC-/enroll [33m409[0m 4.331 ms - 92[0m
[0mTRACE /api/sync/9dedd528-a4cc-43cb-9360-6a668558b325/devices/device-2zJHDm4s4XrnUjC-/revoke [33m405[0m 0.261 ms - 78[0m
[0mQUERY /api/sync/9dedd528-a4cc-43cb-9360-6a668558b325/devices/device-2zJHDm4s4XrnUjC-/revoke [33m405[0m 0.166 ms - 78[0m
[0mPUT /api/sync/9dedd528-a4cc-43cb-9360-6a668558b325/devices/device-2zJHDm4s4XrnUjC-/revoke [33m405[0m 0.194 ms - 78[0m
[0mPATCH /api/sync/9dedd528-a4cc-43cb-9360-6a668558b325/devices/device-2zJHDm4s4XrnUjC-/revoke [33m405[0m 0.160 ms - 78[0m
[0mOPTIONS /api/sync/9dedd528-a4cc-43cb-9360-6a668558b325/devices/device-2zJHDm4s4XrnUjC-/revoke [33m405[0m 0.137 ms - 78[0m
[0mGET /api/sync/9dedd528-a4cc-43cb-9360-6a668558b325/devices/device-2zJHDm4s4XrnUjC-/revoke [33m405[0m 0.126 ms - 78[0m
[0mDELETE /api/sync/9dedd528-a4cc-43cb-9360-6a668558b325/devices/device-2zJHDm4s4XrnUjC-/revoke [33m405[0m 0.106 ms - 78[0m
[ error ] API request failed { code: [32m'invalid_request'[39m, statusCode: [33m400[39m }
[0mPOST /api/sync/9dedd528-a4cc-43cb-9360-6a668558b325/devices/000000000000000000000000000000000000000000000000000000000000000000000000000000000000000000000000000000000000000000000000000000000000000000000000000000000000000000000000000000000000000000000000000000000/revoke [33m400[0m 0.325 ms - 245[0m
[ error ] API request failed { code: [32m'device_lifecycle_rejected'[39m, statusCode: [33m409[39m }
[0mPOST /api/sync/9dedd528-a4cc-43cb-9360-6a668558b325/devices/0000000000000000000000000000000000000000000000000000000000000000000000000000000000000000000000000000000000000000000000000000000000000000000000000000000000000000000000000000000000000000000000000000000/revoke [33m409[0m 2.346 ms - 70[0m
[ error ] API request failed { code: [32m'device_lifecycle_rejected'[39m, statusCode: [33m409[39m }
[0mPOST /api/sync/9dedd528-a4cc-43cb-9360-6a668558b325/devices/00000000000000000000000000000000000000000000000000000000000000000000000000000000000000000000000000000000000000000000000000000000000000000000000000000000000000000000000000000000000000000000000000000000/revoke [33m409[0m 2.416 ms - 70[0m
[ error ] API request failed { code: [32m'device_lifecycle_rejected'[39m, statusCode: [33m409[39m }
[0mPOST /api/sync/9dedd528-a4cc-43cb-9360-6a668558b325/devices/00/revoke [33m409[0m 2.550 ms - 70[0m
[ error ] API request failed { code: [32m'device_lifecycle_rejected'[39m, statusCode: [33m409[39m }
[0mPOST /api/sync/9dedd528-a4cc-43cb-9360-6a668558b325/devices/0/revoke [33m409[0m 2.590 ms - 70[0m
[ error ] API request failed { code: [32m'invalid_request'[39m, statusCode: [33m400[39m }
[0mPOST /api/sync/000000000000000000000000000000000000000000000000000000000000000000000000000000000000000000000000000000000000000000000000000000000000000000000000000000000000000000000000000000000000000000000000000000000/devices/device-2zJHDm4s4XrnUjC-/revoke [33m400[0m 0.416 ms - 248[0m
[ error ] API request failed { code: [32m'workspace_not_found'[39m, statusCode: [33m404[39m }
[0mPOST /api/sync/0000000000000000000000000000000000000000000000000000000000000000000000000000000000000000000000000000000000000000000000000000000000000000000000000000000000000000000000000000000000000000000000000000000/devices/device-2zJHDm4s4XrnUjC-/revoke [33m404[0m 1.632 ms - 76[0m
[ error ] API request failed { code: [32m'workspace_not_found'[39m, statusCode: [33m404[39m }
[0mPOST /api/sync/00000000000000000000000000000000000000000000000000000000000000000000000000000000000000000000000000000000000000000000000000000000000000000000000000000000000000000000000000000000000000000000000000000000/devices/device-2zJHDm4s4XrnUjC-/revoke [33m404[0m 1.457 ms - 76[0m
[ error ] API request failed { code: [32m'workspace_not_found'[39m, statusCode: [33m404[39m }
[0mPOST /api/sync/00/devices/device-2zJHDm4s4XrnUjC-/revoke [33m404[0m 1.421 ms - 76[0m
[ error ] API request failed { code: [32m'workspace_not_found'[39m, statusCode: [33m404[39m }
[0mPOST /api/sync/0/devices/device-2zJHDm4s4XrnUjC-/revoke [33m404[0m 2.741 ms - 76[0m
[0mPOST /api/sync/9dedd528-a4cc-43cb-9360-6a668558b325/devices/device-2zJHDm4s4XrnUjC-/revoke [32m200[0m 2.712 ms - 94[0m
[0mTRACE /api/sync/9dedd528-a4cc-43cb-9360-6a668558b325/envelopes [33m405[0m 0.130 ms - 78[0m
[0mQUERY /api/sync/9dedd528-a4cc-43cb-9360-6a668558b325/envelopes [33m405[0m 0.110 ms - 78[0m
[0mPUT /api/sync/9dedd528-a4cc-43cb-9360-6a668558b325/envelopes [33m405[0m 0.122 ms - 78[0m
[0mPATCH /api/sync/9dedd528-a4cc-43cb-9360-6a668558b325/envelopes [33m405[0m 0.139 ms - 78[0m
[0mOPTIONS /api/sync/9dedd528-a4cc-43cb-9360-6a668558b325/envelopes [33m405[0m 0.135 ms - 78[0m
[0mDELETE /api/sync/9dedd528-a4cc-43cb-9360-6a668558b325/envelopes [33m405[0m 0.186 ms - 78[0m
[ error ] API request failed { code: [32m'invalid_request'[39m, statusCode: [33m400[39m }
[0mPOST /api/sync/000000000000000000000000000000000000000000000000000000000000000000000000000000000000000000000000000000000000000000000000000000000000000000000000000000000000000000000000000000000000000000000000000000000/envelopes [33m400[0m 0.457 ms - 248[0m
[ error ] API request failed { code: [32m'workspace_not_found'[39m, statusCode: [33m404[39m }
[0mPOST /api/sync/0000000000000000000000000000000000000000000000000000000000000000000000000000000000000000000000000000000000000000000000000000000000000000000000000000000000000000000000000000000000000000000000000000000/envelopes [33m404[0m 1.774 ms - 76[0m
[ error ] API request failed { code: [32m'workspace_not_found'[39m, statusCode: [33m404[39m }
[0mPOST /api/sync/00000000000000000000000000000000000000000000000000000000000000000000000000000000000000000000000000000000000000000000000000000000000000000000000000000000000000000000000000000000000000000000000000000000/envelopes [33m404[0m 1.668 ms - 76[0m
[ error ] API request failed { code: [32m'workspace_not_found'[39m, statusCode: [33m404[39m }
[0mPOST /api/sync/00/envelopes [33m404[0m 1.403 ms - 76[0m
[ error ] API request failed { code: [32m'workspace_not_found'[39m, statusCode: [33m404[39m }
[0mPOST /api/sync/0/envelopes [33m404[0m 2.583 ms - 76[0m
[ error ] API request failed { code: [32m'invalid_request'[39m, statusCode: [33m400[39m }
[0mPOST /api/sync/9dedd528-a4cc-43cb-9360-6a668558b325/envelopes [33m400[0m 0.604 ms - 232[0m
[ error ] API request failed { code: [32m'invalid_request'[39m, statusCode: [33m400[39m }
[0mPOST /api/sync/9dedd528-a4cc-43cb-9360-6a668558b325/envelopes [33m400[0m 0.432 ms - 223[0m
[ error ] API request failed { code: [32m'invalid_request'[39m, statusCode: [33m400[39m }
[0mPOST /api/sync/9dedd528-a4cc-43cb-9360-6a668558b325/envelopes [33m400[0m 0.515 ms - 223[0m
[ error ] API request failed { code: [32m'invalid_request'[39m, statusCode: [33m400[39m }
[0mPOST /api/sync/9dedd528-a4cc-43cb-9360-6a668558b325/envelopes [33m400[0m 0.430 ms - 315[0m
[ error ] API request failed { code: [32m'invalid_request'[39m, statusCode: [33m400[39m }
[0mPOST /api/sync/9dedd528-a4cc-43cb-9360-6a668558b325/envelopes [33m400[0m 0.397 ms - 227[0m
[ error ] API request failed { code: [32m'invalid_request'[39m, statusCode: [33m400[39m }
[0mPOST /api/sync/9dedd528-a4cc-43cb-9360-6a668558b325/envelopes [33m400[0m 0.360 ms - 226[0m
[ error ] API request failed { code: [32m'invalid_request'[39m, statusCode: [33m400[39m }
[0mPOST /api/sync/9dedd528-a4cc-43cb-9360-6a668558b325/envelopes [33m400[0m 0.335 ms - 224[0m
[ error ] API request failed { code: [32m'invalid_request'[39m, statusCode: [33m400[39m }
[0mPOST /api/sync/9dedd528-a4cc-43cb-9360-6a668558b325/envelopes [33m400[0m 0.365 ms - 226[0m
[ error ] API request failed { code: [32m'invalid_request'[39m, statusCode: [33m400[39m }
[0mPOST /api/sync/9dedd528-a4cc-43cb-9360-6a668558b325/envelopes [33m400[0m 0.834 ms - 222[0m
[ error ] API request failed { code: [32m'invalid_request'[39m, statusCode: [33m400[39m }
[0mPOST /api/sync/9dedd528-a4cc-43cb-9360-6a668558b325/envelopes [33m400[0m 0.364 ms - 228[0m
[ error ] API request failed { code: [32m'invalid_request'[39m, statusCode: [33m400[39m }
[0mPOST /api/sync/9dedd528-a4cc-43cb-9360-6a668558b325/envelopes [33m400[0m 0.361 ms - 236[0m
[ error ] API request failed { code: [32m'invalid_request'[39m, statusCode: [33m400[39m }
[0mPOST /api/sync/9dedd528-a4cc-43cb-9360-6a668558b325/envelopes [33m400[0m 0.745 ms - 245[0m
[ error ] API request failed { code: [32m'invalid_request'[39m, statusCode: [33m400[39m }
[0mPOST /api/sync/9dedd528-a4cc-43cb-9360-6a668558b325/envelopes [33m400[0m 1.005 ms - 217[0m
[ error ] API request failed { code: [32m'invalid_request'[39m, statusCode: [33m400[39m }
[0mPOST /api/sync/9dedd528-a4cc-43cb-9360-6a668558b325/envelopes [33m400[0m 1.199 ms - 215[0m
[ error ] API request failed { code: [32m'invalid_request'[39m, statusCode: [33m400[39m }
[0mPOST /api/sync/9dedd528-a4cc-43cb-9360-6a668558b325/envelopes [33m400[0m 0.762 ms - 213[0m
[ error ] API request failed { code: [32m'invalid_request'[39m, statusCode: [33m400[39m }
[0mPOST /api/sync/9dedd528-a4cc-43cb-9360-6a668558b325/envelopes [33m400[0m 0.469 ms - 219[0m
[ error ] API request failed { code: [32m'invalid_request'[39m, statusCode: [33m400[39m }
[0mPOST /api/sync/9dedd528-a4cc-43cb-9360-6a668558b325/envelopes [33m400[0m 0.365 ms - 217[0m
[ error ] API request failed { code: [32m'invalid_request'[39m, statusCode: [33m400[39m }
[0mPOST /api/sync/9dedd528-a4cc-43cb-9360-6a668558b325/envelopes [33m400[0m 0.343 ms - 257[0m
[ error ] API request failed { code: [32m'invalid_request'[39m, statusCode: [33m400[39m }
[0mPOST /api/sync/9dedd528-a4cc-43cb-9360-6a668558b325/envelopes [33m400[0m 0.432 ms - 233[0m
[ error ] API request failed { code: [32m'invalid_request'[39m, statusCode: [33m400[39m }
[0mPOST /api/sync/9dedd528-a4cc-43cb-9360-6a668558b325/envelopes [33m400[0m 0.609 ms - 236[0m
[ error ] API request failed { code: [32m'invalid_request'[39m, statusCode: [33m400[39m }
[0mPOST /api/sync/9dedd528-a4cc-43cb-9360-6a668558b325/envelopes [33m400[0m 1.479 ms - 231[0m
[ error ] API request failed { code: [32m'invalid_request'[39m, statusCode: [33m400[39m }
[0mPOST /api/sync/9dedd528-a4cc-43cb-9360-6a668558b325/envelopes [33m400[0m 0.421 ms - 234[0m
[ error ] API request failed { code: [32m'invalid_request'[39m, statusCode: [33m400[39m }
[0mPOST /api/sync/9dedd528-a4cc-43cb-9360-6a668558b325/envelopes [33m400[0m 0.700 ms - 240[0m
[ error ] API request failed { code: [32m'invalid_request'[39m, statusCode: [33m400[39m }
[0mPOST /api/sync/9dedd528-a4cc-43cb-9360-6a668558b325/envelopes [33m400[0m 1.117 ms - 235[0m
[ error ] API request failed { code: [32m'invalid_request'[39m, statusCode: [33m400[39m }
[0mPOST /api/sync/9dedd528-a4cc-43cb-9360-6a668558b325/envelopes [33m400[0m 0.418 ms - 234[0m
[ error ] API request failed { code: [32m'invalid_request'[39m, statusCode: [33m400[39m }
[0mPOST /api/sync/9dedd528-a4cc-43cb-9360-6a668558b325/envelopes [33m400[0m 0.548 ms - 236[0m
[ error ] API request failed { code: [32m'invalid_request'[39m, statusCode: [33m400[39m }
[0mPOST /api/sync/9dedd528-a4cc-43cb-9360-6a668558b325/envelopes [33m400[0m 0.528 ms - 237[0m
[ error ] API request failed { code: [32m'invalid_request'[39m, statusCode: [33m400[39m }
[0mPOST /api/sync/9dedd528-a4cc-43cb-9360-6a668558b325/envelopes [33m400[0m 0.399 ms - 236[0m
[ error ] API request failed { code: [32m'invalid_request'[39m, statusCode: [33m400[39m }
[0mPOST /api/sync/9dedd528-a4cc-43cb-9360-6a668558b325/envelopes [33m400[0m 0.457 ms - 279[0m
[ error ] API request failed { code: [32m'invalid_request'[39m, statusCode: [33m400[39m }
[0mPOST /api/sync/9dedd528-a4cc-43cb-9360-6a668558b325/envelopes [33m400[0m 0.413 ms - 177[0m
[ error ] API request failed { code: [32m'invalid_request'[39m, statusCode: [33m400[39m }
[0mPOST /api/sync/9dedd528-a4cc-43cb-9360-6a668558b325/envelopes [33m400[0m 0.498 ms - 258[0m
[ error ] API request failed { code: [32m'invalid_request'[39m, statusCode: [33m400[39m }
[0mPOST /api/sync/9dedd528-a4cc-43cb-9360-6a668558b325/envelopes [33m400[0m 0.559 ms - 247[0m
[ error ] API request failed { code: [32m'invalid_request'[39m, statusCode: [33m400[39m }
[0mPOST /api/sync/9dedd528-a4cc-43cb-9360-6a668558b325/envelopes [33m400[0m 0.478 ms - 255[0m
[ error ] API request failed { code: [32m'invalid_request'[39m, statusCode: [33m400[39m }
[0mPOST /api/sync/9dedd528-a4cc-43cb-9360-6a668558b325/envelopes [33m400[0m 0.478 ms - 227[0m
[ error ] API request failed { code: [32m'invalid_request'[39m, statusCode: [33m400[39m }
[0mPOST /api/sync/9dedd528-a4cc-43cb-9360-6a668558b325/envelopes [33m400[0m 0.388 ms - 225[0m
[ error ] API request failed { code: [32m'invalid_request'[39m, statusCode: [33m400[39m }
[0mPOST /api/sync/9dedd528-a4cc-43cb-9360-6a668558b325/envelopes [33m400[0m 0.405 ms - 223[0m
[ error ] API request failed { code: [32m'invalid_request'[39m, statusCode: [33m400[39m }
[0mPOST /api/sync/9dedd528-a4cc-43cb-9360-6a668558b325/envelopes [33m400[0m 0.373 ms - 229[0m
[ error ] API request failed { code: [32m'invalid_request'[39m, statusCode: [33m400[39m }
[0mPOST /api/sync/9dedd528-a4cc-43cb-9360-6a668558b325/envelopes [33m400[0m 0.534 ms - 227[0m
[ error ] API request failed { code: [32m'invalid_request'[39m, statusCode: [33m400[39m }
[0mPOST /api/sync/9dedd528-a4cc-43cb-9360-6a668558b325/envelopes [33m400[0m 0.845 ms - 250[0m
[ error ] API request failed { code: [32m'invalid_request'[39m, statusCode: [33m400[39m }
[0mPOST /api/sync/9dedd528-a4cc-43cb-9360-6a668558b325/envelopes [33m400[0m 1.195 ms - 267[0m
[ error ] API request failed { code: [32m'invalid_request'[39m, statusCode: [33m400[39m }
[0mPOST /api/sync/9dedd528-a4cc-43cb-9360-6a668558b325/envelopes [33m400[0m 0.603 ms - 258[0m
[ error ] API request failed { code: [32m'invalid_request'[39m, statusCode: [33m400[39m }
[0mPOST /api/sync/9dedd528-a4cc-43cb-9360-6a668558b325/envelopes [33m400[0m 0.600 ms - 230[0m
[ error ] API request failed { code: [32m'invalid_request'[39m, statusCode: [33m400[39m }
[0mPOST /api/sync/9dedd528-a4cc-43cb-9360-6a668558b325/envelopes [33m400[0m 0.613 ms - 228[0m
[ error ] API request failed { code: [32m'invalid_request'[39m, statusCode: [33m400[39m }
[0mPOST /api/sync/9dedd528-a4cc-43cb-9360-6a668558b325/envelopes [33m400[0m 0.363 ms - 226[0m
[ error ] API request failed { code: [32m'invalid_request'[39m, statusCode: [33m400[39m }
[0mPOST /api/sync/9dedd528-a4cc-43cb-9360-6a668558b325/envelopes [33m400[0m 0.331 ms - 232[0m
[ error ] API request failed { code: [32m'invalid_request'[39m, statusCode: [33m400[39m }
[0mPOST /api/sync/9dedd528-a4cc-43cb-9360-6a668558b325/envelopes [33m400[0m 0.326 ms - 230[0m
[ error ] API request failed { code: [32m'invalid_request'[39m, statusCode: [33m400[39m }
[0mPOST /api/sync/9dedd528-a4cc-43cb-9360-6a668558b325/envelopes [33m400[0m 0.485 ms - 245[0m
[ error ] API request failed { code: [32m'invalid_request'[39m, statusCode: [33m400[39m }
[0mPOST /api/sync/9dedd528-a4cc-43cb-9360-6a668558b325/envelopes [33m400[0m 0.385 ms - 253[0m
[ error ] API request failed { code: [32m'invalid_request'[39m, statusCode: [33m400[39m }
[0mPOST /api/sync/9dedd528-a4cc-43cb-9360-6a668558b325/envelopes [33m400[0m 0.304 ms - 225[0m
[ error ] API request failed { code: [32m'invalid_request'[39m, statusCode: [33m400[39m }
[0mPOST /api/sync/9dedd528-a4cc-43cb-9360-6a668558b325/envelopes [33m400[0m 0.307 ms - 223[0m
[ error ] API request failed { code: [32m'invalid_request'[39m, statusCode: [33m400[39m }
[0mPOST /api/sync/9dedd528-a4cc-43cb-9360-6a668558b325/envelopes [33m400[0m 1.112 ms - 221[0m
[ error ] API request failed { code: [32m'invalid_request'[39m, statusCode: [33m400[39m }
[0mPOST /api/sync/9dedd528-a4cc-43cb-9360-6a668558b325/envelopes [33m400[0m 0.387 ms - 227[0m
[ error ] API request failed { code: [32m'invalid_request'[39m, statusCode: [33m400[39m }
[0mPOST /api/sync/9dedd528-a4cc-43cb-9360-6a668558b325/envelopes [33m400[0m 0.419 ms - 225[0m
[ error ] API request failed { code: [32m'invalid_request'[39m, statusCode: [33m400[39m }
[0mPOST /api/sync/9dedd528-a4cc-43cb-9360-6a668558b325/envelopes [33m400[0m 0.858 ms - 231[0m
[ error ] API request failed { code: [32m'invalid_request'[39m, statusCode: [33m400[39m }
[0mPOST /api/sync/9dedd528-a4cc-43cb-9360-6a668558b325/envelopes [33m400[0m 0.908 ms - 229[0m
[ error ] API request failed { code: [32m'invalid_request'[39m, statusCode: [33m400[39m }
[0mPOST /api/sync/9dedd528-a4cc-43cb-9360-6a668558b325/envelopes [33m400[0m 0.929 ms - 227[0m
[ error ] API request failed { code: [32m'invalid_request'[39m, statusCode: [33m400[39m }
[0mPOST /api/sync/9dedd528-a4cc-43cb-9360-6a668558b325/envelopes [33m400[0m 1.253 ms - 233[0m
[ error ] API request failed { code: [32m'invalid_request'[39m, statusCode: [33m400[39m }
[0mPOST /api/sync/9dedd528-a4cc-43cb-9360-6a668558b325/envelopes [33m400[0m 0.434 ms - 231[0m
[ error ] API request failed { code: [32m'invalid_request'[39m, statusCode: [33m400[39m }
[0mPOST /api/sync/9dedd528-a4cc-43cb-9360-6a668558b325/envelopes [33m400[0m 0.999 ms - 226[0m
[ error ] API request failed { code: [32m'invalid_request'[39m, statusCode: [33m400[39m }
[0mPOST /api/sync/9dedd528-a4cc-43cb-9360-6a668558b325/envelopes [33m400[0m 0.785 ms - 228[0m
[ error ] API request failed { code: [32m'invalid_request'[39m, statusCode: [33m400[39m }
[0mPOST /api/sync/9dedd528-a4cc-43cb-9360-6a668558b325/envelopes [33m400[0m 0.819 ms - 224[0m
[ error ] API request failed { code: [32m'invalid_request'[39m, statusCode: [33m400[39m }
[0mPOST /api/sync/9dedd528-a4cc-43cb-9360-6a668558b325/envelopes [33m400[0m 0.744 ms - 230[0m
[ error ] API request failed { code: [32m'invalid_request'[39m, statusCode: [33m400[39m }
[0mPOST /api/sync/9dedd528-a4cc-43cb-9360-6a668558b325/envelopes [33m400[0m 0.348 ms - 228[0m
[ error ] API request failed { code: [32m'invalid_request'[39m, statusCode: [33m400[39m }
[0mPOST /api/sync/9dedd528-a4cc-43cb-9360-6a668558b325/envelopes [33m400[0m 0.337 ms - 237[0m
[ error ] API request failed { code: [32m'invalid_request'[39m, statusCode: [33m400[39m }
[0mPOST /api/sync/9dedd528-a4cc-43cb-9360-6a668558b325/envelopes [33m400[0m 0.362 ms - 235[0m
[ error ] API request failed { code: [32m'invalid_request'[39m, statusCode: [33m400[39m }
[0mPOST /api/sync/9dedd528-a4cc-43cb-9360-6a668558b325/envelopes [33m400[0m 0.557 ms - 233[0m
[ error ] API request failed { code: [32m'invalid_request'[39m, statusCode: [33m400[39m }
[0mPOST /api/sync/9dedd528-a4cc-43cb-9360-6a668558b325/envelopes [33m400[0m 0.531 ms - 239[0m
[ error ] API request failed { code: [32m'invalid_request'[39m, statusCode: [33m400[39m }
[0mPOST /api/sync/9dedd528-a4cc-43cb-9360-6a668558b325/envelopes [33m400[0m 0.351 ms - 237[0m
[ error ] API request failed { code: [32m'invalid_request'[39m, statusCode: [33m400[39m }
[0mPOST /api/sync/9dedd528-a4cc-43cb-9360-6a668558b325/envelopes [33m400[0m 0.517 ms - 232[0m
[ error ] API request failed { code: [32m'invalid_request'[39m, statusCode: [33m400[39m }
[0mPOST /api/sync/9dedd528-a4cc-43cb-9360-6a668558b325/envelopes [33m400[0m 0.354 ms - 234[0m
[ error ] API request failed { code: [32m'invalid_request'[39m, statusCode: [33m400[39m }
[0mPOST /api/sync/9dedd528-a4cc-43cb-9360-6a668558b325/envelopes [33m400[0m 0.345 ms - 230[0m
[ error ] API request failed { code: [32m'invalid_request'[39m, statusCode: [33m400[39m }
[0mPOST /api/sync/9dedd528-a4cc-43cb-9360-6a668558b325/envelopes [33m400[0m 0.360 ms - 236[0m
[ error ] API request failed { code: [32m'invalid_request'[39m, statusCode: [33m400[39m }
[0mPOST /api/sync/9dedd528-a4cc-43cb-9360-6a668558b325/envelopes [33m400[0m 0.484 ms - 234[0m
[ error ] API request failed { code: [32m'invalid_request'[39m, statusCode: [33m400[39m }
[0mPOST /api/sync/9dedd528-a4cc-43cb-9360-6a668558b325/envelopes [33m400[0m 0.645 ms - 478[0m
[ error ] API request failed { code: [32m'invalid_request'[39m, statusCode: [33m400[39m }
[0mPOST /api/sync/9dedd528-a4cc-43cb-9360-6a668558b325/envelopes [33m400[0m 0.459 ms - 478[0m
[ error ] API request failed { code: [32m'invalid_request'[39m, statusCode: [33m400[39m }
[0mPOST /api/sync/9dedd528-a4cc-43cb-9360-6a668558b325/envelopes [33m400[0m 0.516 ms - 229[0m
[ error ] API request failed { code: [32m'invalid_request'[39m, statusCode: [33m400[39m }
[0mPOST /api/sync/9dedd528-a4cc-43cb-9360-6a668558b325/envelopes [33m400[0m 0.757 ms - 227[0m
[ error ] API request failed { code: [32m'invalid_request'[39m, statusCode: [33m400[39m }
[0mPOST /api/sync/9dedd528-a4cc-43cb-9360-6a668558b325/envelopes [33m400[0m 0.374 ms - 225[0m
[ error ] API request failed { code: [32m'invalid_request'[39m, statusCode: [33m400[39m }
[0mPOST /api/sync/9dedd528-a4cc-43cb-9360-6a668558b325/envelopes [33m400[0m 0.356 ms - 231[0m
[ error ] API request failed { code: [32m'invalid_request'[39m, statusCode: [33m400[39m }
[0mPOST /api/sync/9dedd528-a4cc-43cb-9360-6a668558b325/envelopes [33m400[0m 0.813 ms - 229[0m
[ error ] API request failed { code: [32m'invalid_request'[39m, statusCode: [33m400[39m }
[0mPOST /api/sync/9dedd528-a4cc-43cb-9360-6a668558b325/envelopes [33m400[0m 0.406 ms - 317[0m
[ error ] API request failed { code: [32m'invalid_request'[39m, statusCode: [33m400[39m }
[0mPOST /api/sync/9dedd528-a4cc-43cb-9360-6a668558b325/envelopes [33m400[0m 0.388 ms - 229[0m
[ error ] API request failed { code: [32m'invalid_request'[39m, statusCode: [33m400[39m }
[0mPOST /api/sync/9dedd528-a4cc-43cb-9360-6a668558b325/envelopes [33m400[0m 0.365 ms - 228[0m
[ error ] API request failed { code: [32m'invalid_request'[39m, statusCode: [33m400[39m }
[0mPOST /api/sync/9dedd528-a4cc-43cb-9360-6a668558b325/envelopes [33m400[0m 0.518 ms - 226[0m
[ error ] API request failed { code: [32m'invalid_request'[39m, statusCode: [33m400[39m }
[0mPOST /api/sync/9dedd528-a4cc-43cb-9360-6a668558b325/envelopes [33m400[0m 0.304 ms - 228[0m
[ error ] API request failed { code: [32m'invalid_request'[39m, statusCode: [33m400[39m }
[0mPOST /api/sync/9dedd528-a4cc-43cb-9360-6a668558b325/envelopes [33m400[0m 0.289 ms - 224[0m
[ error ] API request failed { code: [32m'invalid_request'[39m, statusCode: [33m400[39m }
[0mPOST /api/sync/9dedd528-a4cc-43cb-9360-6a668558b325/envelopes [33m400[0m 0.302 ms - 230[0m
[ error ] API request failed { code: [32m'invalid_request'[39m, statusCode: [33m400[39m }
[0mPOST /api/sync/9dedd528-a4cc-43cb-9360-6a668558b325/envelopes [33m400[0m 0.296 ms - 238[0m
[ error ] API request failed { code: [32m'invalid_request'[39m, statusCode: [33m400[39m }
[0mPOST /api/sync/9dedd528-a4cc-43cb-9360-6a668558b325/envelopes [33m400[0m 0.358 ms - 258[0m
[ error ] API request failed { code: [32m'invalid_request'[39m, statusCode: [33m400[39m }
[0mPOST /api/sync/9dedd528-a4cc-43cb-9360-6a668558b325/envelopes [33m400[0m 0.359 ms - 230[0m
[ error ] API request failed { code: [32m'invalid_request'[39m, statusCode: [33m400[39m }
[0mPOST /api/sync/9dedd528-a4cc-43cb-9360-6a668558b325/envelopes [33m400[0m 0.307 ms - 228[0m
[ error ] API request failed { code: [32m'invalid_request'[39m, statusCode: [33m400[39m }
[0mPOST /api/sync/9dedd528-a4cc-43cb-9360-6a668558b325/envelopes [33m400[0m 0.382 ms - 226[0m
[ error ] API request failed { code: [32m'invalid_request'[39m, statusCode: [33m400[39m }
[0mPOST /api/sync/9dedd528-a4cc-43cb-9360-6a668558b325/envelopes [33m400[0m 0.369 ms - 232[0m
[ error ] API request failed { code: [32m'invalid_request'[39m, statusCode: [33m400[39m }
[0mPOST /api/sync/9dedd528-a4cc-43cb-9360-6a668558b325/envelopes [33m400[0m 0.448 ms - 230[0m
[ error ] API request failed { code: [32m'invalid_request'[39m, statusCode: [33m400[39m }
[0mPOST /api/sync/9dedd528-a4cc-43cb-9360-6a668558b325/envelopes [33m400[0m 0.426 ms - 259[0m
[ error ] API request failed { code: [32m'invalid_request'[39m, statusCode: [33m400[39m }
[0mPOST /api/sync/9dedd528-a4cc-43cb-9360-6a668558b325/envelopes [33m400[0m 0.380 ms - 231[0m
[ error ] API request failed { code: [32m'invalid_request'[39m, statusCode: [33m400[39m }
[0mPOST /api/sync/9dedd528-a4cc-43cb-9360-6a668558b325/envelopes [33m400[0m 0.371 ms - 229[0m
[ error ] API request failed { code: [32m'invalid_request'[39m, statusCode: [33m400[39m }
[0mPOST /api/sync/9dedd528-a4cc-43cb-9360-6a668558b325/envelopes [33m400[0m 0.696 ms - 227[0m
[ error ] API request failed { code: [32m'invalid_request'[39m, statusCode: [33m400[39m }
[0mPOST /api/sync/9dedd528-a4cc-43cb-9360-6a668558b325/envelopes [33m400[0m 0.364 ms - 233[0m
[ error ] API request failed { code: [32m'invalid_request'[39m, statusCode: [33m400[39m }
[0mPOST /api/sync/9dedd528-a4cc-43cb-9360-6a668558b325/envelopes [33m400[0m 0.393 ms - 231[0m
[ error ] API request failed { code: [32m'invalid_request'[39m, statusCode: [33m400[39m }
[0mPOST /api/sync/9dedd528-a4cc-43cb-9360-6a668558b325/envelopes [33m400[0m 0.348 ms - 258[0m
[ error ] API request failed { code: [32m'invalid_request'[39m, statusCode: [33m400[39m }
[0mPOST /api/sync/9dedd528-a4cc-43cb-9360-6a668558b325/envelopes [33m400[0m 0.360 ms - 230[0m
[ error ] API request failed { code: [32m'invalid_request'[39m, statusCode: [33m400[39m }
[0mPOST /api/sync/9dedd528-a4cc-43cb-9360-6a668558b325/envelopes [33m400[0m 0.394 ms - 228[0m
[ error ] API request failed { code: [32m'invalid_request'[39m, statusCode: [33m400[39m }
[0mPOST /api/sync/9dedd528-a4cc-43cb-9360-6a668558b325/envelopes [33m400[0m 0.344 ms - 226[0m
[ error ] API request failed { code: [32m'invalid_request'[39m, statusCode: [33m400[39m }
[0mPOST /api/sync/9dedd528-a4cc-43cb-9360-6a668558b325/envelopes [33m400[0m 0.682 ms - 232[0m
[ error ] API request failed { code: [32m'invalid_request'[39m, statusCode: [33m400[39m }
[0mPOST /api/sync/9dedd528-a4cc-43cb-9360-6a668558b325/envelopes [33m400[0m 0.528 ms - 230[0m
[ error ] API request failed { code: [32m'invalid_request'[39m, statusCode: [33m400[39m }
[0mPOST /api/sync/9dedd528-a4cc-43cb-9360-6a668558b325/envelopes [33m400[0m 0.619 ms - 279[0m
[ error ] API request failed { code: [32m'invalid_request'[39m, statusCode: [33m400[39m }
[0mPOST /api/sync/9dedd528-a4cc-43cb-9360-6a668558b325/envelopes [33m400[0m 0.440 ms - 279[0m
[ error ] API request failed { code: [32m'invalid_request'[39m, statusCode: [33m400[39m }
[0mPOST /api/sync/9dedd528-a4cc-43cb-9360-6a668558b325/envelopes [33m400[0m 0.672 ms - 279[0m
[ error ] API request failed { code: [32m'invalid_request'[39m, statusCode: [33m400[39m }
[0mPOST /api/sync/9dedd528-a4cc-43cb-9360-6a668558b325/envelopes [33m400[0m 0.330 ms - 279[0m
[ error ] API request failed { code: [32m'invalid_request'[39m, statusCode: [33m400[39m }
[0mPOST /api/sync/9dedd528-a4cc-43cb-9360-6a668558b325/envelopes [33m400[0m 0.308 ms - 279[0m
[ error ] API request failed { code: [32m'invalid_request'[39m, statusCode: [33m400[39m }
[0mPOST /api/sync/9dedd528-a4cc-43cb-9360-6a668558b325/envelopes [33m400[0m 0.308 ms - 279[0m
[ error ] API request failed { code: [32m'invalid_request'[39m, statusCode: [33m400[39m }
[0mPOST /api/sync/9dedd528-a4cc-43cb-9360-6a668558b325/envelopes [33m400[0m 0.348 ms - 177[0m
[ error ] API request failed { code: [32m'invalid_request'[39m, statusCode: [33m400[39m }
[0mPOST /api/sync/9dedd528-a4cc-43cb-9360-6a668558b325/envelopes [33m400[0m 0.336 ms - 177[0m
[ error ] API request failed { code: [32m'invalid_request'[39m, statusCode: [33m400[39m }
[0mPOST /api/sync/9dedd528-a4cc-43cb-9360-6a668558b325/envelopes [33m400[0m 0.303 ms - 177[0m
[ error ] API request failed { code: [32m'invalid_request'[39m, statusCode: [33m400[39m }
[0mPOST /api/sync/9dedd528-a4cc-43cb-9360-6a668558b325/envelopes [33m400[0m 0.289 ms - 177[0m
[ error ] API request failed { code: [32m'invalid_request'[39m, statusCode: [33m400[39m }
[0mPOST /api/sync/9dedd528-a4cc-43cb-9360-6a668558b325/envelopes [33m400[0m 0.295 ms - 177[0m
[ error ] API request failed { code: [32m'invalid_request'[39m, statusCode: [33m400[39m }
[0mPOST /api/sync/9dedd528-a4cc-43cb-9360-6a668558b325/envelopes [33m400[0m 0.315 ms - 177[0m
[ error ] API request failed { code: [32m'invalid_request'[39m, statusCode: [33m400[39m }
[0mPOST /api/sync/9dedd528-a4cc-43cb-9360-6a668558b325/envelopes [33m400[0m 0.419 ms - 258[0m
[ error ] API request failed { code: [32m'invalid_request'[39m, statusCode: [33m400[39m }
[0mPOST /api/sync/9dedd528-a4cc-43cb-9360-6a668558b325/envelopes [33m400[0m 0.500 ms - 258[0m
[ error ] API request failed { code: [32m'invalid_request'[39m, statusCode: [33m400[39m }
[0mPOST /api/sync/9dedd528-a4cc-43cb-9360-6a668558b325/envelopes [33m400[0m 0.520 ms - 258[0m
[ error ] API request failed { code: [32m'invalid_request'[39m, statusCode: [33m400[39m }
[0mPOST /api/sync/9dedd528-a4cc-43cb-9360-6a668558b325/envelopes [33m400[0m 0.615 ms - 258[0m
[ error ] API request failed { code: [32m'invalid_request'[39m, statusCode: [33m400[39m }
[0mPOST /api/sync/9dedd528-a4cc-43cb-9360-6a668558b325/envelopes [33m400[0m 0.715 ms - 258[0m
[ error ] API request failed { code: [32m'invalid_request'[39m, statusCode: [33m400[39m }
[0mPOST /api/sync/9dedd528-a4cc-43cb-9360-6a668558b325/envelopes [33m400[0m 0.797 ms - 258[0m
[ error ] API request failed { code: [32m'invalid_request'[39m, statusCode: [33m400[39m }
[0mPOST /api/sync/9dedd528-a4cc-43cb-9360-6a668558b325/envelopes [33m400[0m 0.696 ms - 215[0m
[ error ] API request failed { code: [32m'invalid_request'[39m, statusCode: [33m400[39m }
[0mPOST /api/sync/9dedd528-a4cc-43cb-9360-6a668558b325/envelopes [33m400[0m 0.662 ms - 217[0m
[ error ] API request failed { code: [32m'invalid_request'[39m, statusCode: [33m400[39m }
[0mPOST /api/sync/9dedd528-a4cc-43cb-9360-6a668558b325/envelopes [33m400[0m 0.730 ms - 213[0m
[ error ] API request failed { code: [32m'invalid_request'[39m, statusCode: [33m400[39m }
[0mPOST /api/sync/9dedd528-a4cc-43cb-9360-6a668558b325/envelopes [33m400[0m 0.407 ms - 219[0m
[ error ] API request failed { code: [32m'invalid_request'[39m, statusCode: [33m400[39m }
[0mPOST /api/sync/9dedd528-a4cc-43cb-9360-6a668558b325/envelopes [33m400[0m 0.861 ms - 217[0m
[ error ] API request failed { code: [32m'invalid_request'[39m, statusCode: [33m400[39m }
[0mPOST /api/sync/9dedd528-a4cc-43cb-9360-6a668558b325/envelopes [33m400[0m 0.472 ms - 205[0m
[ error ] API request failed { code: [32m'invalid_request'[39m, statusCode: [33m400[39m }
[ error ] API request failed { code: [32m'invalid_request'[39m, statusCode: [33m400[39m }
[ error ] API request failed { code: [32m'invalid_request'[39m, statusCode: [33m400[39m }
[ error ] API request failed { code: [32m'invalid_request'[39m, statusCode: [33m400[39m }
[ error ] API request failed { code: [32m'opaque_envelope_rejected'[39m, statusCode: [33m409[39m }
[0mPOST /api/sync/9dedd528-a4cc-43cb-9360-6a668558b325/envelopes [33m409[0m 2.749 ms - 84[0m
[ error ] API request failed { code: [32m'opaque_envelope_rejected'[39m, statusCode: [33m409[39m }
[0mPOST /api/sync/9dedd528-a4cc-43cb-9360-6a668558b325/envelopes [33m409[0m 2.315 ms - 84[0m
[ error ] API request failed { code: [32m'opaque_envelope_rejected'[39m, statusCode: [33m409[39m }
[0mPOST /api/sync/9dedd528-a4cc-43cb-9360-6a668558b325/envelopes [33m409[0m 2.640 ms - 84[0m
[ error ] API request failed { code: [32m'opaque_envelope_rejected'[39m, statusCode: [33m409[39m }
[0mPOST /api/sync/9dedd528-a4cc-43cb-9360-6a668558b325/envelopes [33m409[0m 2.397 ms - 84[0m
[ error ] API request failed { code: [32m'opaque_envelope_rejected'[39m, statusCode: [33m409[39m }
[0mPOST /api/sync/9dedd528-a4cc-43cb-9360-6a668558b325/envelopes [33m409[0m 2.464 ms - 84[0m
[ error ] API request failed { code: [32m'opaque_envelope_rejected'[39m, statusCode: [33m409[39m }
[0mPOST /api/sync/9dedd528-a4cc-43cb-9360-6a668558b325/envelopes [33m409[0m 2.215 ms - 84[0m
[ error ] API request failed { code: [32m'opaque_envelope_rejected'[39m, statusCode: [33m409[39m }
[0mPOST /api/sync/9dedd528-a4cc-43cb-9360-6a668558b325/envelopes [33m409[0m 2.440 ms - 84[0m
[ error ] API request failed { code: [32m'opaque_envelope_rejected'[39m, statusCode: [33m409[39m }
[0mPOST /api/sync/9dedd528-a4cc-43cb-9360-6a668558b325/envelopes [33m409[0m 2.685 ms - 84[0m
[ error ] API request failed { code: [32m'opaque_envelope_rejected'[39m, statusCode: [33m409[39m }
[0mPOST /api/sync/9dedd528-a4cc-43cb-9360-6a668558b325/envelopes [33m409[0m 2.631 ms - 84[0m
[ error ] API request failed { code: [32m'opaque_envelope_rejected'[39m, statusCode: [33m409[39m }
[0mPOST /api/sync/9dedd528-a4cc-43cb-9360-6a668558b325/envelopes [33m409[0m 2.356 ms - 84[0m
[ error ] API request failed { code: [32m'opaque_envelope_rejected'[39m, statusCode: [33m409[39m }
[0mPOST /api/sync/9dedd528-a4cc-43cb-9360-6a668558b325/envelopes [33m409[0m 2.358 ms - 84[0m
[ error ] API request failed { code: [32m'opaque_envelope_rejected'[39m, statusCode: [33m409[39m }
[0mPOST /api/sync/9dedd528-a4cc-43cb-9360-6a668558b325/envelopes [33m409[0m 2.532 ms - 84[0m
[ error ] API request failed { code: [32m'opaque_envelope_rejected'[39m, statusCode: [33m409[39m }
[0mPOST /api/sync/9dedd528-a4cc-43cb-9360-6a668558b325/envelopes [33m409[0m 3.240 ms - 84[0m
[ error ] API request failed { code: [32m'opaque_envelope_rejected'[39m, statusCode: [33m409[39m }
[0mPOST /api/sync/9dedd528-a4cc-43cb-9360-6a668558b325/envelopes [33m409[0m 2.322 ms - 84[0m
[ error ] API request failed { code: [32m'opaque_envelope_rejected'[39m, statusCode: [33m409[39m }
[0mPOST /api/sync/9dedd528-a4cc-43cb-9360-6a668558b325/envelopes [33m409[0m 4.109 ms - 84[0m
[ error ] API request failed { code: [32m'opaque_envelope_rejected'[39m, statusCode: [33m409[39m }
[0mPOST /api/sync/9dedd528-a4cc-43cb-9360-6a668558b325/envelopes [33m409[0m 3.718 ms - 84[0m
[ error ] API request failed { code: [32m'opaque_envelope_rejected'[39m, statusCode: [33m409[39m }
[0mPOST /api/sync/9dedd528-a4cc-43cb-9360-6a668558b325/envelopes [33m409[0m 2.864 ms - 84[0m
[ error ] API request failed { code: [32m'opaque_envelope_rejected'[39m, statusCode: [33m409[39m }
[0mPOST /api/sync/9dedd528-a4cc-43cb-9360-6a668558b325/envelopes [33m409[0m 2.636 ms - 84[0m
[ error ] API request failed { code: [32m'opaque_envelope_rejected'[39m, statusCode: [33m409[39m }
[0mPOST /api/sync/9dedd528-a4cc-43cb-9360-6a668558b325/envelopes [33m409[0m 3.109 ms - 84[0m
[ error ] API request failed { code: [32m'opaque_envelope_rejected'[39m, statusCode: [33m409[39m }
[0mPOST /api/sync/9dedd528-a4cc-43cb-9360-6a668558b325/envelopes [33m409[0m 3.013 ms - 84[0m
[ error ] API request failed { code: [32m'opaque_envelope_rejected'[39m, statusCode: [33m409[39m }
[0mPOST /api/sync/9dedd528-a4cc-43cb-9360-6a668558b325/envelopes [33m409[0m 2.704 ms - 84[0m
[ error ] API request failed { code: [32m'opaque_envelope_rejected'[39m, statusCode: [33m409[39m }
[0mPOST /api/sync/9dedd528-a4cc-43cb-9360-6a668558b325/envelopes [33m409[0m 2.712 ms - 84[0m
[ error ] API request failed { code: [32m'opaque_envelope_rejected'[39m, statusCode: [33m409[39m }
[0mPOST /api/sync/9dedd528-a4cc-43cb-9360-6a668558b325/envelopes [33m409[0m 2.251 ms - 84[0m
[ error ] API request failed { code: [32m'opaque_envelope_rejected'[39m, statusCode: [33m409[39m }
[0mPOST /api/sync/9dedd528-a4cc-43cb-9360-6a668558b325/envelopes [33m409[0m 2.938 ms - 84[0m
[ error ] API request failed { code: [32m'opaque_envelope_rejected'[39m, statusCode: [33m409[39m }
[0mPOST /api/sync/9dedd528-a4cc-43cb-9360-6a668558b325/envelopes [33m409[0m 3.775 ms - 84[0m
[ error ] API request failed { code: [32m'opaque_envelope_rejected'[39m, statusCode: [33m409[39m }
[0mPOST /api/sync/9dedd528-a4cc-43cb-9360-6a668558b325/envelopes [33m409[0m 4.295 ms - 84[0m
[ error ] API request failed { code: [32m'opaque_envelope_rejected'[39m, statusCode: [33m409[39m }
[0mPOST /api/sync/9dedd528-a4cc-43cb-9360-6a668558b325/envelopes [33m409[0m 2.263 ms - 84[0m
[ error ] API request failed { code: [32m'opaque_envelope_rejected'[39m, statusCode: [33m409[39m }
[0mPOST /api/sync/9dedd528-a4cc-43cb-9360-6a668558b325/envelopes [33m409[0m 2.898 ms - 84[0m
[ error ] API request failed { code: [32m'opaque_envelope_rejected'[39m, statusCode: [33m409[39m }
[0mPOST /api/sync/9dedd528-a4cc-43cb-9360-6a668558b325/envelopes [33m409[0m 4.049 ms - 84[0m
[ error ] API request failed { code: [32m'opaque_envelope_rejected'[39m, statusCode: [33m409[39m }
[0mPOST /api/sync/9dedd528-a4cc-43cb-9360-6a668558b325/envelopes [33m409[0m 3.046 ms - 84[0m
[ error ] API request failed { code: [32m'opaque_envelope_rejected'[39m, statusCode: [33m409[39m }
[0mPOST /api/sync/9dedd528-a4cc-43cb-9360-6a668558b325/envelopes [33m409[0m 2.257 ms - 84[0m
[ error ] API request failed { code: [32m'invalid_request'[39m, statusCode: [33m400[39m }
[0mGET /api/sync/000000000000000000000000000000000000000000000000000000000000000000000000000000000000000000000000000000000000000000000000000000000000000000000000000000000000000000000000000000000000000000000000000000000/devices [33m400[0m 0.330 ms - 248[0m
[ error ] API request failed { code: [32m'workspace_not_found'[39m, statusCode: [33m404[39m }
[0mGET /api/sync/0000000000000000000000000000000000000000000000000000000000000000000000000000000000000000000000000000000000000000000000000000000000000000000000000000000000000000000000000000000000000000000000000000000/devices [33m404[0m 1.657 ms - 76[0m
[ error ] API request failed { code: [32m'workspace_not_found'[39m, statusCode: [33m404[39m }
[0mGET /api/sync/00000000000000000000000000000000000000000000000000000000000000000000000000000000000000000000000000000000000000000000000000000000000000000000000000000000000000000000000000000000000000000000000000000000/devices [33m404[0m 1.387 ms - 76[0m
[ error ] API request failed { code: [32m'workspace_not_found'[39m, statusCode: [33m404[39m }
[0mGET /api/sync/00/devices [33m404[0m 1.271 ms - 76[0m
[ error ] API request failed { code: [32m'workspace_not_found'[39m, statusCode: [33m404[39m }
[0mGET /api/sync/0/devices [33m404[0m 3.175 ms - 76[0m
[0mGET /api/sync/9dedd528-a4cc-43cb-9360-6a668558b325/devices [32m200[0m 3.008 ms - 1292[0m
[0mTRACE /api/sync/9dedd528-a4cc-43cb-9360-6a668558b325/devices/audit [33m405[0m 0.124 ms - 78[0m
[0mQUERY /api/sync/9dedd528-a4cc-43cb-9360-6a668558b325/devices/audit [33m405[0m 0.098 ms - 78[0m
[0mPUT /api/sync/9dedd528-a4cc-43cb-9360-6a668558b325/devices/audit [33m405[0m 0.100 ms - 78[0m
[0mPOST /api/sync/9dedd528-a4cc-43cb-9360-6a668558b325/devices/audit [33m405[0m 0.134 ms - 78[0m
[0mPATCH /api/sync/9dedd528-a4cc-43cb-9360-6a668558b325/devices/audit [33m405[0m 0.109 ms - 78[0m
[0mOPTIONS /api/sync/9dedd528-a4cc-43cb-9360-6a668558b325/devices/audit [33m405[0m 0.133 ms - 78[0m
[0mDELETE /api/sync/9dedd528-a4cc-43cb-9360-6a668558b325/devices/audit [33m405[0m 0.113 ms - 78[0m
[ error ] API request failed { code: [32m'invalid_request'[39m, statusCode: [33m400[39m }
[0mGET /api/sync/000000000000000000000000000000000000000000000000000000000000000000000000000000000000000000000000000000000000000000000000000000000000000000000000000000000000000000000000000000000000000000000000000000000/devices/audit [33m400[0m 0.477 ms - 248[0m
[ error ] API request failed { code: [32m'workspace_not_found'[39m, statusCode: [33m404[39m }
[0mGET /api/sync/0000000000000000000000000000000000000000000000000000000000000000000000000000000000000000000000000000000000000000000000000000000000000000000000000000000000000000000000000000000000000000000000000000000/devices/audit [33m404[0m 2.319 ms - 76[0m
[ error ] API request failed { code: [32m'workspace_not_found'[39m, statusCode: [33m404[39m }
[0mGET /api/sync/00000000000000000000000000000000000000000000000000000000000000000000000000000000000000000000000000000000000000000000000000000000000000000000000000000000000000000000000000000000000000000000000000000000/devices/audit [33m404[0m 1.778 ms - 76[0m
[ error ] API request failed { code: [32m'workspace_not_found'[39m, statusCode: [33m404[39m }
[0mGET /api/sync/00/devices/audit [33m404[0m 1.419 ms - 76[0m
[ error ] API request failed { code: [32m'workspace_not_found'[39m, statusCode: [33m404[39m }
[0mGET /api/sync/0/devices/audit [33m404[0m 2.228 ms - 76[0m
[0mGET /api/sync/9dedd528-a4cc-43cb-9360-6a668558b325/devices/audit [32m200[0m 2.361 ms - 1603[0m
[ error ] API request failed { code: [32m'device_lifecycle_rejected'[39m, statusCode: [33m409[39m }
[0mGET /api/sync/9dedd528-a4cc-43cb-9360-6a668558b325/envelopes?deviceId=0&enrollmentVersion=1&limit=100&x-schemathesis-unknown-property=42 [33m409[0m 5.563 ms - 70[0m
[ error ] API request failed { code: [32m'invalid_request'[39m, statusCode: [33m400[39m }
[0mGET /api/sync/9dedd528-a4cc-43cb-9360-6a668558b325/envelopes?deviceId=0&enrollmentVersion=9007199254740992&limit=100 [33m400[0m 0.582 ms - 315[0m
[ error ] API request failed { code: [32m'invalid_request'[39m, statusCode: [33m400[39m }
[0mGET /api/sync/9dedd528-a4cc-43cb-9360-6a668558b325/envelopes?deviceId=0&enrollmentVersion=0&limit=100 [33m400[0m 0.430 ms - 227[0m
[ error ] API request failed { code: [32m'invalid_request'[39m, statusCode: [33m400[39m }
[0mGET /api/sync/9dedd528-a4cc-43cb-9360-6a668558b325/envelopes?deviceId=0&enrollmentVersion=null&enrollmentVersion=null&limit=100 [33m400[0m 0.456 ms - 237[0m
[ error ] API request failed { code: [32m'invalid_request'[39m, statusCode: [33m400[39m }
[0mGET /api/sync/9dedd528-a4cc-43cb-9360-6a668558b325/envelopes?deviceId=0&enrollmentVersion=AAA&limit=100 [33m400[0m 0.455 ms - 237[0m
[ error ] API request failed { code: [32m'invalid_request'[39m, statusCode: [33m400[39m }
[0mGET /api/sync/9dedd528-a4cc-43cb-9360-6a668558b325/envelopes?deviceId=0&enrollmentVersion=null&limit=100 [33m400[0m 0.709 ms - 237[0m
[ error ] API request failed { code: [32m'invalid_request'[39m, statusCode: [33m400[39m }
[0mGET /api/sync/9dedd528-a4cc-43cb-9360-6a668558b325/envelopes?deviceId=0&enrollmentVersion=false&limit=100 [33m400[0m 0.379 ms - 237[0m
[ error ] API request failed { code: [32m'invalid_request'[39m, statusCode: [33m400[39m }
[0mGET /api/sync/9dedd528-a4cc-43cb-9360-6a668558b325/envelopes?deviceId=0&enrollmentVersion=2.5890419884777833e-42&limit=100 [33m400[0m 0.400 ms - 236[0m
[ error ] API request failed { code: [32m'invalid_request'[39m, statusCode: [33m400[39m }
[0mGET /api/sync/9dedd528-a4cc-43cb-9360-6a668558b325/envelopes?deviceId=&enrollmentVersion=1&limit=100 [33m400[0m 0.580 ms - 245[0m
[ error ] API request failed { code: [32m'invalid_request'[39m, statusCode: [33m400[39m }
[0mGET /api/sync/9dedd528-a4cc-43cb-9360-6a668558b325/envelopes?deviceId=0&enrollmentVersion=1&limit=101 [33m400[0m 0.487 ms - 216[0m
[ error ] API request failed { code: [32m'invalid_request'[39m, statusCode: [33m400[39m }
[0mGET /api/sync/9dedd528-a4cc-43cb-9360-6a668558b325/envelopes?deviceId=0&enrollmentVersion=1&limit=0 [33m400[0m 0.441 ms - 216[0m
[ error ] API request failed { code: [32m'invalid_request'[39m, statusCode: [33m400[39m }
[0mGET /api/sync/9dedd528-a4cc-43cb-9360-6a668558b325/envelopes?deviceId=0&enrollmentVersion=1&limit=null&limit=null [33m400[0m 0.447 ms - 225[0m
[ error ] API request failed { code: [32m'invalid_request'[39m, statusCode: [33m400[39m }
[0mGET /api/sync/9dedd528-a4cc-43cb-9360-6a668558b325/envelopes?deviceId=0&enrollmentVersion=1&limit=AAA [33m400[0m 0.411 ms - 225[0m
[ error ] API request failed { code: [32m'invalid_request'[39m, statusCode: [33m400[39m }
[0mGET /api/sync/9dedd528-a4cc-43cb-9360-6a668558b325/envelopes?deviceId=0&enrollmentVersion=1&limit=null [33m400[0m 0.381 ms - 225[0m
[ error ] API request failed { code: [32m'invalid_request'[39m, statusCode: [33m400[39m }
[0mGET /api/sync/9dedd528-a4cc-43cb-9360-6a668558b325/envelopes?deviceId=0&enrollmentVersion=1&limit=false [33m400[0m 0.389 ms - 225[0m
[ error ] API request failed { code: [32m'invalid_request'[39m, statusCode: [33m400[39m }
[0mGET /api/sync/9dedd528-a4cc-43cb-9360-6a668558b325/envelopes?deviceId=0&enrollmentVersion=1&limit=2.5890419884777833e-42 [33m400[0m 0.402 ms - 224[0m
[ error ] API request failed { code: [32m'device_lifecycle_rejected'[39m, statusCode: [33m409[39m }
[0mGET /api/sync/9dedd528-a4cc-43cb-9360-6a668558b325/envelopes?limit=100&deviceId=device-2zJHDm4s4XrnUjC-&enrollmentVersion=1 [33m409[0m 2.870 ms - 90[0m
[ error ] API request failed { code: [32m'device_lifecycle_rejected'[39m, statusCode: [33m409[39m }
[0mGET /api/sync/9dedd528-a4cc-43cb-9360-6a668558b325/envelopes?afterCursor=0&deviceId=0&enrollmentVersion=1&x-schemathesis-unknown-property=42 [33m409[0m 2.830 ms - 70[0m
[ error ] API request failed { code: [32m'invalid_request'[39m, statusCode: [33m400[39m }
[0mGET /api/sync/9dedd528-a4cc-43cb-9360-6a668558b325/envelopes?afterCursor=0&deviceId=0&enrollmentVersion=9007199254740992 [33m400[0m 0.374 ms - 315[0m
[ error ] API request failed { code: [32m'invalid_request'[39m, statusCode: [33m400[39m }
[0mGET /api/sync/9dedd528-a4cc-43cb-9360-6a668558b325/envelopes?afterCursor=0&deviceId=0&enrollmentVersion=0 [33m400[0m 0.727 ms - 227[0m
[ error ] API request failed { code: [32m'invalid_request'[39m, statusCode: [33m400[39m }
[0mGET /api/sync/9dedd528-a4cc-43cb-9360-6a668558b325/envelopes?afterCursor=0&deviceId=0&enrollmentVersion=null&enrollmentVersion=null [33m400[0m 0.377 ms - 237[0m
[ error ] API request failed { code: [32m'invalid_request'[39m, statusCode: [33m400[39m }
[0mGET /api/sync/9dedd528-a4cc-43cb-9360-6a668558b325/envelopes?afterCursor=0&deviceId=0&enrollmentVersion=AAA [33m400[0m 0.419 ms - 237[0m
[ error ] API request failed { code: [32m'invalid_request'[39m, statusCode: [33m400[39m }
[0mGET /api/sync/9dedd528-a4cc-43cb-9360-6a668558b325/envelopes?afterCursor=0&deviceId=0&enrollmentVersion=null [33m400[0m 0.476 ms - 237[0m
[ error ] API request failed { code: [32m'invalid_request'[39m, statusCode: [33m400[39m }
[0mGET /api/sync/9dedd528-a4cc-43cb-9360-6a668558b325/envelopes?afterCursor=0&deviceId=0&enrollmentVersion=false [33m400[0m 0.509 ms - 237[0m
[ error ] API request failed { code: [32m'invalid_request'[39m, statusCode: [33m400[39m }
[0mGET /api/sync/9dedd528-a4cc-43cb-9360-6a668558b325/envelopes?afterCursor=0&deviceId=0&enrollmentVersion=2.5890419884777833e-42 [33m400[0m 0.438 ms - 236[0m
[ error ] API request failed { code: [32m'invalid_request'[39m, statusCode: [33m400[39m }
[0mGET /api/sync/9dedd528-a4cc-43cb-9360-6a668558b325/envelopes?afterCursor=0&deviceId=&enrollmentVersion=1 [33m400[0m 0.418 ms - 245[0m
[ error ] API request failed { code: [32m'invalid_request'[39m, statusCode: [33m400[39m }
[0mGET /api/sync/9dedd528-a4cc-43cb-9360-6a668558b325/envelopes?afterCursor=9007199254740992&deviceId=0&enrollmentVersion=1 [33m400[0m 0.411 ms - 309[0m
[ error ] API request failed { code: [32m'invalid_request'[39m, statusCode: [33m400[39m }
[0mGET /api/sync/9dedd528-a4cc-43cb-9360-6a668558b325/envelopes?afterCursor=-1&deviceId=0&enrollmentVersion=1 [33m400[0m 0.530 ms - 222[0m
[ error ] API request failed { code: [32m'invalid_request'[39m, statusCode: [33m400[39m }
[0mGET /api/sync/9dedd528-a4cc-43cb-9360-6a668558b325/envelopes?afterCursor=null&afterCursor=null&deviceId=0&enrollmentVersion=1 [33m400[0m 0.752 ms - 231[0m
[ error ] API request failed { code: [32m'invalid_request'[39m, statusCode: [33m400[39m }
[0mGET /api/sync/9dedd528-a4cc-43cb-9360-6a668558b325/envelopes?afterCursor=AAA&deviceId=0&enrollmentVersion=1 [33m400[0m 0.687 ms - 231[0m
[ error ] API request failed { code: [32m'invalid_request'[39m, statusCode: [33m400[39m }
[0mGET /api/sync/9dedd528-a4cc-43cb-9360-6a668558b325/envelopes?afterCursor=null&deviceId=0&enrollmentVersion=1 [33m400[0m 0.466 ms - 231[0m
[ error ] API request failed { code: [32m'invalid_request'[39m, statusCode: [33m400[39m }
[0mGET /api/sync/9dedd528-a4cc-43cb-9360-6a668558b325/envelopes?afterCursor=false&deviceId=0&enrollmentVersion=1 [33m400[0m 0.424 ms - 231[0m
[ error ] API request failed { code: [32m'invalid_request'[39m, statusCode: [33m400[39m }
[0mGET /api/sync/9dedd528-a4cc-43cb-9360-6a668558b325/envelopes?afterCursor=2.5890419884777833e-42&deviceId=0&enrollmentVersion=1 [33m400[0m 0.403 ms - 230[0m
[ error ] API request failed { code: [32m'device_lifecycle_rejected'[39m, statusCode: [33m409[39m }
[0mGET /api/sync/9dedd528-a4cc-43cb-9360-6a668558b325/envelopes?afterCursor=0&deviceId=device-2zJHDm4s4XrnUjC-&enrollmentVersion=1 [33m409[0m 2.910 ms - 90[0m
[ error ] API request failed { code: [32m'device_lifecycle_rejected'[39m, statusCode: [33m409[39m }
[0mGET /api/sync/9dedd528-a4cc-43cb-9360-6a668558b325/envelopes?deviceId=0&enrollmentVersion=1&x-schemathesis-unknown-property=42 [33m409[0m 3.745 ms - 70[0m
[ error ] API request failed { code: [32m'invalid_request'[39m, statusCode: [33m400[39m }
[0mGET /api/sync/9dedd528-a4cc-43cb-9360-6a668558b325/envelopes?deviceId=0&enrollmentVersion=9007199254740992 [33m400[0m 0.430 ms - 315[0m
[ error ] API request failed { code: [32m'invalid_request'[39m, statusCode: [33m400[39m }
[0mGET /api/sync/9dedd528-a4cc-43cb-9360-6a668558b325/envelopes?deviceId=0&enrollmentVersion=0 [33m400[0m 0.523 ms - 227[0m
[ error ] API request failed { code: [32m'invalid_request'[39m, statusCode: [33m400[39m }
[0mGET /api/sync/9dedd528-a4cc-43cb-9360-6a668558b325/envelopes?deviceId=0&enrollmentVersion=null&enrollmentVersion=null [33m400[0m 0.378 ms - 237[0m
[ error ] API request failed { code: [32m'invalid_request'[39m, statusCode: [33m400[39m }
[0mGET /api/sync/9dedd528-a4cc-43cb-9360-6a668558b325/envelopes?deviceId=0&enrollmentVersion=AAA [33m400[0m 0.553 ms - 237[0m
[ error ] API request failed { code: [32m'invalid_request'[39m, statusCode: [33m400[39m }
[0mGET /api/sync/9dedd528-a4cc-43cb-9360-6a668558b325/envelopes?deviceId=0&enrollmentVersion=null [33m400[0m 0.731 ms - 237[0m
[ error ] API request failed { code: [32m'invalid_request'[39m, statusCode: [33m400[39m }
[0mGET /api/sync/9dedd528-a4cc-43cb-9360-6a668558b325/envelopes?deviceId=0&enrollmentVersion=false [33m400[0m 0.656 ms - 237[0m
[ error ] API request failed { code: [32m'invalid_request'[39m, statusCode: [33m400[39m }
[0mGET /api/sync/9dedd528-a4cc-43cb-9360-6a668558b325/envelopes?deviceId=0&enrollmentVersion=2.5890419884777833e-42 [33m400[0m 0.482 ms - 236[0m
[ error ] API request failed { code: [32m'invalid_request'[39m, statusCode: [33m400[39m }
[0mGET /api/sync/9dedd528-a4cc-43cb-9360-6a668558b325/envelopes?deviceId=&enrollmentVersion=1 [33m400[0m 0.456 ms - 245[0m
[ error ] API request failed { code: [32m'device_lifecycle_rejected'[39m, statusCode: [33m409[39m }
[0mGET /api/sync/9dedd528-a4cc-43cb-9360-6a668558b325/envelopes?deviceId=device-2zJHDm4s4XrnUjC-&enrollmentVersion=1 [33m409[0m 3.976 ms - 90[0m
[ error ] API request failed { code: [32m'invalid_request'[39m, statusCode: [33m400[39m }
[0mGET /api/sync/9dedd528-a4cc-43cb-9360-6a668558b325/envelopes?afterCursor=0&limit=100&deviceId=device-2zJHDm4s4XrnUjC- [33m400[0m 0.395 ms - 237[0m
[ error ] API request failed { code: [32m'invalid_request'[39m, statusCode: [33m400[39m }
[0mGET /api/sync/9dedd528-a4cc-43cb-9360-6a668558b325/envelopes?afterCursor=0&limit=100&enrollmentVersion=1 [33m400[0m 0.434 ms - 223[0m
[ error ] API request failed { code: [32m'invalid_request'[39m, statusCode: [33m400[39m }
[0mGET /api/sync/9dedd528-a4cc-43cb-9360-6a668558b325/envelopes?afterCursor=0&limit=100&deviceId=device-2zJHDm4s4XrnUjC-&enrollmentVersion=9007199254740992 [33m400[0m 0.373 ms - 315[0m
[ error ] API request failed { code: [32m'invalid_request'[39m, statusCode: [33m400[39m }
[0mGET /api/sync/9dedd528-a4cc-43cb-9360-6a668558b325/envelopes?afterCursor=0&limit=100&deviceId=device-2zJHDm4s4XrnUjC-&enrollmentVersion=0 [33m400[0m 0.487 ms - 227[0m
[ error ] API request failed { code: [32m'invalid_request'[39m, statusCode: [33m400[39m }
[0mGET /api/sync/9dedd528-a4cc-43cb-9360-6a668558b325/envelopes?afterCursor=0&limit=100&deviceId=device-2zJHDm4s4XrnUjC-&enrollmentVersion=null&enrollmentVersion=null [33m400[0m 0.426 ms - 237[0m
[ error ] API request failed { code: [32m'invalid_request'[39m, statusCode: [33m400[39m }
[0mGET /api/sync/9dedd528-a4cc-43cb-9360-6a668558b325/envelopes?afterCursor=0&limit=100&deviceId=device-2zJHDm4s4XrnUjC-&enrollmentVersion=AAA [33m400[0m 0.433 ms - 237[0m
[ error ] API request failed { code: [32m'invalid_request'[39m, statusCode: [33m400[39m }
[0mGET /api/sync/9dedd528-a4cc-43cb-9360-6a668558b325/envelopes?afterCursor=0&limit=100&deviceId=device-2zJHDm4s4XrnUjC-&enrollmentVersion=null [33m400[0m 0.384 ms - 237[0m
[ error ] API request failed { code: [32m'invalid_request'[39m, statusCode: [33m400[39m }
[0mGET /api/sync/9dedd528-a4cc-43cb-9360-6a668558b325/envelopes?afterCursor=0&limit=100&deviceId=device-2zJHDm4s4XrnUjC-&enrollmentVersion=false [33m400[0m 0.481 ms - 237[0m
[ error ] API request failed { code: [32m'invalid_request'[39m, statusCode: [33m400[39m }
[0mGET /api/sync/9dedd528-a4cc-43cb-9360-6a668558b325/envelopes?afterCursor=0&limit=100&deviceId=device-2zJHDm4s4XrnUjC-&enrollmentVersion=2.5890419884777833e-42 [33m400[0m 0.453 ms - 236[0m
[ error ] API request failed { code: [32m'device_lifecycle_rejected'[39m, statusCode: [33m409[39m }
[0mGET /api/sync/9dedd528-a4cc-43cb-9360-6a668558b325/envelopes?afterCursor=0&limit=100&deviceId=device-2zJHDm4s4XrnUjC-&enrollmentVersion=9007199254740990 [33m409[0m 5.979 ms - 90[0m
[ error ] API request failed { code: [32m'device_lifecycle_rejected'[39m, statusCode: [33m409[39m }
[0mGET /api/sync/9dedd528-a4cc-43cb-9360-6a668558b325/envelopes?afterCursor=0&limit=100&deviceId=device-2zJHDm4s4XrnUjC-&enrollmentVersion=9007199254740991 [33m409[0m 3.658 ms - 90[0m
[ error ] API request failed { code: [32m'device_lifecycle_rejected'[39m, statusCode: [33m409[39m }
[0mGET /api/sync/9dedd528-a4cc-43cb-9360-6a668558b325/envelopes?afterCursor=0&limit=100&deviceId=device-2zJHDm4s4XrnUjC-&enrollmentVersion=2 [33m409[0m 3.884 ms - 90[0m
[ error ] API request failed { code: [32m'invalid_request'[39m, statusCode: [33m400[39m }
[0mGET /api/sync/9dedd528-a4cc-43cb-9360-6a668558b325/envelopes?afterCursor=0&limit=100&deviceId=&enrollmentVersion=1 [33m400[0m 0.554 ms - 245[0m
[ error ] API request failed { code: [32m'device_lifecycle_rejected'[39m, statusCode: [33m409[39m }
[0mGET /api/sync/9dedd528-a4cc-43cb-9360-6a668558b325/envelopes?afterCursor=0&limit=100&deviceId=00&enrollmentVersion=1 [33m409[0m 3.743 ms - 70[0m
[ error ] API request failed { code: [32m'device_lifecycle_rejected'[39m, statusCode: [33m409[39m }
[0mGET /api/sync/9dedd528-a4cc-43cb-9360-6a668558b325/envelopes?afterCursor=0&limit=100&deviceId=0&enrollmentVersion=1 [33m409[0m 3.118 ms - 70[0m
[ error ] API request failed { code: [32m'invalid_request'[39m, statusCode: [33m400[39m }
[0mGET /api/sync/9dedd528-a4cc-43cb-9360-6a668558b325/envelopes?afterCursor=0&limit=101&deviceId=device-2zJHDm4s4XrnUjC-&enrollmentVersion=1 [33m400[0m 0.477 ms - 216[0m
[ error ] API request failed { code: [32m'invalid_request'[39m, statusCode: [33m400[39m }
[0mGET /api/sync/9dedd528-a4cc-43cb-9360-6a668558b325/envelopes?afterCursor=0&limit=0&deviceId=device-2zJHDm4s4XrnUjC-&enrollmentVersion=1 [33m400[0m 0.476 ms - 216[0m
[ error ] API request failed { code: [32m'invalid_request'[39m, statusCode: [33m400[39m }
[0mGET /api/sync/9dedd528-a4cc-43cb-9360-6a668558b325/envelopes?afterCursor=0&limit=null&limit=null&deviceId=device-2zJHDm4s4XrnUjC-&enrollmentVersion=1 [33m400[0m 0.547 ms - 225[0m
[ error ] API request failed { code: [32m'invalid_request'[39m, statusCode: [33m400[39m }
[0mGET /api/sync/9dedd528-a4cc-43cb-9360-6a668558b325/envelopes?afterCursor=0&limit=AAA&deviceId=device-2zJHDm4s4XrnUjC-&enrollmentVersion=1 [33m400[0m 0.625 ms - 225[0m
[ error ] API request failed { code: [32m'invalid_request'[39m, statusCode: [33m400[39m }
[0mGET /api/sync/9dedd528-a4cc-43cb-9360-6a668558b325/envelopes?afterCursor=0&limit=null&deviceId=device-2zJHDm4s4XrnUjC-&enrollmentVersion=1 [33m400[0m 0.468 ms - 225[0m
[ error ] API request failed { code: [32m'invalid_request'[39m, statusCode: [33m400[39m }
[0mGET /api/sync/9dedd528-a4cc-43cb-9360-6a668558b325/envelopes?afterCursor=0&limit=false&deviceId=device-2zJHDm4s4XrnUjC-&enrollmentVersion=1 [33m400[0m 0.447 ms - 225[0m
[ error ] API request failed { code: [32m'invalid_request'[39m, statusCode: [33m400[39m }
[0mGET /api/sync/9dedd528-a4cc-43cb-9360-6a668558b325/envelopes?afterCursor=0&limit=2.5890419884777833e-42&deviceId=device-2zJHDm4s4XrnUjC-&enrollmentVersion=1 [33m400[0m 0.414 ms - 224[0m
[ error ] API request failed { code: [32m'device_lifecycle_rejected'[39m, statusCode: [33m409[39m }
[0mGET /api/sync/9dedd528-a4cc-43cb-9360-6a668558b325/envelopes?afterCursor=0&limit=99&deviceId=device-2zJHDm4s4XrnUjC-&enrollmentVersion=1 [33m409[0m 2.530 ms - 90[0m
[ error ] API request failed { code: [32m'device_lifecycle_rejected'[39m, statusCode: [33m409[39m }
[0mGET /api/sync/9dedd528-a4cc-43cb-9360-6a668558b325/envelopes?afterCursor=0&limit=2&deviceId=device-2zJHDm4s4XrnUjC-&enrollmentVersion=1 [33m409[0m 4.493 ms - 90[0m
[ error ] API request failed { code: [32m'device_lifecycle_rejected'[39m, statusCode: [33m409[39m }
[0mGET /api/sync/9dedd528-a4cc-43cb-9360-6a668558b325/envelopes?afterCursor=0&limit=1&deviceId=device-2zJHDm4s4XrnUjC-&enrollmentVersion=1 [33m409[0m 3.064 ms - 90[0m
[ error ] API request failed { code: [32m'invalid_request'[39m, statusCode: [33m400[39m }
[0mGET /api/sync/9dedd528-a4cc-43cb-9360-6a668558b325/envelopes?afterCursor=9007199254740992&limit=100&deviceId=device-2zJHDm4s4XrnUjC-&enrollmentVersion=1 [33m400[0m 0.452 ms - 309[0m
[ error ] API request failed { code: [32m'invalid_request'[39m, statusCode: [33m400[39m }
[0mGET /api/sync/9dedd528-a4cc-43cb-9360-6a668558b325/envelopes?afterCursor=-1&limit=100&deviceId=device-2zJHDm4s4XrnUjC-&enrollmentVersion=1 [33m400[0m 0.497 ms - 222[0m
[ error ] API request failed { code: [32m'invalid_request'[39m, statusCode: [33m400[39m }
[0mGET /api/sync/9dedd528-a4cc-43cb-9360-6a668558b325/envelopes?afterCursor=null&afterCursor=null&limit=100&deviceId=device-2zJHDm4s4XrnUjC-&enrollmentVersion=1 [33m400[0m 0.426 ms - 231[0m
[ error ] API request failed { code: [32m'invalid_request'[39m, statusCode: [33m400[39m }
[0mGET /api/sync/9dedd528-a4cc-43cb-9360-6a668558b325/envelopes?afterCursor=AAA&limit=100&deviceId=device-2zJHDm4s4XrnUjC-&enrollmentVersion=1 [33m400[0m 0.644 ms - 231[0m
[ error ] API request failed { code: [32m'invalid_request'[39m, statusCode: [33m400[39m }
[0mGET /api/sync/9dedd528-a4cc-43cb-9360-6a668558b325/envelopes?afterCursor=null&limit=100&deviceId=device-2zJHDm4s4XrnUjC-&enrollmentVersion=1 [33m400[0m 0.620 ms - 231[0m
[ error ] API request failed { code: [32m'invalid_request'[39m, statusCode: [33m400[39m }
[0mGET /api/sync/9dedd528-a4cc-43cb-9360-6a668558b325/envelopes?afterCursor=false&limit=100&deviceId=device-2zJHDm4s4XrnUjC-&enrollmentVersion=1 [33m400[0m 0.426 ms - 231[0m
[ error ] API request failed { code: [32m'invalid_request'[39m, statusCode: [33m400[39m }
[0mGET /api/sync/9dedd528-a4cc-43cb-9360-6a668558b325/envelopes?afterCursor=2.5890419884777833e-42&limit=100&deviceId=device-2zJHDm4s4XrnUjC-&enrollmentVersion=1 [33m400[0m 0.369 ms - 230[0m
[ error ] API request failed { code: [32m'device_lifecycle_rejected'[39m, statusCode: [33m409[39m }
[0mGET /api/sync/9dedd528-a4cc-43cb-9360-6a668558b325/envelopes?afterCursor=9007199254740990&limit=100&deviceId=device-2zJHDm4s4XrnUjC-&enrollmentVersion=1 [33m409[0m 5.144 ms - 90[0m
[ error ] API request failed { code: [32m'device_lifecycle_rejected'[39m, statusCode: [33m409[39m }
[0mGET /api/sync/9dedd528-a4cc-43cb-9360-6a668558b325/envelopes?afterCursor=9007199254740991&limit=100&deviceId=device-2zJHDm4s4XrnUjC-&enrollmentVersion=1 [33m409[0m 8.128 ms - 90[0m
[ error ] API request failed { code: [32m'device_lifecycle_rejected'[39m, statusCode: [33m409[39m }
[0mGET /api/sync/9dedd528-a4cc-43cb-9360-6a668558b325/envelopes?afterCursor=1&limit=100&deviceId=device-2zJHDm4s4XrnUjC-&enrollmentVersion=1 [33m409[0m 5.245 ms - 90[0m
[ error ] API request failed { code: [32m'invalid_request'[39m, statusCode: [33m400[39m }
[0mGET /api/sync/000000000000000000000000000000000000000000000000000000000000000000000000000000000000000000000000000000000000000000000000000000000000000000000000000000000000000000000000000000000000000000000000000000000/envelopes?afterCursor=0&limit=100&deviceId=device-2zJHDm4s4XrnUjC-&enrollmentVersion=1 [33m400[0m 0.372 ms - 248[0m
[ error ] API request failed { code: [32m'workspace_not_found'[39m, statusCode: [33m404[39m }
[0mGET /api/sync/0000000000000000000000000000000000000000000000000000000000000000000000000000000000000000000000000000000000000000000000000000000000000000000000000000000000000000000000000000000000000000000000000000000/envelopes?afterCursor=0&limit=100&deviceId=device-2zJHDm4s4XrnUjC-&enrollmentVersion=1 [33m404[0m 1.479 ms - 76[0m
[ error ] API request failed { code: [32m'workspace_not_found'[39m, statusCode: [33m404[39m }
[0mGET /api/sync/00000000000000000000000000000000000000000000000000000000000000000000000000000000000000000000000000000000000000000000000000000000000000000000000000000000000000000000000000000000000000000000000000000000/envelopes?afterCursor=0&limit=100&deviceId=device-2zJHDm4s4XrnUjC-&enrollmentVersion=1 [33m404[0m 2.515 ms - 76[0m
[ error ] API request failed { code: [32m'workspace_not_found'[39m, statusCode: [33m404[39m }
[0mGET /api/sync/00/envelopes?afterCursor=0&limit=100&deviceId=device-2zJHDm4s4XrnUjC-&enrollmentVersion=1 [33m404[0m 2.887 ms - 76[0m
[ error ] API request failed { code: [32m'workspace_not_found'[39m, statusCode: [33m404[39m }
[0mGET /api/sync/0/envelopes?afterCursor=0&limit=100&deviceId=device-2zJHDm4s4XrnUjC-&enrollmentVersion=1 [33m404[0m 2.518 ms - 76[0m
[ error ] API request failed { code: [32m'device_lifecycle_rejected'[39m, statusCode: [33m409[39m }
[0mGET /api/sync/9dedd528-a4cc-43cb-9360-6a668558b325/envelopes?afterCursor=0&limit=100&deviceId=device-2zJHDm4s4XrnUjC-&enrollmentVersion=1 [33m409[0m 4.081 ms - 90[0m
[ error ] API request failed { code: [32m'invalid_request'[39m, statusCode: [33m400[39m }
[0mGET /api/sync/9dedd528-a4cc-43cb-9360-6a668558b325/checkpoints/0?deviceId=device-2zJHDm4s4XrnUjC- [33m400[0m 0.490 ms - 237[0m
[ error ] API request failed { code: [32m'invalid_request'[39m, statusCode: [33m400[39m }
[0mGET /api/sync/9dedd528-a4cc-43cb-9360-6a668558b325/checkpoints/0?enrollmentVersion=1 [33m400[0m 0.488 ms - 223[0m
[0mTRACE /api/sync/9dedd528-a4cc-43cb-9360-6a668558b325/checkpoints/0?deviceId=device-2zJHDm4s4XrnUjC-&enrollmentVersion=1 [33m405[0m 0.103 ms - 78[0m
[0mQUERY /api/sync/9dedd528-a4cc-43cb-9360-6a668558b325/checkpoints/0?deviceId=device-2zJHDm4s4XrnUjC-&enrollmentVersion=1 [33m405[0m 0.093 ms - 78[0m
[0mPUT /api/sync/9dedd528-a4cc-43cb-9360-6a668558b325/checkpoints/0?deviceId=device-2zJHDm4s4XrnUjC-&enrollmentVersion=1 [33m405[0m 0.091 ms - 78[0m
[0mPOST /api/sync/9dedd528-a4cc-43cb-9360-6a668558b325/checkpoints/0?deviceId=device-2zJHDm4s4XrnUjC-&enrollmentVersion=1 [33m405[0m 0.128 ms - 78[0m
[0mPATCH /api/sync/9dedd528-a4cc-43cb-9360-6a668558b325/checkpoints/0?deviceId=device-2zJHDm4s4XrnUjC-&enrollmentVersion=1 [33m405[0m 0.141 ms - 78[0m
[0mOPTIONS /api/sync/9dedd528-a4cc-43cb-9360-6a668558b325/checkpoints/0?deviceId=device-2zJHDm4s4XrnUjC-&enrollmentVersion=1 [33m405[0m 0.122 ms - 78[0m
[0mDELETE /api/sync/9dedd528-a4cc-43cb-9360-6a668558b325/checkpoints/0?deviceId=device-2zJHDm4s4XrnUjC-&enrollmentVersion=1 [33m405[0m 0.114 ms - 78[0m
[ error ] API request failed { code: [32m'invalid_request'[39m, statusCode: [33m400[39m }
[0mGET /api/sync/9dedd528-a4cc-43cb-9360-6a668558b325/checkpoints/0?deviceId=device-2zJHDm4s4XrnUjC-&enrollmentVersion=9007199254740992 [33m400[0m 0.400 ms - 315[0m
[ error ] API request failed { code: [32m'invalid_request'[39m, statusCode: [33m400[39m }
[0mGET /api/sync/9dedd528-a4cc-43cb-9360-6a668558b325/checkpoints/0?deviceId=device-2zJHDm4s4XrnUjC-&enrollmentVersion=0 [33m400[0m 0.361 ms - 227[0m
[ error ] API request failed { code: [32m'invalid_request'[39m, statusCode: [33m400[39m }
[0mGET /api/sync/9dedd528-a4cc-43cb-9360-6a668558b325/checkpoints/0?deviceId=device-2zJHDm4s4XrnUjC-&enrollmentVersion=null&enrollmentVersion=null [33m400[0m 0.450 ms - 237[0m
[ error ] API request failed { code: [32m'invalid_request'[39m, statusCode: [33m400[39m }
[0mGET /api/sync/9dedd528-a4cc-43cb-9360-6a668558b325/checkpoints/0?deviceId=device-2zJHDm4s4XrnUjC-&enrollmentVersion=AAA [33m400[0m 0.384 ms - 237[0m
[ error ] API request failed { code: [32m'invalid_request'[39m, statusCode: [33m400[39m }
[0mGET /api/sync/9dedd528-a4cc-43cb-9360-6a668558b325/checkpoints/0?deviceId=device-2zJHDm4s4XrnUjC-&enrollmentVersion=null [33m400[0m 0.336 ms - 237[0m
[ error ] API request failed { code: [32m'invalid_request'[39m, statusCode: [33m400[39m }
[0mGET /api/sync/9dedd528-a4cc-43cb-9360-6a668558b325/checkpoints/0?deviceId=device-2zJHDm4s4XrnUjC-&enrollmentVersion=false [33m400[0m 0.411 ms - 237[0m
[ error ] API request failed { code: [32m'invalid_request'[39m, statusCode: [33m400[39m }
[0mGET /api/sync/9dedd528-a4cc-43cb-9360-6a668558b325/checkpoints/0?deviceId=device-2zJHDm4s4XrnUjC-&enrollmentVersion=2.5890419884777833e-42 [33m400[0m 0.363 ms - 236[0m
[ error ] API request failed { code: [32m'checkpoint_not_found'[39m, statusCode: [33m404[39m }
[0mGET /api/sync/9dedd528-a4cc-43cb-9360-6a668558b325/checkpoints/0?deviceId=device-2zJHDm4s4XrnUjC-&enrollmentVersion=9007199254740990 [33m404[0m 2.348 ms - 82[0m
[ error ] API request failed { code: [32m'checkpoint_not_found'[39m, statusCode: [33m404[39m }
[0mGET /api/sync/9dedd528-a4cc-43cb-9360-6a668558b325/checkpoints/0?deviceId=device-2zJHDm4s4XrnUjC-&enrollmentVersion=9007199254740991 [33m404[0m 2.442 ms - 82[0m
[ error ] API request failed { code: [32m'checkpoint_not_found'[39m, statusCode: [33m404[39m }
[0mGET /api/sync/9dedd528-a4cc-43cb-9360-6a668558b325/checkpoints/0?deviceId=device-2zJHDm4s4XrnUjC-&enrollmentVersion=2 [33m404[0m 2.606 ms - 82[0m
[ error ] API request failed { code: [32m'invalid_request'[39m, statusCode: [33m400[39m }
[0mGET /api/sync/9dedd528-a4cc-43cb-9360-6a668558b325/checkpoints/0?deviceId=&enrollmentVersion=1 [33m400[0m 0.420 ms - 245[0m
[ error ] API request failed { code: [32m'checkpoint_not_found'[39m, statusCode: [33m404[39m }
[0mGET /api/sync/9dedd528-a4cc-43cb-9360-6a668558b325/checkpoints/0?deviceId=00&enrollmentVersion=1 [33m404[0m 2.643 ms - 82[0m
[ error ] API request failed { code: [32m'checkpoint_not_found'[39m, statusCode: [33m404[39m }
[0mGET /api/sync/9dedd528-a4cc-43cb-9360-6a668558b325/checkpoints/0?deviceId=0&enrollmentVersion=1 [33m404[0m 2.630 ms - 82[0m
[ error ] API request failed { code: [32m'checkpoint_not_found'[39m, statusCode: [33m404[39m }
[0mGET /api/sync/9dedd528-a4cc-43cb-9360-6a668558b325/checkpoints/00?deviceId=device-2zJHDm4s4XrnUjC-&enrollmentVersion=1 [33m404[0m 2.786 ms - 82[0m
[ error ] API request failed { code: [32m'invalid_request'[39m, statusCode: [33m400[39m }
[0mGET /api/sync/000000000000000000000000000000000000000000000000000000000000000000000000000000000000000000000000000000000000000000000000000000000000000000000000000000000000000000000000000000000000000000000000000000000/checkpoints/0?deviceId=device-2zJHDm4s4XrnUjC-&enrollmentVersion=1 [33m400[0m 0.505 ms - 248[0m
[ error ] API request failed { code: [32m'workspace_not_found'[39m, statusCode: [33m404[39m }
[0mGET /api/sync/0000000000000000000000000000000000000000000000000000000000000000000000000000000000000000000000000000000000000000000000000000000000000000000000000000000000000000000000000000000000000000000000000000000/checkpoints/0?deviceId=device-2zJHDm4s4XrnUjC-&enrollmentVersion=1 [33m404[0m 1.743 ms - 76[0m
[ error ] API request failed { code: [32m'workspace_not_found'[39m, statusCode: [33m404[39m }
[0mGET /api/sync/00000000000000000000000000000000000000000000000000000000000000000000000000000000000000000000000000000000000000000000000000000000000000000000000000000000000000000000000000000000000000000000000000000000/checkpoints/0?deviceId=device-2zJHDm4s4XrnUjC-&enrollmentVersion=1 [33m404[0m 2.498 ms - 76[0m
[ error ] API request failed { code: [32m'workspace_not_found'[39m, statusCode: [33m404[39m }
[0mGET /api/sync/00/checkpoints/0?deviceId=device-2zJHDm4s4XrnUjC-&enrollmentVersion=1 [33m404[0m 2.711 ms - 76[0m
[ error ] API request failed { code: [32m'workspace_not_found'[39m, statusCode: [33m404[39m }
[0mGET /api/sync/0/checkpoints/0?deviceId=device-2zJHDm4s4XrnUjC-&enrollmentVersion=1 [33m404[0m 1.441 ms - 76[0m
[ error ] API request failed { code: [32m'checkpoint_not_found'[39m, statusCode: [33m404[39m }
[0mGET /api/sync/9dedd528-a4cc-43cb-9360-6a668558b325/checkpoints/0?deviceId=device-2zJHDm4s4XrnUjC-&enrollmentVersion=1 [33m404[0m 2.547 ms - 82[0m
[ error ] API request failed { code: [32m'recovery_chain_unavailable'[39m, statusCode: [33m409[39m }
[0mGET /api/sync/9dedd528-a4cc-43cb-9360-6a668558b325/recovery?checkpointId=0&deviceId=0&enrollmentVersion=1&limit=100&x-schemathesis-unknown-property=42 [33m409[0m 2.477 ms - 92[0m
[ error ] API request failed { code: [32m'invalid_request'[39m, statusCode: [33m400[39m }
[0mGET /api/sync/9dedd528-a4cc-43cb-9360-6a668558b325/recovery?checkpointId=&deviceId=0&enrollmentVersion=1&limit=100 [33m400[0m 0.603 ms - 249[0m
[ error ] API request failed { code: [32m'invalid_request'[39m, statusCode: [33m400[39m }
[0mGET /api/sync/9dedd528-a4cc-43cb-9360-6a668558b325/recovery?checkpointId=0&deviceId=0&enrollmentVersion=9007199254740992&limit=100 [33m400[0m 0.515 ms - 315[0m
[ error ] API request failed { code: [32m'invalid_request'[39m, statusCode: [33m400[39m }
[0mGET /api/sync/9dedd528-a4cc-43cb-9360-6a668558b325/recovery?checkpointId=0&deviceId=0&enrollmentVersion=0&limit=100 [33m400[0m 0.375 ms - 227[0m
[ error ] API request failed { code: [32m'invalid_request'[39m, statusCode: [33m400[39m }
[0mGET /api/sync/9dedd528-a4cc-43cb-9360-6a668558b325/recovery?checkpointId=0&deviceId=0&enrollmentVersion=null&enrollmentVersion=null&limit=100 [33m400[0m 0.381 ms - 237[0m
[ error ] API request failed { code: [32m'invalid_request'[39m, statusCode: [33m400[39m }
[0mGET /api/sync/9dedd528-a4cc-43cb-9360-6a668558b325/recovery?checkpointId=0&deviceId=0&enrollmentVersion=AAA&limit=100 [33m400[0m 0.664 ms - 237[0m
[ error ] API request failed { code: [32m'invalid_request'[39m, statusCode: [33m400[39m }
[0mGET /api/sync/9dedd528-a4cc-43cb-9360-6a668558b325/recovery?checkpointId=0&deviceId=0&enrollmentVersion=null&limit=100 [33m400[0m 0.452 ms - 237[0m
[ error ] API request failed { code: [32m'invalid_request'[39m, statusCode: [33m400[39m }
[0mGET /api/sync/9dedd528-a4cc-43cb-9360-6a668558b325/recovery?checkpointId=0&deviceId=0&enrollmentVersion=false&limit=100 [33m400[0m 1.182 ms - 237[0m
[ error ] API request failed { code: [32m'invalid_request'[39m, statusCode: [33m400[39m }
[0mGET /api/sync/9dedd528-a4cc-43cb-9360-6a668558b325/recovery?checkpointId=0&deviceId=0&enrollmentVersion=2.5890419884777833e-42&limit=100 [33m400[0m 1.204 ms - 236[0m
[ error ] API request failed { code: [32m'invalid_request'[39m, statusCode: [33m400[39m }
[0mGET /api/sync/9dedd528-a4cc-43cb-9360-6a668558b325/recovery?checkpointId=0&deviceId=&enrollmentVersion=1&limit=100 [33m400[0m 1.489 ms - 245[0m
[ error ] API request failed { code: [32m'invalid_request'[39m, statusCode: [33m400[39m }
[0mGET /api/sync/9dedd528-a4cc-43cb-9360-6a668558b325/recovery?checkpointId=0&deviceId=0&enrollmentVersion=1&limit=101 [33m400[0m 1.115 ms - 216[0m
[ error ] API request failed { code: [32m'invalid_request'[39m, statusCode: [33m400[39m }
[0mGET /api/sync/9dedd528-a4cc-43cb-9360-6a668558b325/recovery?checkpointId=0&deviceId=0&enrollmentVersion=1&limit=0 [33m400[0m 0.359 ms - 216[0m
[ error ] API request failed { code: [32m'invalid_request'[39m, statusCode: [33m400[39m }
[0mGET /api/sync/9dedd528-a4cc-43cb-9360-6a668558b325/recovery?checkpointId=0&deviceId=0&enrollmentVersion=1&limit=null&limit=null [33m400[0m 0.281 ms - 225[0m
[ error ] API request failed { code: [32m'invalid_request'[39m, statusCode: [33m400[39m }
[0mGET /api/sync/9dedd528-a4cc-43cb-9360-6a668558b325/recovery?checkpointId=0&deviceId=0&enrollmentVersion=1&limit=AAA [33m400[0m 0.280 ms - 225[0m
[ error ] API request failed { code: [32m'invalid_request'[39m, statusCode: [33m400[39m }
[0mGET /api/sync/9dedd528-a4cc-43cb-9360-6a668558b325/recovery?checkpointId=0&deviceId=0&enrollmentVersion=1&limit=null [33m400[0m 0.345 ms - 225[0m
[ error ] API request failed { code: [32m'invalid_request'[39m, statusCode: [33m400[39m }
[0mGET /api/sync/9dedd528-a4cc-43cb-9360-6a668558b325/recovery?checkpointId=0&deviceId=0&enrollmentVersion=1&limit=false [33m400[0m 0.318 ms - 225[0m
[ error ] API request failed { code: [32m'invalid_request'[39m, statusCode: [33m400[39m }
[0mGET /api/sync/9dedd528-a4cc-43cb-9360-6a668558b325/recovery?checkpointId=0&deviceId=0&enrollmentVersion=1&limit=2.5890419884777833e-42 [33m400[0m 0.511 ms - 224[0m
[ error ] API request failed { code: [32m'recovery_chain_unavailable'[39m, statusCode: [33m409[39m }
[0mGET /api/sync/9dedd528-a4cc-43cb-9360-6a668558b325/recovery?limit=100&deviceId=device-2zJHDm4s4XrnUjC-&enrollmentVersion=1&checkpointId=0 [33m409[0m 3.588 ms - 92[0m
[ error ] API request failed { code: [32m'recovery_chain_unavailable'[39m, statusCode: [33m409[39m }
[0mGET /api/sync/9dedd528-a4cc-43cb-9360-6a668558b325/recovery?afterCursor=0&checkpointId=0&deviceId=0&enrollmentVersion=1&x-schemathesis-unknown-property=42 [33m409[0m 3.707 ms - 92[0m
[ error ] API request failed { code: [32m'invalid_request'[39m, statusCode: [33m400[39m }
[0mGET /api/sync/9dedd528-a4cc-43cb-9360-6a668558b325/recovery?afterCursor=0&checkpointId=&deviceId=0&enrollmentVersion=1 [33m400[0m 0.476 ms - 249[0m
[ error ] API request failed { code: [32m'invalid_request'[39m, statusCode: [33m400[39m }
[0mGET /api/sync/9dedd528-a4cc-43cb-9360-6a668558b325/recovery?afterCursor=0&checkpointId=0&deviceId=0&enrollmentVersion=9007199254740992 [33m400[0m 0.321 ms - 315[0m
[ error ] API request failed { code: [32m'invalid_request'[39m, statusCode: [33m400[39m }
[0mGET /api/sync/9dedd528-a4cc-43cb-9360-6a668558b325/recovery?afterCursor=0&checkpointId=0&deviceId=0&enrollmentVersion=0 [33m400[0m 0.403 ms - 227[0m
[ error ] API request failed { code: [32m'invalid_request'[39m, statusCode: [33m400[39m }
[0mGET /api/sync/9dedd528-a4cc-43cb-9360-6a668558b325/recovery?afterCursor=0&checkpointId=0&deviceId=0&enrollmentVersion=null&enrollmentVersion=null [33m400[0m 0.363 ms - 237[0m
[ error ] API request failed { code: [32m'invalid_request'[39m, statusCode: [33m400[39m }
[0mGET /api/sync/9dedd528-a4cc-43cb-9360-6a668558b325/recovery?afterCursor=0&checkpointId=0&deviceId=0&enrollmentVersion=AAA [33m400[0m 0.484 ms - 237[0m
[ error ] API request failed { code: [32m'invalid_request'[39m, statusCode: [33m400[39m }
[0mGET /api/sync/9dedd528-a4cc-43cb-9360-6a668558b325/recovery?afterCursor=0&checkpointId=0&deviceId=0&enrollmentVersion=null [33m400[0m 0.648 ms - 237[0m
[ error ] API request failed { code: [32m'invalid_request'[39m, statusCode: [33m400[39m }
[0mGET /api/sync/9dedd528-a4cc-43cb-9360-6a668558b325/recovery?afterCursor=0&checkpointId=0&deviceId=0&enrollmentVersion=false [33m400[0m 0.380 ms - 237[0m
[ error ] API request failed { code: [32m'invalid_request'[39m, statusCode: [33m400[39m }
[0mGET /api/sync/9dedd528-a4cc-43cb-9360-6a668558b325/recovery?afterCursor=0&checkpointId=0&deviceId=0&enrollmentVersion=2.5890419884777833e-42 [33m400[0m 0.395 ms - 236[0m
[ error ] API request failed { code: [32m'invalid_request'[39m, statusCode: [33m400[39m }
[0mGET /api/sync/9dedd528-a4cc-43cb-9360-6a668558b325/recovery?afterCursor=0&checkpointId=0&deviceId=&enrollmentVersion=1 [33m400[0m 0.319 ms - 245[0m
[ error ] API request failed { code: [32m'invalid_request'[39m, statusCode: [33m400[39m }
[0mGET /api/sync/9dedd528-a4cc-43cb-9360-6a668558b325/recovery?afterCursor=9007199254740992&checkpointId=0&deviceId=0&enrollmentVersion=1 [33m400[0m 0.525 ms - 309[0m
[ error ] API request failed { code: [32m'invalid_request'[39m, statusCode: [33m400[39m }
[0mGET /api/sync/9dedd528-a4cc-43cb-9360-6a668558b325/recovery?afterCursor=-1&checkpointId=0&deviceId=0&enrollmentVersion=1 [33m400[0m 0.410 ms - 222[0m
[ error ] API request failed { code: [32m'invalid_request'[39m, statusCode: [33m400[39m }
[0mGET /api/sync/9dedd528-a4cc-43cb-9360-6a668558b325/recovery?afterCursor=null&afterCursor=null&checkpointId=0&deviceId=0&enrollmentVersion=1 [33m400[0m 0.393 ms - 231[0m
[ error ] API request failed { code: [32m'invalid_request'[39m, statusCode: [33m400[39m }
[0mGET /api/sync/9dedd528-a4cc-43cb-9360-6a668558b325/recovery?afterCursor=AAA&checkpointId=0&deviceId=0&enrollmentVersion=1 [33m400[0m 0.548 ms - 231[0m
[ error ] API request failed { code: [32m'invalid_request'[39m, statusCode: [33m400[39m }
[0mGET /api/sync/9dedd528-a4cc-43cb-9360-6a668558b325/recovery?afterCursor=null&checkpointId=0&deviceId=0&enrollmentVersion=1 [33m400[0m 0.411 ms - 231[0m
[ error ] API request failed { code: [32m'invalid_request'[39m, statusCode: [33m400[39m }
[0mGET /api/sync/9dedd528-a4cc-43cb-9360-6a668558b325/recovery?afterCursor=false&checkpointId=0&deviceId=0&enrollmentVersion=1 [33m400[0m 0.787 ms - 231[0m
[ error ] API request failed { code: [32m'invalid_request'[39m, statusCode: [33m400[39m }
[0mGET /api/sync/9dedd528-a4cc-43cb-9360-6a668558b325/recovery?afterCursor=2.5890419884777833e-42&checkpointId=0&deviceId=0&enrollmentVersion=1 [33m400[0m 1.191 ms - 230[0m
[ error ] API request failed { code: [32m'recovery_chain_unavailable'[39m, statusCode: [33m409[39m }
[0mGET /api/sync/9dedd528-a4cc-43cb-9360-6a668558b325/recovery?afterCursor=0&deviceId=device-2zJHDm4s4XrnUjC-&enrollmentVersion=1&checkpointId=0 [33m409[0m 7.599 ms - 92[0m
[ error ] API request failed { code: [32m'recovery_chain_unavailable'[39m, statusCode: [33m409[39m }
[0mGET /api/sync/9dedd528-a4cc-43cb-9360-6a668558b325/recovery?checkpointId=0&deviceId=0&enrollmentVersion=1&x-schemathesis-unknown-property=42 [33m409[0m 9.281 ms - 92[0m
[ error ] API request failed { code: [32m'invalid_request'[39m, statusCode: [33m400[39m }
[0mGET /api/sync/9dedd528-a4cc-43cb-9360-6a668558b325/recovery?checkpointId=&deviceId=0&enrollmentVersion=1 [33m400[0m 1.436 ms - 249[0m
[ error ] API request failed { code: [32m'invalid_request'[39m, statusCode: [33m400[39m }
[0mGET /api/sync/9dedd528-a4cc-43cb-9360-6a668558b325/recovery?checkpointId=0&deviceId=0&enrollmentVersion=9007199254740992 [33m400[0m 1.209 ms - 315[0m
[ error ] API request failed { code: [32m'invalid_request'[39m, statusCode: [33m400[39m }
[0mGET /api/sync/9dedd528-a4cc-43cb-9360-6a668558b325/recovery?checkpointId=0&deviceId=0&enrollmentVersion=0 [33m400[0m 1.096 ms - 227[0m
[ error ] API request failed { code: [32m'invalid_request'[39m, statusCode: [33m400[39m }
[0mGET /api/sync/9dedd528-a4cc-43cb-9360-6a668558b325/recovery?checkpointId=0&deviceId=0&enrollmentVersion=null&enrollmentVersion=null [33m400[0m 0.996 ms - 237[0m
[ error ] API request failed { code: [32m'invalid_request'[39m, statusCode: [33m400[39m }
[0mGET /api/sync/9dedd528-a4cc-43cb-9360-6a668558b325/recovery?checkpointId=0&deviceId=0&enrollmentVersion=AAA [33m400[0m 1.037 ms - 237[0m
[ error ] API request failed { code: [32m'invalid_request'[39m, statusCode: [33m400[39m }
[0mGET /api/sync/9dedd528-a4cc-43cb-9360-6a668558b325/recovery?checkpointId=0&deviceId=0&enrollmentVersion=null [33m400[0m 0.833 ms - 237[0m
[ error ] API request failed { code: [32m'invalid_request'[39m, statusCode: [33m400[39m }
[0mGET /api/sync/9dedd528-a4cc-43cb-9360-6a668558b325/recovery?checkpointId=0&deviceId=0&enrollmentVersion=false [33m400[0m 0.391 ms - 237[0m
[ error ] API request failed { code: [32m'invalid_request'[39m, statusCode: [33m400[39m }
[0mGET /api/sync/9dedd528-a4cc-43cb-9360-6a668558b325/recovery?checkpointId=0&deviceId=0&enrollmentVersion=2.5890419884777833e-42 [33m400[0m 0.550 ms - 236[0m
[ error ] API request failed { code: [32m'invalid_request'[39m, statusCode: [33m400[39m }
[0mGET /api/sync/9dedd528-a4cc-43cb-9360-6a668558b325/recovery?checkpointId=0&deviceId=&enrollmentVersion=1 [33m400[0m 0.731 ms - 245[0m
[ error ] API request failed { code: [32m'recovery_chain_unavailable'[39m, statusCode: [33m409[39m }
[0mGET /api/sync/9dedd528-a4cc-43cb-9360-6a668558b325/recovery?deviceId=device-2zJHDm4s4XrnUjC-&enrollmentVersion=1&checkpointId=0 [33m409[0m 2.979 ms - 92[0m
[ error ] API request failed { code: [32m'invalid_request'[39m, statusCode: [33m400[39m }
[0mGET /api/sync/9dedd528-a4cc-43cb-9360-6a668558b325/recovery?afterCursor=0&limit=100&deviceId=device-2zJHDm4s4XrnUjC-&enrollmentVersion=1 [33m400[0m 0.476 ms - 227[0m
[ error ] API request failed { code: [32m'invalid_request'[39m, statusCode: [33m400[39m }
[0mGET /api/sync/9dedd528-a4cc-43cb-9360-6a668558b325/recovery?afterCursor=0&limit=100&deviceId=device-2zJHDm4s4XrnUjC-&checkpointId=0 [33m400[0m 0.346 ms - 237[0m
[ error ] API request failed { code: [32m'invalid_request'[39m, statusCode: [33m400[39m }
[0mGET /api/sync/9dedd528-a4cc-43cb-9360-6a668558b325/recovery?afterCursor=0&limit=100&enrollmentVersion=1&checkpointId=0 [33m400[0m 0.323 ms - 223[0m
[0mTRACE /api/sync/9dedd528-a4cc-43cb-9360-6a668558b325/recovery?afterCursor=0&limit=100&deviceId=device-2zJHDm4s4XrnUjC-&enrollmentVersion=1&checkpointId=0 [33m405[0m 0.093 ms - 78[0m
[0mQUERY /api/sync/9dedd528-a4cc-43cb-9360-6a668558b325/recovery?afterCursor=0&limit=100&deviceId=device-2zJHDm4s4XrnUjC-&enrollmentVersion=1&checkpointId=0 [33m405[0m 0.463 ms - 78[0m
[0mPUT /api/sync/9dedd528-a4cc-43cb-9360-6a668558b325/recovery?afterCursor=0&limit=100&deviceId=device-2zJHDm4s4XrnUjC-&enrollmentVersion=1&checkpointId=0 [33m405[0m 0.221 ms - 78[0m
[0mPOST /api/sync/9dedd528-a4cc-43cb-9360-6a668558b325/recovery?afterCursor=0&limit=100&deviceId=device-2zJHDm4s4XrnUjC-&enrollmentVersion=1&checkpointId=0 [33m405[0m 0.154 ms - 78[0m
[0mPATCH /api/sync/9dedd528-a4cc-43cb-9360-6a668558b325/recovery?afterCursor=0&limit=100&deviceId=device-2zJHDm4s4XrnUjC-&enrollmentVersion=1&checkpointId=0 [33m405[0m 0.124 ms - 78[0m
[0mOPTIONS /api/sync/9dedd528-a4cc-43cb-9360-6a668558b325/recovery?afterCursor=0&limit=100&deviceId=device-2zJHDm4s4XrnUjC-&enrollmentVersion=1&checkpointId=0 [33m405[0m 0.138 ms - 78[0m
[0mDELETE /api/sync/9dedd528-a4cc-43cb-9360-6a668558b325/recovery?afterCursor=0&limit=100&deviceId=device-2zJHDm4s4XrnUjC-&enrollmentVersion=1&checkpointId=0 [33m405[0m 0.189 ms - 78[0m
[ error ] API request failed { code: [32m'invalid_request'[39m, statusCode: [33m400[39m }
[0mGET /api/sync/9dedd528-a4cc-43cb-9360-6a668558b325/recovery?afterCursor=0&limit=100&deviceId=device-2zJHDm4s4XrnUjC-&enrollmentVersion=1&checkpointId= [33m400[0m 0.417 ms - 249[0m
[ error ] API request failed { code: [32m'recovery_chain_unavailable'[39m, statusCode: [33m409[39m }
[0mGET /api/sync/9dedd528-a4cc-43cb-9360-6a668558b325/recovery?afterCursor=0&limit=100&deviceId=device-2zJHDm4s4XrnUjC-&enrollmentVersion=1&checkpointId=00 [33m409[0m 3.989 ms - 92[0m
[ error ] API request failed { code: [32m'invalid_request'[39m, statusCode: [33m400[39m }
[0mGET /api/sync/9dedd528-a4cc-43cb-9360-6a668558b325/recovery?afterCursor=0&limit=100&deviceId=device-2zJHDm4s4XrnUjC-&enrollmentVersion=9007199254740992&checkpointId=0 [33m400[0m 0.444 ms - 315[0m
[ error ] API request failed { code: [32m'invalid_request'[39m, statusCode: [33m400[39m }
[0mGET /api/sync/9dedd528-a4cc-43cb-9360-6a668558b325/recovery?afterCursor=0&limit=100&deviceId=device-2zJHDm4s4XrnUjC-&enrollmentVersion=0&checkpointId=0 [33m400[0m 0.331 ms - 227[0m
[ error ] API request failed { code: [32m'invalid_request'[39m, statusCode: [33m400[39m }
[0mGET /api/sync/9dedd528-a4cc-43cb-9360-6a668558b325/recovery?afterCursor=0&limit=100&deviceId=device-2zJHDm4s4XrnUjC-&enrollmentVersion=null&enrollmentVersion=null&checkpointId=0 [33m400[0m 0.330 ms - 237[0m
[ error ] API request failed { code: [32m'invalid_request'[39m, statusCode: [33m400[39m }
[0mGET /api/sync/9dedd528-a4cc-43cb-9360-6a668558b325/recovery?afterCursor=0&limit=100&deviceId=device-2zJHDm4s4XrnUjC-&enrollmentVersion=AAA&checkpointId=0 [33m400[0m 0.299 ms - 237[0m
[ error ] API request failed { code: [32m'invalid_request'[39m, statusCode: [33m400[39m }
[0mGET /api/sync/9dedd528-a4cc-43cb-9360-6a668558b325/recovery?afterCursor=0&limit=100&deviceId=device-2zJHDm4s4XrnUjC-&enrollmentVersion=null&checkpointId=0 [33m400[0m 0.358 ms - 237[0m
[ error ] API request failed { code: [32m'invalid_request'[39m, statusCode: [33m400[39m }
[0mGET /api/sync/9dedd528-a4cc-43cb-9360-6a668558b325/recovery?afterCursor=0&limit=100&deviceId=device-2zJHDm4s4XrnUjC-&enrollmentVersion=false&checkpointId=0 [33m400[0m 0.346 ms - 237[0m
[ error ] API request failed { code: [32m'invalid_request'[39m, statusCode: [33m400[39m }
[0mGET /api/sync/9dedd528-a4cc-43cb-9360-6a668558b325/recovery?afterCursor=0&limit=100&deviceId=device-2zJHDm4s4XrnUjC-&enrollmentVersion=2.5890419884777833e-42&checkpointId=0 [33m400[0m 0.359 ms - 236[0m
[ error ] API request failed { code: [32m'recovery_chain_unavailable'[39m, statusCode: [33m409[39m }
[0mGET /api/sync/9dedd528-a4cc-43cb-9360-6a668558b325/recovery?afterCursor=0&limit=100&deviceId=device-2zJHDm4s4XrnUjC-&enrollmentVersion=9007199254740990&checkpointId=0 [33m409[0m 2.249 ms - 92[0m
[ error ] API request failed { code: [32m'recovery_chain_unavailable'[39m, statusCode: [33m409[39m }
[0mGET /api/sync/9dedd528-a4cc-43cb-9360-6a668558b325/recovery?afterCursor=0&limit=100&deviceId=device-2zJHDm4s4XrnUjC-&enrollmentVersion=9007199254740991&checkpointId=0 [33m409[0m 5.238 ms - 92[0m
[ error ] API request failed { code: [32m'recovery_chain_unavailable'[39m, statusCode: [33m409[39m }
[0mGET /api/sync/9dedd528-a4cc-43cb-9360-6a668558b325/recovery?afterCursor=0&limit=100&deviceId=device-2zJHDm4s4XrnUjC-&enrollmentVersion=2&checkpointId=0 [33m409[0m 8.043 ms - 92[0m
[ error ] API request failed { code: [32m'invalid_request'[39m, statusCode: [33m400[39m }
[0mGET /api/sync/9dedd528-a4cc-43cb-9360-6a668558b325/recovery?afterCursor=0&limit=100&deviceId=&enrollmentVersion=1&checkpointId=0 [33m400[0m 1.101 ms - 245[0m
[ error ] API request failed { code: [32m'recovery_chain_unavailable'[39m, statusCode: [33m409[39m }
[0mGET /api/sync/9dedd528-a4cc-43cb-9360-6a668558b325/recovery?afterCursor=0&limit=100&deviceId=00&enrollmentVersion=1&checkpointId=0 [33m409[0m 4.950 ms - 92[0m
[ error ] API request failed { code: [32m'recovery_chain_unavailable'[39m, statusCode: [33m409[39m }
[0mGET /api/sync/9dedd528-a4cc-43cb-9360-6a668558b325/recovery?afterCursor=0&limit=100&deviceId=0&enrollmentVersion=1&checkpointId=0 [33m409[0m 5.414 ms - 92[0m
[ error ] API request failed { code: [32m'invalid_request'[39m, statusCode: [33m400[39m }
[0mGET /api/sync/9dedd528-a4cc-43cb-9360-6a668558b325/recovery?afterCursor=0&limit=101&deviceId=device-2zJHDm4s4XrnUjC-&enrollmentVersion=1&checkpointId=0 [33m400[0m 0.687 ms - 216[0m
[ error ] API request failed { code: [32m'invalid_request'[39m, statusCode: [33m400[39m }
[0mGET /api/sync/9dedd528-a4cc-43cb-9360-6a668558b325/recovery?afterCursor=0&limit=0&deviceId=device-2zJHDm4s4XrnUjC-&enrollmentVersion=1&checkpointId=0 [33m400[0m 0.925 ms - 216[0m
[ error ] API request failed { code: [32m'invalid_request'[39m, statusCode: [33m400[39m }
[0mGET /api/sync/9dedd528-a4cc-43cb-9360-6a668558b325/recovery?afterCursor=0&limit=null&limit=null&deviceId=device-2zJHDm4s4XrnUjC-&enrollmentVersion=1&checkpointId=0 [33m400[0m 0.996 ms - 225[0m
[ error ] API request failed { code: [32m'invalid_request'[39m, statusCode: [33m400[39m }
[0mGET /api/sync/9dedd528-a4cc-43cb-9360-6a668558b325/recovery?afterCursor=0&limit=AAA&deviceId=device-2zJHDm4s4XrnUjC-&enrollmentVersion=1&checkpointId=0 [33m400[0m 0.636 ms - 225[0m
[ error ] API request failed { code: [32m'invalid_request'[39m, statusCode: [33m400[39m }
[0mGET /api/sync/9dedd528-a4cc-43cb-9360-6a668558b325/recovery?afterCursor=0&limit=null&deviceId=device-2zJHDm4s4XrnUjC-&enrollmentVersion=1&checkpointId=0 [33m400[0m 0.558 ms - 225[0m
[ error ] API request failed { code: [32m'invalid_request'[39m, statusCode: [33m400[39m }
[0mGET /api/sync/9dedd528-a4cc-43cb-9360-6a668558b325/recovery?afterCursor=0&limit=false&deviceId=device-2zJHDm4s4XrnUjC-&enrollmentVersion=1&checkpointId=0 [33m400[0m 0.507 ms - 225[0m
[ error ] API request failed { code: [32m'invalid_request'[39m, statusCode: [33m400[39m }
[0mGET /api/sync/9dedd528-a4cc-43cb-9360-6a668558b325/recovery?afterCursor=0&limit=2.5890419884777833e-42&deviceId=device-2zJHDm4s4XrnUjC-&enrollmentVersion=1&checkpointId=0 [33m400[0m 0.862 ms - 224[0m
[ error ] API request failed { code: [32m'recovery_chain_unavailable'[39m, statusCode: [33m409[39m }
[0mGET /api/sync/9dedd528-a4cc-43cb-9360-6a668558b325/recovery?afterCursor=0&limit=99&deviceId=device-2zJHDm4s4XrnUjC-&enrollmentVersion=1&checkpointId=0 [33m409[0m 4.772 ms - 92[0m
[ error ] API request failed { code: [32m'recovery_chain_unavailable'[39m, statusCode: [33m409[39m }
[0mGET /api/sync/9dedd528-a4cc-43cb-9360-6a668558b325/recovery?afterCursor=0&limit=2&deviceId=device-2zJHDm4s4XrnUjC-&enrollmentVersion=1&checkpointId=0 [33m409[0m 4.200 ms - 92[0m
[ error ] API request failed { code: [32m'recovery_chain_unavailable'[39m, statusCode: [33m409[39m }
[0mGET /api/sync/9dedd528-a4cc-43cb-9360-6a668558b325/recovery?afterCursor=0&limit=1&deviceId=device-2zJHDm4s4XrnUjC-&enrollmentVersion=1&checkpointId=0 [33m409[0m 4.179 ms - 92[0m
[ error ] API request failed { code: [32m'invalid_request'[39m, statusCode: [33m400[39m }
[0mGET /api/sync/9dedd528-a4cc-43cb-9360-6a668558b325/recovery?afterCursor=9007199254740992&limit=100&deviceId=device-2zJHDm4s4XrnUjC-&enrollmentVersion=1&checkpointId=0 [33m400[0m 0.609 ms - 309[0m
[ error ] API request failed { code: [32m'invalid_request'[39m, statusCode: [33m400[39m }
[0mGET /api/sync/9dedd528-a4cc-43cb-9360-6a668558b325/recovery?afterCursor=-1&limit=100&deviceId=device-2zJHDm4s4XrnUjC-&enrollmentVersion=1&checkpointId=0 [33m400[0m 0.730 ms - 222[0m
[ error ] API request failed { code: [32m'invalid_request'[39m, statusCode: [33m400[39m }
[0mGET /api/sync/9dedd528-a4cc-43cb-9360-6a668558b325/recovery?afterCursor=null&afterCursor=null&limit=100&deviceId=device-2zJHDm4s4XrnUjC-&enrollmentVersion=1&checkpointId=0 [33m400[0m 0.542 ms - 231[0m
[ error ] API request failed { code: [32m'invalid_request'[39m, statusCode: [33m400[39m }
[0mGET /api/sync/9dedd528-a4cc-43cb-9360-6a668558b325/recovery?afterCursor=AAA&limit=100&deviceId=device-2zJHDm4s4XrnUjC-&enrollmentVersion=1&checkpointId=0 [33m400[0m 0.828 ms - 231[0m
[ error ] API request failed { code: [32m'invalid_request'[39m, statusCode: [33m400[39m }
[0mGET /api/sync/9dedd528-a4cc-43cb-9360-6a668558b325/recovery?afterCursor=null&limit=100&deviceId=device-2zJHDm4s4XrnUjC-&enrollmentVersion=1&checkpointId=0 [33m400[0m 1.906 ms - 231[0m
[ error ] API request failed { code: [32m'invalid_request'[39m, statusCode: [33m400[39m }
[0mGET /api/sync/9dedd528-a4cc-43cb-9360-6a668558b325/recovery?afterCursor=false&limit=100&deviceId=device-2zJHDm4s4XrnUjC-&enrollmentVersion=1&checkpointId=0 [33m400[0m 0.754 ms - 231[0m
[ error ] API request failed { code: [32m'invalid_request'[39m, statusCode: [33m400[39m }
[0mGET /api/sync/9dedd528-a4cc-43cb-9360-6a668558b325/recovery?afterCursor=2.5890419884777833e-42&limit=100&deviceId=device-2zJHDm4s4XrnUjC-&enrollmentVersion=1&checkpointId=0 [33m400[0m 0.761 ms - 230[0m
[ error ] API request failed { code: [32m'recovery_chain_unavailable'[39m, statusCode: [33m409[39m }
[0mGET /api/sync/9dedd528-a4cc-43cb-9360-6a668558b325/recovery?afterCursor=9007199254740990&limit=100&deviceId=device-2zJHDm4s4XrnUjC-&enrollmentVersion=1&checkpointId=0 [33m409[0m 5.558 ms - 92[0m
[ error ] API request failed { code: [32m'recovery_chain_unavailable'[39m, statusCode: [33m409[39m }
[0mGET /api/sync/9dedd528-a4cc-43cb-9360-6a668558b325/recovery?afterCursor=9007199254740991&limit=100&deviceId=device-2zJHDm4s4XrnUjC-&enrollmentVersion=1&checkpointId=0 [33m409[0m 5.366 ms - 92[0m
[ error ] API request failed { code: [32m'recovery_chain_unavailable'[39m, statusCode: [33m409[39m }
[0mGET /api/sync/9dedd528-a4cc-43cb-9360-6a668558b325/recovery?afterCursor=1&limit=100&deviceId=device-2zJHDm4s4XrnUjC-&enrollmentVersion=1&checkpointId=0 [33m409[0m 4.459 ms - 92[0m
[ error ] API request failed { code: [32m'invalid_request'[39m, statusCode: [33m400[39m }
[0mGET /api/sync/000000000000000000000000000000000000000000000000000000000000000000000000000000000000000000000000000000000000000000000000000000000000000000000000000000000000000000000000000000000000000000000000000000000/recovery?afterCursor=0&limit=100&deviceId=device-2zJHDm4s4XrnUjC-&enrollmentVersion=1&checkpointId=0 [33m400[0m 0.777 ms - 248[0m
[ error ] API request failed { code: [32m'workspace_not_found'[39m, statusCode: [33m404[39m }
[0mGET /api/sync/0000000000000000000000000000000000000000000000000000000000000000000000000000000000000000000000000000000000000000000000000000000000000000000000000000000000000000000000000000000000000000000000000000000/recovery?afterCursor=0&limit=100&deviceId=device-2zJHDm4s4XrnUjC-&enrollmentVersion=1&checkpointId=0 [33m404[0m 3.234 ms - 76[0m
[ error ] API request failed { code: [32m'workspace_not_found'[39m, statusCode: [33m404[39m }
[0mGET /api/sync/00000000000000000000000000000000000000000000000000000000000000000000000000000000000000000000000000000000000000000000000000000000000000000000000000000000000000000000000000000000000000000000000000000000/recovery?afterCursor=0&limit=100&deviceId=device-2zJHDm4s4XrnUjC-&enrollmentVersion=1&checkpointId=0 [33m404[0m 3.252 ms - 76[0m
[ error ] API request failed { code: [32m'workspace_not_found'[39m, statusCode: [33m404[39m }
[0mGET /api/sync/00/recovery?afterCursor=0&limit=100&deviceId=device-2zJHDm4s4XrnUjC-&enrollmentVersion=1&checkpointId=0 [33m404[0m 3.126 ms - 76[0m
[ error ] API request failed { code: [32m'workspace_not_found'[39m, statusCode: [33m404[39m }
[0mGET /api/sync/0/recovery?afterCursor=0&limit=100&deviceId=device-2zJHDm4s4XrnUjC-&enrollmentVersion=1&checkpointId=0 [33m404[0m 2.386 ms - 76[0m
[ error ] API request failed { code: [32m'recovery_chain_unavailable'[39m, statusCode: [33m409[39m }
[0mGET /api/sync/9dedd528-a4cc-43cb-9360-6a668558b325/recovery?afterCursor=0&limit=100&deviceId=device-2zJHDm4s4XrnUjC-&enrollmentVersion=1&checkpointId=0 [33m409[0m 3.629 ms - 92[0m
