◇ injected env (0) from .env // tip: ⌁ auth for agents [www.vestauth.com]
◇ injected env (0) from .env // tip: ⌘ multiple files { path: ['.env.local', '.env'] }
◇ injected env (0) from .env // tip: ◈ encrypted .env [www.dotenvx.com]
◇ injected env (0) from .env // tip: ◈ secrets for agents [www.dotenvx.com]
[01:34:42.886] [32mINFO[39m (856841): [36mAPI Mounted[39m
    [35mpath[39m: "/api"
[01:34:42.886] [32mINFO[39m (856841): [36mRealtime runtime ready[39m
    [35mpath[39m: "/socket.io"
◇ injected env (0) from .env // tip: ⌘ enable debugging { debug: true }
[01:34:42.886] [32mINFO[39m (857703): [36mWorker runtime ready[39m
[01:34:42.886] [32mINFO[39m (856841): [36mApp Mounted[39m
    [35mpath[39m: "/app"
[01:34:42.886] [32mINFO[39m (856841): [36mSite Mounted[39m
    [35mpath[39m: "/"
[01:34:42.886] [32mINFO[39m (856841): [36mGateway server ready[39m
    [35mhost[39m: "localhost"
    [35mport[39m: 8084
[0mDELETE /api/test/mailbox [32m204[0m 0.592 ms - -[0m
[0mPOST /api/auth/sign-up [32m201[0m 84.991 ms - 205[0m
[0mGET /api/test/mailbox/latest?email=pzs005-run-256-mtb7jeym%40example.test&purpose=sign_up [32m200[0m 0.839 ms - 211[0m
[0mPOST /api/auth/sign-up/verify [32m200[0m 43.731 ms - 272[0m
[0mGET /api/auth/session [32m200[0m 0.406 ms - 307[0m
[0mPOST /api/projects [32m201[0m 4.097 ms - 388[0m
[0mPOST /api/sync/1c41e245-dee2-4055-8066-a64f630ea9ed/devices [32m200[0m 4.101 ms - 397[0m
[0mPOST /api/sync/1c41e245-dee2-4055-8066-a64f630ea9ed/devices/device-24Gs5KStUZaXtCOc/approval [32m200[0m 3.512 ms - 153[0m
[0mPOST /api/sync/1c41e245-dee2-4055-8066-a64f630ea9ed/devices/device-24Gs5KStUZaXtCOc/enroll [32m200[0m 4.600 ms - 603[0m
[0mPOST /api/sync/1c41e245-dee2-4055-8066-a64f630ea9ed/devices [32m200[0m 2.903 ms - 403[0m
[0mPOST /api/sync/1c41e245-dee2-4055-8066-a64f630ea9ed/devices/device-jGxUx8A3gtVAXBc8/enroll [32m200[0m 2.817 ms - 597[0m
[0mPOST /api/webauthn/1c41e245-dee2-4055-8066-a64f630ea9ed/recovery [32m201[0m 3.661 ms - 171[0m
[0mPOST /api/webauthn/1c41e245-dee2-4055-8066-a64f630ea9ed/credentials [32m201[0m 3.297 ms - 260[0m
[0mPOST /api/auth/sign-up [32m201[0m 90.592 ms - 217[0m
[0mGET /api/test/mailbox/latest?email=openapi-passkey-unverified-mtb7jeym%40example.test&purpose=sign_up [32m200[0m 0.257 ms - 223[0m
[0mPOST /api/auth/sign-up/verify [32m200[0m 44.033 ms - 284[0m
[0mGET /api/auth/session [32m200[0m 0.243 ms - 319[0m
[0mPOST /api/auth/sign-up [32m201[0m 68.816 ms - 217[0m
[0mGET /api/openapi.json [32m200[0m 9.919 ms - 141922[0m
[0mPOST /api/sync/1c41e245-dee2-4055-8066-a64f630ea9ed/devices [32m200[0m 3.919 ms - 315[0m
[0mPOST /api/sync/1c41e245-dee2-4055-8066-a64f630ea9ed/devices/device-l3_JyRY4q5UvrS7a/enroll [32m200[0m 3.274 ms - 606[0m
[0mGET /api/projects/1c41e245-dee2-4055-8066-a64f630ea9ed/workspace [32m200[0m 2.520 ms - 1949[0m
[ error ] API request failed { code: [32m'authentication_required'[39m, statusCode: [33m401[39m }
[0mGET /api/projects/1c41e245-dee2-4055-8066-a64f630ea9ed/workspace [33m401[0m 2.201 ms - 79[0m
[ error ] API request failed { code: [32m'project_not_found'[39m, statusCode: [33m404[39m }
[0mGET /api/projects/1c41e245-dee2-4055-8066-a64f630ea9ed/workspace [33m404[0m 1.813 ms - 72[0m
[ error ] API request failed { code: [32m'unauthorized'[39m, statusCode: [33m401[39m }
[0mGET /api/projects/1c41e245-dee2-4055-8066-a64f630ea9ed/workspace [33m401[0m 0.924 ms - 66[0m
[ error ] API request failed { code: [32m'operational_workspace_unavailable'[39m, statusCode: [33m503[39m }
[0mGET /api/projects/1c41e245-dee2-4055-8066-a64f630ea9ed/workspace [31m503[0m 0.658 ms - 99[0m
[ error ] API request failed { code: [32m'operational_workspace_error'[39m, statusCode: [33m500[39m }
[0mGET /api/projects/1c41e245-dee2-4055-8066-a64f630ea9ed/workspace [31m500[0m 0.351 ms - 85[0m
[0mGET /api/projects/1c41e245-dee2-4055-8066-a64f630ea9ed/workspace [31m502[0m 0.271 ms - 8[0m
[0mGET /api/projects/1c41e245-dee2-4055-8066-a64f630ea9ed/workspace [32m200[0m 1.744 ms - 3310[0m
[0mGET /api/projects/1c41e245-dee2-4055-8066-a64f630ea9ed/workspace [32m200[0m 1.507 ms - 1589[0m
[0mGET /api/projects/1c41e245-dee2-4055-8066-a64f630ea9ed/workspace [32m200[0m 1.788 ms - 1949[0m
[0mGET /api/projects/1c41e245-dee2-4055-8066-a64f630ea9ed/workspace [32m200[0m 1.389 ms - 2029[0m
[0mGET /api/projects/1c41e245-dee2-4055-8066-a64f630ea9ed/workspace [32m200[0m 2.043 ms - 1933[0m
[0mGET /api/projects/1c41e245-dee2-4055-8066-a64f630ea9ed/workspace [32m200[0m 1.338 ms - 1933[0m
[0mGET /api/projects/1c41e245-dee2-4055-8066-a64f630ea9ed/workspace [32m200[0m 1.349 ms - 2020[0m
[0mGET /api/projects/1c41e245-dee2-4055-8066-a64f630ea9ed/workspace [32m200[0m 1.395 ms - 2020[0m
[0mGET /api/capabilities/1c41e245-dee2-4055-8066-a64f630ea9ed [32m200[0m 3.167 ms - 454[0m
[0mGET /api/sync/1c41e245-dee2-4055-8066-a64f630ea9ed/envelopes?deviceId=device-l3_JyRY4q5UvrS7a&enrollmentVersion=3 [32m200[0m 3.896 ms - 58[0m
[0mPOST /api/capabilities/1c41e245-dee2-4055-8066-a64f630ea9ed [32m200[0m 4.581 ms - 256[0m
[0mPOST /api/capabilities/1c41e245-dee2-4055-8066-a64f630ea9ed [32m200[0m 5.436 ms - 262[0m
[0mPOST /api/sync/1c41e245-dee2-4055-8066-a64f630ea9ed/envelopes [32m201[0m 5.907 ms - 481[0m
[0mPOST /api/sync/1c41e245-dee2-4055-8066-a64f630ea9ed/envelopes [32m201[0m 3.250 ms - 479[0m
[0mPOST /api/sync/1c41e245-dee2-4055-8066-a64f630ea9ed/envelopes [32m200[0m 2.970 ms - 478[0m
[ error ] API request failed { code: [32m'opaque_envelope_rejected'[39m, statusCode: [33m409[39m }
[0mPOST /api/sync/1c41e245-dee2-4055-8066-a64f630ea9ed/envelopes [33m409[0m 3.527 ms - 84[0m
[ error ] API request failed { code: [32m'workspace_not_found'[39m, statusCode: [33m404[39m }
[0mPOST /api/sync/00000000-0000-4000-8000-000000000000/envelopes [33m404[0m 1.572 ms - 76[0m
[ error ] API request failed { code: [32m'workspace_not_found'[39m, statusCode: [33m404[39m }
[0mGET /api/sync/1c41e245-dee2-4055-8066-a64f630ea9ed/envelopes?deviceId=device-jGxUx8A3gtVAXBc8&enrollmentVersion=2 [33m404[0m 3.150 ms - 76[0m
[ error ] API request failed { code: [32m'invalid_request'[39m, statusCode: [33m400[39m }
[0mPOST /api/sync/1c41e245-dee2-4055-8066-a64f630ea9ed/envelopes [33m400[0m 1.111 ms - 177[0m
[ error ] API request failed { code: [32m'invalid_request'[39m, statusCode: [33m400[39m }
[0mPOST /api/sync/1c41e245-dee2-4055-8066-a64f630ea9ed/envelopes [33m400[0m 0.718 ms - 267[0m
[ error ] API request failed { code: [32m'invalid_request'[39m, statusCode: [33m400[39m }
[0mPOST /api/sync/1c41e245-dee2-4055-8066-a64f630ea9ed/envelopes [33m400[0m 0.540 ms - 177[0m
[ error ] API request failed { code: [32m'opaque_envelope_rejected'[39m, statusCode: [33m409[39m }
[0mPOST /api/sync/1c41e245-dee2-4055-8066-a64f630ea9ed/envelopes [33m409[0m 3.071 ms - 84[0m
[ error ] API request failed { code: [32m'opaque_envelope_rejected'[39m, statusCode: [33m409[39m }
[0mPOST /api/sync/1c41e245-dee2-4055-8066-a64f630ea9ed/envelopes [33m409[0m 2.872 ms - 84[0m
[0mPOST /api/sync/1c41e245-dee2-4055-8066-a64f630ea9ed/checkpoints [32m201[0m 3.228 ms - 510[0m
[ error ] API request failed { code: [32m'checkpoint_rejected'[39m, statusCode: [33m409[39m }
[0mPOST /api/sync/1c41e245-dee2-4055-8066-a64f630ea9ed/checkpoints [33m409[0m 2.687 ms - 71[0m
[0mGET /api/sync/1c41e245-dee2-4055-8066-a64f630ea9ed/recovery?checkpointId=run-256-checkpoint&deviceId=device-jGxUx8A3gtVAXBc8&enrollmentVersion=2&afterCursor=0&limit=100 [32m200[0m 3.700 ms - 547[0m
[ error ] API request failed { code: [32m'recovery_chain_unavailable'[39m, statusCode: [33m409[39m }
[0mGET /api/sync/1c41e245-dee2-4055-8066-a64f630ea9ed/recovery?checkpointId=run-256-missing&deviceId=device-jGxUx8A3gtVAXBc8&enrollmentVersion=2 [33m409[0m 3.696 ms - 92[0m
[ error ] API request failed { code: [32m'invalid_request'[39m, statusCode: [33m400[39m }
[0mGET /api/sync/1c41e245-dee2-4055-8066-a64f630ea9ed/recovery?checkpointId=&deviceId=device-jGxUx8A3gtVAXBc8&enrollmentVersion=2 [33m400[0m 0.595 ms - 249[0m
[ error ] API request failed { code: [32m'cursor_recovery_required'[39m, statusCode: [33m409[39m }
[0mGET /api/sync/1c41e245-dee2-4055-8066-a64f630ea9ed/envelopes?afterCursor=999999&limit=100&deviceId=device-jGxUx8A3gtVAXBc8&enrollmentVersion=2 [33m409[0m 3.584 ms - 96[0m
[0mPOST /api/sync/1c41e245-dee2-4055-8066-a64f630ea9ed/envelopes [32m201[0m 2.586 ms - 456[0m
[ error ] API request failed { code: [32m'opaque_envelope_rejected'[39m, statusCode: [33m409[39m }
[0mPOST /api/sync/1c41e245-dee2-4055-8066-a64f630ea9ed/envelopes [33m409[0m 2.576 ms - 84[0m
[ error ] API request failed { code: [32m'workspace_not_found'[39m, statusCode: [33m404[39m }
[0mGET /api/sync/1c41e245-dee2-4055-8066-a64f630ea9ed/recovery?checkpointId=run-256-checkpoint&deviceId=device-jGxUx8A3gtVAXBc8&enrollmentVersion=2 [33m404[0m 1.482 ms - 76[0m
[0mPOST /api/sync/1c41e245-dee2-4055-8066-a64f630ea9ed/devices/device-jGxUx8A3gtVAXBc8/revoke [32m200[0m 2.627 ms - 94[0m
[ error ] API request failed { code: [32m'device_lifecycle_rejected'[39m, statusCode: [33m409[39m }
[0mGET /api/sync/1c41e245-dee2-4055-8066-a64f630ea9ed/envelopes?deviceId=device-jGxUx8A3gtVAXBc8&enrollmentVersion=2 [33m409[0m 2.508 ms - 90[0m
[ error ] API request failed { code: [32m'opaque_envelope_rejected'[39m, statusCode: [33m409[39m }
[0mPOST /api/sync/1c41e245-dee2-4055-8066-a64f630ea9ed/envelopes [33m409[0m 2.501 ms - 84[0m
[0mPOST /api/auth/passkey/registration/begin [32m200[0m 5.425 ms - 747[0m
[ error ] API request failed { code: [32m'email_unverified'[39m, statusCode: [33m403[39m }
[0mPOST /api/auth/passkey/registration/begin [33m403[0m 1.798 ms - 88[0m
[ error ] API request failed { code: [32m'pin_required'[39m, statusCode: [33m403[39m }
[0mPOST /api/auth/passkey/registration/begin [33m403[0m 1.511 ms - 91[0m
[ error ] API request failed { code: [32m'email_unverified'[39m, statusCode: [33m403[39m }
[0mPOST /api/auth/passkey/authentication/begin [33m403[0m 1.325 ms - 88[0m
[ error ] API request failed { code: [32m'pin_required'[39m, statusCode: [33m403[39m }
[0mPOST /api/auth/passkey/authentication/begin [33m403[0m 0.954 ms - 91[0m
[0mPOST /api/auth/passkey/registration/begin [32m200[0m 3.193 ms - 747[0m
[ error ] API request failed { code: [32m'challenge_mismatch'[39m, statusCode: [33m400[39m }
[0mPOST /api/auth/passkey/registration/complete [33m400[0m 1.053 ms - 86[0m
[0mPOST /api/auth/passkey/registration/begin [32m200[0m 2.877 ms - 747[0m
[ error ] API request failed { code: [32m'challenge_mismatch'[39m, statusCode: [33m400[39m }
[0mPOST /api/auth/passkey/registration/complete [33m400[0m 7.250 ms - 86[0m
[0mPOST /api/auth/passkey/registration/begin [32m200[0m 3.090 ms - 747[0m
[0mPOST /api/auth/passkey/registration/complete [32m201[0m 5.203 ms - 245[0m
[0mPOST /api/auth/passkey/authentication/begin [32m200[0m 3.681 ms - 392[0m
[0mPOST /api/auth/passkey/authentication/complete [32m200[0m 9.016 ms - 360[0m
[ error ] API request failed { code: [32m'challenge_replayed'[39m, statusCode: [33m409[39m }
[0mPOST /api/auth/passkey/authentication/complete [33m409[0m 4.258 ms - 86[0m
[0mPOST /api/auth/passkey/authentication/begin [32m200[0m 3.108 ms - 392[0m
[ error ] API request failed { code: [32m'platform_error'[39m, statusCode: [33m401[39m }
[0mPOST /api/auth/passkey/authentication/complete [33m401[0m 1.925 ms - 82[0m
[0mPOST /api/auth/passkey/authentication/begin [32m200[0m 3.182 ms - 392[0m
[ error ] API request failed { code: [32m'platform_error'[39m, statusCode: [33m401[39m }
[0mPOST /api/auth/passkey/authentication/complete [33m401[0m 2.027 ms - 82[0m
[ error ] API request failed { code: [32m'credential_not_found'[39m, statusCode: [33m404[39m }
[0mPOST /api/auth/passkey/authentication/begin [33m404[0m 0.992 ms - 88[0m
[ error ] API request failed { code: [32m'credential_not_found'[39m, statusCode: [33m404[39m }
[0mPOST /api/auth/passkey/authentication/begin [33m404[0m 2.137 ms - 88[0m
[0mPOST /api/auth/passkey/registration/begin [32m200[0m 3.434 ms - 759[0m
[0mPOST /api/auth/passkey/registration/complete [32m201[0m 5.028 ms - 243[0m
[0mPOST /api/auth/passkey/authentication/begin [32m200[0m 3.101 ms - 392[0m
[ error ] API request failed { code: [32m'credential_not_found'[39m, statusCode: [33m401[39m }
[0mPOST /api/auth/passkey/authentication/complete [33m401[0m 1.907 ms - 88[0m
[0mGET /api/auth/passkey/credentials [32m200[0m 1.112 ms - 261[0m
[ error ] API request failed { code: [32m'credential_not_found'[39m, statusCode: [33m404[39m }
[0mPATCH /api/auth/passkey/credentials/undefined [33m404[0m 1.303 ms - 88[0m
[ error ] API request failed { code: [32m'credential_not_found'[39m, statusCode: [33m404[39m }
[0mDELETE /api/auth/passkey/credentials/undefined [33m404[0m 1.476 ms - 88[0m
[ error ] API request failed { code: [32m'email_already_registered'[39m, statusCode: [33m409[39m }
[0mPOST /api/auth/passkey/registration/begin [33m409[0m 1.222 ms - 97[0m
[0mGET /api/schemathesis-probe%5C%1B%01 [33m404[0m 4.677 ms - 170[0m
[ error ] API request failed { code: [32m'authentication_required'[39m, statusCode: [33m401[39m }
[0mPOST /api/sync/1c41e245-dee2-4055-8066-a64f630ea9ed/checkpoints [33m401[0m 0.269 ms - 79[0m
[ error ] API request failed { code: [32m'authentication_required'[39m, statusCode: [33m401[39m }
[0mPOST /api/sync/1c41e245-dee2-4055-8066-a64f630ea9ed/devices [33m401[0m 0.328 ms - 79[0m
[ error ] API request failed { code: [32m'authentication_required'[39m, statusCode: [33m401[39m }
[0mPOST /api/sync/1c41e245-dee2-4055-8066-a64f630ea9ed/devices/recover [33m401[0m 0.251 ms - 79[0m
[ error ] API request failed { code: [32m'authentication_required'[39m, statusCode: [33m401[39m }
[0mPOST /api/sync/1c41e245-dee2-4055-8066-a64f630ea9ed/devices/device-jGxUx8A3gtVAXBc8/approval [33m401[0m 0.284 ms - 79[0m
[ error ] API request failed { code: [32m'authentication_required'[39m, statusCode: [33m401[39m }
[0mPOST /api/sync/1c41e245-dee2-4055-8066-a64f630ea9ed/devices/device-jGxUx8A3gtVAXBc8/enroll [33m401[0m 0.284 ms - 79[0m
[ error ] API request failed { code: [32m'authentication_required'[39m, statusCode: [33m401[39m }
[0mPOST /api/sync/1c41e245-dee2-4055-8066-a64f630ea9ed/devices/device-jGxUx8A3gtVAXBc8/revoke [33m401[0m 0.275 ms - 79[0m
[ error ] API request failed { code: [32m'authentication_required'[39m, statusCode: [33m401[39m }
[0mPOST /api/sync/1c41e245-dee2-4055-8066-a64f630ea9ed/envelopes [33m401[0m 0.261 ms - 79[0m
[ error ] API request failed { code: [32m'authentication_required'[39m, statusCode: [33m401[39m }
[0mPOST /api/sync/1c41e245-dee2-4055-8066-a64f630ea9ed/envelopes [33m401[0m 0.222 ms - 79[0m
[ error ] API request failed { code: [32m'authentication_required'[39m, statusCode: [33m401[39m }
[0mGET /api/sync/1c41e245-dee2-4055-8066-a64f630ea9ed/devices [33m401[0m 0.290 ms - 79[0m
[ error ] API request failed { code: [32m'authentication_required'[39m, statusCode: [33m401[39m }
[0mGET /api/sync/1c41e245-dee2-4055-8066-a64f630ea9ed/devices/audit [33m401[0m 0.299 ms - 79[0m
[ error ] API request failed { code: [32m'authentication_required'[39m, statusCode: [33m401[39m }
[0mGET /api/sync/1c41e245-dee2-4055-8066-a64f630ea9ed/envelopes?deviceId=device-jGxUx8A3gtVAXBc8&enrollmentVersion=2 [33m401[0m 0.319 ms - 79[0m
[ error ] API request failed { code: [32m'authentication_required'[39m, statusCode: [33m401[39m }
[0mGET /api/sync/1c41e245-dee2-4055-8066-a64f630ea9ed/checkpoints/0?deviceId=device-jGxUx8A3gtVAXBc8&enrollmentVersion=2 [33m401[0m 0.486 ms - 79[0m
[ error ] API request failed { code: [32m'authentication_required'[39m, statusCode: [33m401[39m }
[0mGET /api/sync/1c41e245-dee2-4055-8066-a64f630ea9ed/recovery?deviceId=device-jGxUx8A3gtVAXBc8&enrollmentVersion=2&checkpointId=0 [33m401[0m 0.755 ms - 79[0m
[0mTRACE /api/sync/1c41e245-dee2-4055-8066-a64f630ea9ed/checkpoints [33m405[0m 0.176 ms - 78[0m
[0mQUERY /api/sync/1c41e245-dee2-4055-8066-a64f630ea9ed/checkpoints [33m405[0m 0.172 ms - 78[0m
[0mPUT /api/sync/1c41e245-dee2-4055-8066-a64f630ea9ed/checkpoints [33m405[0m 0.242 ms - 78[0m
[0mPATCH /api/sync/1c41e245-dee2-4055-8066-a64f630ea9ed/checkpoints [33m405[0m 0.188 ms - 78[0m
[0mOPTIONS /api/sync/1c41e245-dee2-4055-8066-a64f630ea9ed/checkpoints [33m405[0m 0.177 ms - 78[0m
[0mGET /api/sync/1c41e245-dee2-4055-8066-a64f630ea9ed/checkpoints [33m405[0m 0.184 ms - 78[0m
[0mDELETE /api/sync/1c41e245-dee2-4055-8066-a64f630ea9ed/checkpoints [33m405[0m 0.179 ms - 78[0m
[ error ] API request failed { code: [32m'authentication_required'[39m, statusCode: [33m401[39m }
[0mPOST /api/sync/000000000000000000000000000000000000000000000000000000000000000000000000000000000000000000000000000000000000000000000000000000000000000000000000000000000000000000000000000000000000000000000000000000000/checkpoints [33m401[0m 0.285 ms - 79[0m
[ error ] API request failed { code: [32m'authentication_required'[39m, statusCode: [33m401[39m }
[0mPOST /api/sync/0000000000000000000000000000000000000000000000000000000000000000000000000000000000000000000000000000000000000000000000000000000000000000000000000000000000000000000000000000000000000000000000000000000/checkpoints [33m401[0m 0.337 ms - 79[0m
[ error ] API request failed { code: [32m'authentication_required'[39m, statusCode: [33m401[39m }
[0mPOST /api/sync/00000000000000000000000000000000000000000000000000000000000000000000000000000000000000000000000000000000000000000000000000000000000000000000000000000000000000000000000000000000000000000000000000000000/checkpoints [33m401[0m 0.351 ms - 79[0m
[ error ] API request failed { code: [32m'authentication_required'[39m, statusCode: [33m401[39m }
[0mPOST /api/sync/00/checkpoints [33m401[0m 0.491 ms - 79[0m
[ error ] API request failed { code: [32m'authentication_required'[39m, statusCode: [33m401[39m }
[0mPOST /api/sync/0/checkpoints [33m401[0m 0.340 ms - 79[0m
[ error ] API request failed { code: [32m'authentication_required'[39m, statusCode: [33m401[39m }
[0mPOST /api/sync/1c41e245-dee2-4055-8066-a64f630ea9ed/checkpoints [33m401[0m 0.360 ms - 79[0m
[ error ] API request failed { code: [32m'authentication_required'[39m, statusCode: [33m401[39m }
[0mPOST /api/sync/1c41e245-dee2-4055-8066-a64f630ea9ed/checkpoints [33m401[0m 0.323 ms - 79[0m
[ error ] API request failed { code: [32m'authentication_required'[39m, statusCode: [33m401[39m }
[0mPOST /api/sync/1c41e245-dee2-4055-8066-a64f630ea9ed/checkpoints [33m401[0m 0.344 ms - 79[0m
[ error ] API request failed { code: [32m'authentication_required'[39m, statusCode: [33m401[39m }
[0mPOST /api/sync/1c41e245-dee2-4055-8066-a64f630ea9ed/checkpoints [33m401[0m 0.397 ms - 79[0m
[ error ] API request failed { code: [32m'authentication_required'[39m, statusCode: [33m401[39m }
[0mPOST /api/sync/1c41e245-dee2-4055-8066-a64f630ea9ed/checkpoints [33m401[0m 0.706 ms - 79[0m
[ error ] API request failed { code: [32m'authentication_required'[39m, statusCode: [33m401[39m }
[0mPOST /api/sync/1c41e245-dee2-4055-8066-a64f630ea9ed/checkpoints [33m401[0m 1.594 ms - 79[0m
[ error ] API request failed { code: [32m'authentication_required'[39m, statusCode: [33m401[39m }
[0mPOST /api/sync/1c41e245-dee2-4055-8066-a64f630ea9ed/checkpoints [33m401[0m 0.584 ms - 79[0m
[ error ] API request failed { code: [32m'authentication_required'[39m, statusCode: [33m401[39m }
[0mPOST /api/sync/1c41e245-dee2-4055-8066-a64f630ea9ed/checkpoints [33m401[0m 0.379 ms - 79[0m
[ error ] API request failed { code: [32m'authentication_required'[39m, statusCode: [33m401[39m }
[0mPOST /api/sync/1c41e245-dee2-4055-8066-a64f630ea9ed/checkpoints [33m401[0m 0.345 ms - 79[0m
[ error ] API request failed { code: [32m'authentication_required'[39m, statusCode: [33m401[39m }
[0mPOST /api/sync/1c41e245-dee2-4055-8066-a64f630ea9ed/checkpoints [33m401[0m 0.311 ms - 79[0m
[ error ] API request failed { code: [32m'authentication_required'[39m, statusCode: [33m401[39m }
[0mPOST /api/sync/1c41e245-dee2-4055-8066-a64f630ea9ed/checkpoints [33m401[0m 0.560 ms - 79[0m
[ error ] API request failed { code: [32m'authentication_required'[39m, statusCode: [33m401[39m }
[0mPOST /api/sync/1c41e245-dee2-4055-8066-a64f630ea9ed/checkpoints [33m401[0m 0.258 ms - 79[0m
[ error ] API request failed { code: [32m'authentication_required'[39m, statusCode: [33m401[39m }
[0mPOST /api/sync/1c41e245-dee2-4055-8066-a64f630ea9ed/checkpoints [33m401[0m 0.282 ms - 79[0m
[ error ] API request failed { code: [32m'authentication_required'[39m, statusCode: [33m401[39m }
[0mPOST /api/sync/1c41e245-dee2-4055-8066-a64f630ea9ed/checkpoints [33m401[0m 0.280 ms - 79[0m
[ error ] API request failed { code: [32m'authentication_required'[39m, statusCode: [33m401[39m }
[0mPOST /api/sync/1c41e245-dee2-4055-8066-a64f630ea9ed/checkpoints [33m401[0m 0.312 ms - 79[0m
[ error ] API request failed { code: [32m'authentication_required'[39m, statusCode: [33m401[39m }
[0mPOST /api/sync/1c41e245-dee2-4055-8066-a64f630ea9ed/checkpoints [33m401[0m 0.331 ms - 79[0m
[ error ] API request failed { code: [32m'authentication_required'[39m, statusCode: [33m401[39m }
[0mPOST /api/sync/1c41e245-dee2-4055-8066-a64f630ea9ed/checkpoints [33m401[0m 0.278 ms - 79[0m
[ error ] API request failed { code: [32m'authentication_required'[39m, statusCode: [33m401[39m }
[0mPOST /api/sync/1c41e245-dee2-4055-8066-a64f630ea9ed/checkpoints [33m401[0m 0.321 ms - 79[0m
[ error ] API request failed { code: [32m'authentication_required'[39m, statusCode: [33m401[39m }
[0mPOST /api/sync/1c41e245-dee2-4055-8066-a64f630ea9ed/checkpoints [33m401[0m 0.331 ms - 79[0m
[ error ] API request failed { code: [32m'authentication_required'[39m, statusCode: [33m401[39m }
[0mPOST /api/sync/1c41e245-dee2-4055-8066-a64f630ea9ed/checkpoints [33m401[0m 0.413 ms - 79[0m
[ error ] API request failed { code: [32m'authentication_required'[39m, statusCode: [33m401[39m }
[0mPOST /api/sync/1c41e245-dee2-4055-8066-a64f630ea9ed/checkpoints [33m401[0m 0.341 ms - 79[0m
[ error ] API request failed { code: [32m'authentication_required'[39m, statusCode: [33m401[39m }
[0mPOST /api/sync/1c41e245-dee2-4055-8066-a64f630ea9ed/checkpoints [33m401[0m 0.329 ms - 79[0m
[ error ] API request failed { code: [32m'authentication_required'[39m, statusCode: [33m401[39m }
[0mPOST /api/sync/1c41e245-dee2-4055-8066-a64f630ea9ed/checkpoints [33m401[0m 0.332 ms - 79[0m
[ error ] API request failed { code: [32m'authentication_required'[39m, statusCode: [33m401[39m }
[0mPOST /api/sync/1c41e245-dee2-4055-8066-a64f630ea9ed/checkpoints [33m401[0m 0.292 ms - 79[0m
[ error ] API request failed { code: [32m'authentication_required'[39m, statusCode: [33m401[39m }
[0mPOST /api/sync/1c41e245-dee2-4055-8066-a64f630ea9ed/checkpoints [33m401[0m 0.406 ms - 79[0m
[ error ] API request failed { code: [32m'authentication_required'[39m, statusCode: [33m401[39m }
[0mPOST /api/sync/1c41e245-dee2-4055-8066-a64f630ea9ed/checkpoints [33m401[0m 0.274 ms - 79[0m
[ error ] API request failed { code: [32m'authentication_required'[39m, statusCode: [33m401[39m }
[0mPOST /api/sync/1c41e245-dee2-4055-8066-a64f630ea9ed/checkpoints [33m401[0m 0.390 ms - 79[0m
[ error ] API request failed { code: [32m'authentication_required'[39m, statusCode: [33m401[39m }
[0mPOST /api/sync/1c41e245-dee2-4055-8066-a64f630ea9ed/checkpoints [33m401[0m 0.245 ms - 79[0m
[ error ] API request failed { code: [32m'authentication_required'[39m, statusCode: [33m401[39m }
[0mPOST /api/sync/1c41e245-dee2-4055-8066-a64f630ea9ed/checkpoints [33m401[0m 0.227 ms - 79[0m
[ error ] API request failed { code: [32m'authentication_required'[39m, statusCode: [33m401[39m }
[0mPOST /api/sync/1c41e245-dee2-4055-8066-a64f630ea9ed/checkpoints [33m401[0m 0.288 ms - 79[0m
[ error ] API request failed { code: [32m'authentication_required'[39m, statusCode: [33m401[39m }
[0mPOST /api/sync/1c41e245-dee2-4055-8066-a64f630ea9ed/checkpoints [33m401[0m 0.214 ms - 79[0m
[ error ] API request failed { code: [32m'authentication_required'[39m, statusCode: [33m401[39m }
[0mPOST /api/sync/1c41e245-dee2-4055-8066-a64f630ea9ed/checkpoints [33m401[0m 0.403 ms - 79[0m
[ error ] API request failed { code: [32m'authentication_required'[39m, statusCode: [33m401[39m }
[0mPOST /api/sync/1c41e245-dee2-4055-8066-a64f630ea9ed/checkpoints [33m401[0m 0.281 ms - 79[0m
[ error ] API request failed { code: [32m'authentication_required'[39m, statusCode: [33m401[39m }
[0mPOST /api/sync/1c41e245-dee2-4055-8066-a64f630ea9ed/checkpoints [33m401[0m 0.200 ms - 79[0m
[ error ] API request failed { code: [32m'authentication_required'[39m, statusCode: [33m401[39m }
[0mPOST /api/sync/1c41e245-dee2-4055-8066-a64f630ea9ed/checkpoints [33m401[0m 0.182 ms - 79[0m
[ error ] API request failed { code: [32m'authentication_required'[39m, statusCode: [33m401[39m }
[0mPOST /api/sync/1c41e245-dee2-4055-8066-a64f630ea9ed/checkpoints [33m401[0m 0.176 ms - 79[0m
[ error ] API request failed { code: [32m'authentication_required'[39m, statusCode: [33m401[39m }
[0mPOST /api/sync/1c41e245-dee2-4055-8066-a64f630ea9ed/checkpoints [33m401[0m 0.368 ms - 79[0m
[ error ] API request failed { code: [32m'authentication_required'[39m, statusCode: [33m401[39m }
[0mPOST /api/sync/1c41e245-dee2-4055-8066-a64f630ea9ed/checkpoints [33m401[0m 0.214 ms - 79[0m
[ error ] API request failed { code: [32m'authentication_required'[39m, statusCode: [33m401[39m }
[0mPOST /api/sync/1c41e245-dee2-4055-8066-a64f630ea9ed/checkpoints [33m401[0m 0.486 ms - 79[0m
[ error ] API request failed { code: [32m'authentication_required'[39m, statusCode: [33m401[39m }
[0mPOST /api/sync/1c41e245-dee2-4055-8066-a64f630ea9ed/checkpoints [33m401[0m 0.264 ms - 79[0m
[ error ] API request failed { code: [32m'authentication_required'[39m, statusCode: [33m401[39m }
[0mPOST /api/sync/1c41e245-dee2-4055-8066-a64f630ea9ed/checkpoints [33m401[0m 0.255 ms - 79[0m
[ error ] API request failed { code: [32m'authentication_required'[39m, statusCode: [33m401[39m }
[0mPOST /api/sync/1c41e245-dee2-4055-8066-a64f630ea9ed/checkpoints [33m401[0m 0.194 ms - 79[0m
[ error ] API request failed { code: [32m'authentication_required'[39m, statusCode: [33m401[39m }
[0mPOST /api/sync/1c41e245-dee2-4055-8066-a64f630ea9ed/checkpoints [33m401[0m 0.208 ms - 79[0m
[ error ] API request failed { code: [32m'authentication_required'[39m, statusCode: [33m401[39m }
[0mPOST /api/sync/1c41e245-dee2-4055-8066-a64f630ea9ed/checkpoints [33m401[0m 0.177 ms - 79[0m
[ error ] API request failed { code: [32m'authentication_required'[39m, statusCode: [33m401[39m }
[0mPOST /api/sync/1c41e245-dee2-4055-8066-a64f630ea9ed/checkpoints [33m401[0m 0.180 ms - 79[0m
[ error ] API request failed { code: [32m'authentication_required'[39m, statusCode: [33m401[39m }
[0mPOST /api/sync/1c41e245-dee2-4055-8066-a64f630ea9ed/checkpoints [33m401[0m 0.264 ms - 79[0m
[ error ] API request failed { code: [32m'authentication_required'[39m, statusCode: [33m401[39m }
[0mPOST /api/sync/1c41e245-dee2-4055-8066-a64f630ea9ed/checkpoints [33m401[0m 0.200 ms - 79[0m
[ error ] API request failed { code: [32m'authentication_required'[39m, statusCode: [33m401[39m }
[0mPOST /api/sync/1c41e245-dee2-4055-8066-a64f630ea9ed/checkpoints [33m401[0m 0.204 ms - 79[0m
[ error ] API request failed { code: [32m'authentication_required'[39m, statusCode: [33m401[39m }
[0mPOST /api/sync/1c41e245-dee2-4055-8066-a64f630ea9ed/checkpoints [33m401[0m 0.193 ms - 79[0m
[ error ] API request failed { code: [32m'authentication_required'[39m, statusCode: [33m401[39m }
[0mPOST /api/sync/1c41e245-dee2-4055-8066-a64f630ea9ed/checkpoints [33m401[0m 0.174 ms - 79[0m
[ error ] API request failed { code: [32m'authentication_required'[39m, statusCode: [33m401[39m }
[0mPOST /api/sync/1c41e245-dee2-4055-8066-a64f630ea9ed/checkpoints [33m401[0m 0.176 ms - 79[0m
[ error ] API request failed { code: [32m'authentication_required'[39m, statusCode: [33m401[39m }
[0mPOST /api/sync/1c41e245-dee2-4055-8066-a64f630ea9ed/checkpoints [33m401[0m 0.155 ms - 79[0m
[ error ] API request failed { code: [32m'authentication_required'[39m, statusCode: [33m401[39m }
[0mPOST /api/sync/1c41e245-dee2-4055-8066-a64f630ea9ed/checkpoints [33m401[0m 0.169 ms - 79[0m
[ error ] API request failed { code: [32m'authentication_required'[39m, statusCode: [33m401[39m }
[0mPOST /api/sync/1c41e245-dee2-4055-8066-a64f630ea9ed/checkpoints [33m401[0m 0.174 ms - 79[0m
[ error ] API request failed { code: [32m'authentication_required'[39m, statusCode: [33m401[39m }
[0mPOST /api/sync/1c41e245-dee2-4055-8066-a64f630ea9ed/checkpoints [33m401[0m 0.181 ms - 79[0m
[ error ] API request failed { code: [32m'authentication_required'[39m, statusCode: [33m401[39m }
[0mPOST /api/sync/1c41e245-dee2-4055-8066-a64f630ea9ed/checkpoints [33m401[0m 0.161 ms - 79[0m
[ error ] API request failed { code: [32m'authentication_required'[39m, statusCode: [33m401[39m }
[0mPOST /api/sync/1c41e245-dee2-4055-8066-a64f630ea9ed/checkpoints [33m401[0m 0.165 ms - 79[0m
[ error ] API request failed { code: [32m'authentication_required'[39m, statusCode: [33m401[39m }
[0mPOST /api/sync/1c41e245-dee2-4055-8066-a64f630ea9ed/checkpoints [33m401[0m 0.147 ms - 79[0m
[ error ] API request failed { code: [32m'authentication_required'[39m, statusCode: [33m401[39m }
[0mPOST /api/sync/1c41e245-dee2-4055-8066-a64f630ea9ed/checkpoints [33m401[0m 0.197 ms - 79[0m
[ error ] API request failed { code: [32m'authentication_required'[39m, statusCode: [33m401[39m }
[0mPOST /api/sync/1c41e245-dee2-4055-8066-a64f630ea9ed/checkpoints [33m401[0m 0.176 ms - 79[0m
[ error ] API request failed { code: [32m'authentication_required'[39m, statusCode: [33m401[39m }
[0mPOST /api/sync/1c41e245-dee2-4055-8066-a64f630ea9ed/checkpoints [33m401[0m 0.141 ms - 79[0m
[ error ] API request failed { code: [32m'authentication_required'[39m, statusCode: [33m401[39m }
[0mPOST /api/sync/1c41e245-dee2-4055-8066-a64f630ea9ed/checkpoints [33m401[0m 0.172 ms - 79[0m
[ error ] API request failed { code: [32m'authentication_required'[39m, statusCode: [33m401[39m }
[0mPOST /api/sync/1c41e245-dee2-4055-8066-a64f630ea9ed/checkpoints [33m401[0m 0.146 ms - 79[0m
[ error ] API request failed { code: [32m'authentication_required'[39m, statusCode: [33m401[39m }
[0mPOST /api/sync/1c41e245-dee2-4055-8066-a64f630ea9ed/checkpoints [33m401[0m 0.151 ms - 79[0m
[ error ] API request failed { code: [32m'authentication_required'[39m, statusCode: [33m401[39m }
[0mPOST /api/sync/1c41e245-dee2-4055-8066-a64f630ea9ed/checkpoints [33m401[0m 0.206 ms - 79[0m
[ error ] API request failed { code: [32m'authentication_required'[39m, statusCode: [33m401[39m }
[0mPOST /api/sync/1c41e245-dee2-4055-8066-a64f630ea9ed/checkpoints [33m401[0m 0.158 ms - 79[0m
[ error ] API request failed { code: [32m'authentication_required'[39m, statusCode: [33m401[39m }
[0mPOST /api/sync/1c41e245-dee2-4055-8066-a64f630ea9ed/checkpoints [33m401[0m 0.160 ms - 79[0m
[ error ] API request failed { code: [32m'authentication_required'[39m, statusCode: [33m401[39m }
[0mPOST /api/sync/1c41e245-dee2-4055-8066-a64f630ea9ed/checkpoints [33m401[0m 0.145 ms - 79[0m
[ error ] API request failed { code: [32m'authentication_required'[39m, statusCode: [33m401[39m }
[0mPOST /api/sync/1c41e245-dee2-4055-8066-a64f630ea9ed/checkpoints [33m401[0m 0.139 ms - 79[0m
[ error ] API request failed { code: [32m'authentication_required'[39m, statusCode: [33m401[39m }
[0mPOST /api/sync/1c41e245-dee2-4055-8066-a64f630ea9ed/checkpoints [33m401[0m 0.161 ms - 79[0m
[ error ] API request failed { code: [32m'authentication_required'[39m, statusCode: [33m401[39m }
[0mPOST /api/sync/1c41e245-dee2-4055-8066-a64f630ea9ed/checkpoints [33m401[0m 0.153 ms - 79[0m
[ error ] API request failed { code: [32m'authentication_required'[39m, statusCode: [33m401[39m }
[0mPOST /api/sync/1c41e245-dee2-4055-8066-a64f630ea9ed/checkpoints [33m401[0m 0.155 ms - 79[0m
[ error ] API request failed { code: [32m'authentication_required'[39m, statusCode: [33m401[39m }
[0mPOST /api/sync/1c41e245-dee2-4055-8066-a64f630ea9ed/checkpoints [33m401[0m 0.151 ms - 79[0m
[ error ] API request failed { code: [32m'authentication_required'[39m, statusCode: [33m401[39m }
[0mPOST /api/sync/1c41e245-dee2-4055-8066-a64f630ea9ed/checkpoints [33m401[0m 0.186 ms - 79[0m
[ error ] API request failed { code: [32m'authentication_required'[39m, statusCode: [33m401[39m }
[0mPOST /api/sync/1c41e245-dee2-4055-8066-a64f630ea9ed/checkpoints [33m401[0m 0.197 ms - 79[0m
[ error ] API request failed { code: [32m'authentication_required'[39m, statusCode: [33m401[39m }
[0mPOST /api/sync/1c41e245-dee2-4055-8066-a64f630ea9ed/checkpoints [33m401[0m 0.245 ms - 79[0m
[ error ] API request failed { code: [32m'authentication_required'[39m, statusCode: [33m401[39m }
[0mPOST /api/sync/1c41e245-dee2-4055-8066-a64f630ea9ed/checkpoints [33m401[0m 0.256 ms - 79[0m
[ error ] API request failed { code: [32m'authentication_required'[39m, statusCode: [33m401[39m }
[0mPOST /api/sync/1c41e245-dee2-4055-8066-a64f630ea9ed/checkpoints [33m401[0m 0.287 ms - 79[0m
[ error ] API request failed { code: [32m'authentication_required'[39m, statusCode: [33m401[39m }
[0mPOST /api/sync/1c41e245-dee2-4055-8066-a64f630ea9ed/checkpoints [33m401[0m 0.318 ms - 79[0m
[ error ] API request failed { code: [32m'authentication_required'[39m, statusCode: [33m401[39m }
[0mPOST /api/sync/1c41e245-dee2-4055-8066-a64f630ea9ed/checkpoints [33m401[0m 0.238 ms - 79[0m
[ error ] API request failed { code: [32m'authentication_required'[39m, statusCode: [33m401[39m }
[0mPOST /api/sync/1c41e245-dee2-4055-8066-a64f630ea9ed/checkpoints [33m401[0m 0.208 ms - 79[0m
[ error ] API request failed { code: [32m'authentication_required'[39m, statusCode: [33m401[39m }
[0mPOST /api/sync/1c41e245-dee2-4055-8066-a64f630ea9ed/checkpoints [33m401[0m 0.177 ms - 79[0m
[ error ] API request failed { code: [32m'authentication_required'[39m, statusCode: [33m401[39m }
[0mPOST /api/sync/1c41e245-dee2-4055-8066-a64f630ea9ed/checkpoints [33m401[0m 0.151 ms - 79[0m
[ error ] API request failed { code: [32m'authentication_required'[39m, statusCode: [33m401[39m }
[0mPOST /api/sync/1c41e245-dee2-4055-8066-a64f630ea9ed/checkpoints [33m401[0m 0.203 ms - 79[0m
[ error ] API request failed { code: [32m'authentication_required'[39m, statusCode: [33m401[39m }
[0mPOST /api/sync/1c41e245-dee2-4055-8066-a64f630ea9ed/checkpoints [33m401[0m 0.251 ms - 79[0m
[ error ] API request failed { code: [32m'authentication_required'[39m, statusCode: [33m401[39m }
[0mPOST /api/sync/1c41e245-dee2-4055-8066-a64f630ea9ed/checkpoints [33m401[0m 0.194 ms - 79[0m
[ error ] API request failed { code: [32m'authentication_required'[39m, statusCode: [33m401[39m }
[0mPOST /api/sync/1c41e245-dee2-4055-8066-a64f630ea9ed/checkpoints [33m401[0m 0.260 ms - 79[0m
[ error ] API request failed { code: [32m'authentication_required'[39m, statusCode: [33m401[39m }
[0mPOST /api/sync/1c41e245-dee2-4055-8066-a64f630ea9ed/checkpoints [33m401[0m 0.248 ms - 79[0m
[ error ] API request failed { code: [32m'authentication_required'[39m, statusCode: [33m401[39m }
[0mPOST /api/sync/1c41e245-dee2-4055-8066-a64f630ea9ed/checkpoints [33m401[0m 0.195 ms - 79[0m
[ error ] API request failed { code: [32m'authentication_required'[39m, statusCode: [33m401[39m }
[0mPOST /api/sync/1c41e245-dee2-4055-8066-a64f630ea9ed/checkpoints [33m401[0m 0.226 ms - 79[0m
[ error ] API request failed { code: [32m'authentication_required'[39m, statusCode: [33m401[39m }
[0mPOST /api/sync/1c41e245-dee2-4055-8066-a64f630ea9ed/checkpoints [33m401[0m 0.168 ms - 79[0m
[ error ] API request failed { code: [32m'authentication_required'[39m, statusCode: [33m401[39m }
[0mPOST /api/sync/1c41e245-dee2-4055-8066-a64f630ea9ed/checkpoints [33m401[0m 0.212 ms - 79[0m
[ error ] API request failed { code: [32m'authentication_required'[39m, statusCode: [33m401[39m }
[0mPOST /api/sync/1c41e245-dee2-4055-8066-a64f630ea9ed/checkpoints [33m401[0m 0.180 ms - 79[0m
[ error ] API request failed { code: [32m'authentication_required'[39m, statusCode: [33m401[39m }
[0mPOST /api/sync/1c41e245-dee2-4055-8066-a64f630ea9ed/checkpoints [33m401[0m 0.339 ms - 79[0m
[ error ] API request failed { code: [32m'authentication_required'[39m, statusCode: [33m401[39m }
[0mPOST /api/sync/1c41e245-dee2-4055-8066-a64f630ea9ed/checkpoints [33m401[0m 0.258 ms - 79[0m
[ error ] API request failed { code: [32m'authentication_required'[39m, statusCode: [33m401[39m }
[0mPOST /api/sync/1c41e245-dee2-4055-8066-a64f630ea9ed/checkpoints [33m401[0m 0.378 ms - 79[0m
[ error ] API request failed { code: [32m'authentication_required'[39m, statusCode: [33m401[39m }
[0mPOST /api/sync/1c41e245-dee2-4055-8066-a64f630ea9ed/checkpoints [33m401[0m 0.429 ms - 79[0m
[ error ] API request failed { code: [32m'authentication_required'[39m, statusCode: [33m401[39m }
[0mPOST /api/sync/1c41e245-dee2-4055-8066-a64f630ea9ed/checkpoints [33m401[0m 0.304 ms - 79[0m
[ error ] API request failed { code: [32m'authentication_required'[39m, statusCode: [33m401[39m }
[0mPOST /api/sync/1c41e245-dee2-4055-8066-a64f630ea9ed/checkpoints [33m401[0m 0.295 ms - 79[0m
[ error ] API request failed { code: [32m'authentication_required'[39m, statusCode: [33m401[39m }
[0mPOST /api/sync/1c41e245-dee2-4055-8066-a64f630ea9ed/checkpoints [33m401[0m 0.274 ms - 79[0m
[ error ] API request failed { code: [32m'authentication_required'[39m, statusCode: [33m401[39m }
[0mPOST /api/sync/1c41e245-dee2-4055-8066-a64f630ea9ed/checkpoints [33m401[0m 0.407 ms - 79[0m
[ error ] API request failed { code: [32m'authentication_required'[39m, statusCode: [33m401[39m }
[0mPOST /api/sync/1c41e245-dee2-4055-8066-a64f630ea9ed/checkpoints [33m401[0m 0.346 ms - 79[0m
[ error ] API request failed { code: [32m'authentication_required'[39m, statusCode: [33m401[39m }
[0mPOST /api/sync/1c41e245-dee2-4055-8066-a64f630ea9ed/checkpoints [33m401[0m 0.254 ms - 79[0m
[ error ] API request failed { code: [32m'authentication_required'[39m, statusCode: [33m401[39m }
[0mPOST /api/sync/1c41e245-dee2-4055-8066-a64f630ea9ed/checkpoints [33m401[0m 0.239 ms - 79[0m
[ error ] API request failed { code: [32m'authentication_required'[39m, statusCode: [33m401[39m }
[0mPOST /api/sync/1c41e245-dee2-4055-8066-a64f630ea9ed/checkpoints [33m401[0m 0.257 ms - 79[0m
[ error ] API request failed { code: [32m'authentication_required'[39m, statusCode: [33m401[39m }
[0mPOST /api/sync/1c41e245-dee2-4055-8066-a64f630ea9ed/checkpoints [33m401[0m 0.262 ms - 79[0m
[ error ] API request failed { code: [32m'authentication_required'[39m, statusCode: [33m401[39m }
[0mPOST /api/sync/1c41e245-dee2-4055-8066-a64f630ea9ed/checkpoints [33m401[0m 0.249 ms - 79[0m
[ error ] API request failed { code: [32m'authentication_required'[39m, statusCode: [33m401[39m }
[0mPOST /api/sync/1c41e245-dee2-4055-8066-a64f630ea9ed/checkpoints [33m401[0m 0.269 ms - 79[0m
[ error ] API request failed { code: [32m'authentication_required'[39m, statusCode: [33m401[39m }
[0mPOST /api/sync/1c41e245-dee2-4055-8066-a64f630ea9ed/checkpoints [33m401[0m 0.453 ms - 79[0m
[ error ] API request failed { code: [32m'authentication_required'[39m, statusCode: [33m401[39m }
[0mPOST /api/sync/1c41e245-dee2-4055-8066-a64f630ea9ed/checkpoints [33m401[0m 0.307 ms - 79[0m
[ error ] API request failed { code: [32m'authentication_required'[39m, statusCode: [33m401[39m }
[0mPOST /api/sync/1c41e245-dee2-4055-8066-a64f630ea9ed/checkpoints [33m401[0m 0.272 ms - 79[0m
[ error ] API request failed { code: [32m'authentication_required'[39m, statusCode: [33m401[39m }
[0mPOST /api/sync/1c41e245-dee2-4055-8066-a64f630ea9ed/checkpoints [33m401[0m 0.242 ms - 79[0m
[ error ] API request failed { code: [32m'authentication_required'[39m, statusCode: [33m401[39m }
[0mPOST /api/sync/1c41e245-dee2-4055-8066-a64f630ea9ed/checkpoints [33m401[0m 0.239 ms - 79[0m
[ error ] API request failed { code: [32m'authentication_required'[39m, statusCode: [33m401[39m }
[0mPOST /api/sync/1c41e245-dee2-4055-8066-a64f630ea9ed/checkpoints [33m401[0m 0.242 ms - 79[0m
[ error ] API request failed { code: [32m'authentication_required'[39m, statusCode: [33m401[39m }
[0mPOST /api/sync/1c41e245-dee2-4055-8066-a64f630ea9ed/checkpoints [33m401[0m 0.238 ms - 79[0m
[ error ] API request failed { code: [32m'authentication_required'[39m, statusCode: [33m401[39m }
[0mPOST /api/sync/1c41e245-dee2-4055-8066-a64f630ea9ed/checkpoints [33m401[0m 0.212 ms - 79[0m
[ error ] API request failed { code: [32m'authentication_required'[39m, statusCode: [33m401[39m }
[0mPOST /api/sync/1c41e245-dee2-4055-8066-a64f630ea9ed/checkpoints [33m401[0m 0.468 ms - 79[0m
[ error ] API request failed { code: [32m'authentication_required'[39m, statusCode: [33m401[39m }
[0mPOST /api/sync/1c41e245-dee2-4055-8066-a64f630ea9ed/checkpoints [33m401[0m 0.451 ms - 79[0m
[ error ] API request failed { code: [32m'authentication_required'[39m, statusCode: [33m401[39m }
[0mPOST /api/sync/1c41e245-dee2-4055-8066-a64f630ea9ed/checkpoints [33m401[0m 0.369 ms - 79[0m
[ error ] API request failed { code: [32m'authentication_required'[39m, statusCode: [33m401[39m }
[0mPOST /api/sync/1c41e245-dee2-4055-8066-a64f630ea9ed/checkpoints [33m401[0m 0.370 ms - 79[0m
[ error ] API request failed { code: [32m'authentication_required'[39m, statusCode: [33m401[39m }
[0mPOST /api/sync/1c41e245-dee2-4055-8066-a64f630ea9ed/checkpoints [33m401[0m 0.284 ms - 79[0m
[ error ] API request failed { code: [32m'authentication_required'[39m, statusCode: [33m401[39m }
[0mPOST /api/sync/1c41e245-dee2-4055-8066-a64f630ea9ed/checkpoints [33m401[0m 0.175 ms - 79[0m
[ error ] API request failed { code: [32m'authentication_required'[39m, statusCode: [33m401[39m }
[0mPOST /api/sync/1c41e245-dee2-4055-8066-a64f630ea9ed/checkpoints [33m401[0m 0.422 ms - 79[0m
[ error ] API request failed { code: [32m'authentication_required'[39m, statusCode: [33m401[39m }
[0mPOST /api/sync/1c41e245-dee2-4055-8066-a64f630ea9ed/checkpoints [33m401[0m 0.271 ms - 79[0m
[ error ] API request failed { code: [32m'authentication_required'[39m, statusCode: [33m401[39m }
[0mPOST /api/sync/1c41e245-dee2-4055-8066-a64f630ea9ed/checkpoints [33m401[0m 0.287 ms - 79[0m
[ error ] API request failed { code: [32m'authentication_required'[39m, statusCode: [33m401[39m }
[0mPOST /api/sync/1c41e245-dee2-4055-8066-a64f630ea9ed/checkpoints [33m401[0m 0.254 ms - 79[0m
[ error ] API request failed { code: [32m'authentication_required'[39m, statusCode: [33m401[39m }
[0mPOST /api/sync/1c41e245-dee2-4055-8066-a64f630ea9ed/checkpoints [33m401[0m 0.272 ms - 79[0m
[ error ] API request failed { code: [32m'authentication_required'[39m, statusCode: [33m401[39m }
[0mPOST /api/sync/1c41e245-dee2-4055-8066-a64f630ea9ed/checkpoints [33m401[0m 0.219 ms - 79[0m
[ error ] API request failed { code: [32m'authentication_required'[39m, statusCode: [33m401[39m }
[0mPOST /api/sync/1c41e245-dee2-4055-8066-a64f630ea9ed/checkpoints [33m401[0m 0.235 ms - 79[0m
[ error ] API request failed { code: [32m'authentication_required'[39m, statusCode: [33m401[39m }
[0mPOST /api/sync/1c41e245-dee2-4055-8066-a64f630ea9ed/checkpoints [33m401[0m 0.263 ms - 79[0m
[ error ] API request failed { code: [32m'authentication_required'[39m, statusCode: [33m401[39m }
[0mPOST /api/sync/1c41e245-dee2-4055-8066-a64f630ea9ed/checkpoints [33m401[0m 0.237 ms - 79[0m
[ error ] API request failed { code: [32m'authentication_required'[39m, statusCode: [33m401[39m }
[0mPOST /api/sync/1c41e245-dee2-4055-8066-a64f630ea9ed/checkpoints [33m401[0m 0.227 ms - 79[0m
[ error ] API request failed { code: [32m'authentication_required'[39m, statusCode: [33m401[39m }
[0mPOST /api/sync/1c41e245-dee2-4055-8066-a64f630ea9ed/checkpoints [33m401[0m 0.239 ms - 79[0m
[ error ] API request failed { code: [32m'authentication_required'[39m, statusCode: [33m401[39m }
[0mPOST /api/sync/1c41e245-dee2-4055-8066-a64f630ea9ed/checkpoints [33m401[0m 0.260 ms - 79[0m
[ error ] API request failed { code: [32m'authentication_required'[39m, statusCode: [33m401[39m }
[0mPOST /api/sync/1c41e245-dee2-4055-8066-a64f630ea9ed/checkpoints [33m401[0m 0.236 ms - 79[0m
[ error ] API request failed { code: [32m'authentication_required'[39m, statusCode: [33m401[39m }
[0mPOST /api/sync/1c41e245-dee2-4055-8066-a64f630ea9ed/checkpoints [33m401[0m 0.289 ms - 79[0m
[ error ] API request failed { code: [32m'authentication_required'[39m, statusCode: [33m401[39m }
[0mPOST /api/sync/1c41e245-dee2-4055-8066-a64f630ea9ed/checkpoints [33m401[0m 0.202 ms - 79[0m
[ error ] API request failed { code: [32m'authentication_required'[39m, statusCode: [33m401[39m }
[0mPOST /api/sync/1c41e245-dee2-4055-8066-a64f630ea9ed/checkpoints [33m401[0m 0.271 ms - 79[0m
[ error ] API request failed { code: [32m'authentication_required'[39m, statusCode: [33m401[39m }
[0mPOST /api/sync/1c41e245-dee2-4055-8066-a64f630ea9ed/checkpoints [33m401[0m 0.404 ms - 79[0m
[ error ] API request failed { code: [32m'authentication_required'[39m, statusCode: [33m401[39m }
[0mPOST /api/sync/1c41e245-dee2-4055-8066-a64f630ea9ed/checkpoints [33m401[0m 0.431 ms - 79[0m
[ error ] API request failed { code: [32m'authentication_required'[39m, statusCode: [33m401[39m }
[0mPOST /api/sync/1c41e245-dee2-4055-8066-a64f630ea9ed/checkpoints [33m401[0m 0.293 ms - 79[0m
[ error ] API request failed { code: [32m'authentication_required'[39m, statusCode: [33m401[39m }
[0mPOST /api/sync/1c41e245-dee2-4055-8066-a64f630ea9ed/checkpoints [33m401[0m 0.323 ms - 79[0m
[ error ] API request failed { code: [32m'authentication_required'[39m, statusCode: [33m401[39m }
[0mPOST /api/sync/1c41e245-dee2-4055-8066-a64f630ea9ed/checkpoints [33m401[0m 0.330 ms - 79[0m
[ error ] API request failed { code: [32m'authentication_required'[39m, statusCode: [33m401[39m }
[0mPOST /api/sync/1c41e245-dee2-4055-8066-a64f630ea9ed/checkpoints [33m401[0m 0.322 ms - 79[0m
[ error ] API request failed { code: [32m'authentication_required'[39m, statusCode: [33m401[39m }
[0mPOST /api/sync/1c41e245-dee2-4055-8066-a64f630ea9ed/checkpoints [33m401[0m 0.355 ms - 79[0m
[ error ] API request failed { code: [32m'authentication_required'[39m, statusCode: [33m401[39m }
[0mPOST /api/sync/1c41e245-dee2-4055-8066-a64f630ea9ed/checkpoints [33m401[0m 0.406 ms - 79[0m
[ error ] API request failed { code: [32m'authentication_required'[39m, statusCode: [33m401[39m }
[0mPOST /api/sync/1c41e245-dee2-4055-8066-a64f630ea9ed/checkpoints [33m401[0m 0.391 ms - 79[0m
[ error ] API request failed { code: [32m'authentication_required'[39m, statusCode: [33m401[39m }
[0mPOST /api/sync/1c41e245-dee2-4055-8066-a64f630ea9ed/checkpoints [33m401[0m 0.326 ms - 79[0m
[ error ] API request failed { code: [32m'authentication_required'[39m, statusCode: [33m401[39m }
[0mPOST /api/sync/1c41e245-dee2-4055-8066-a64f630ea9ed/checkpoints [33m401[0m 0.308 ms - 79[0m
[ error ] API request failed { code: [32m'authentication_required'[39m, statusCode: [33m401[39m }
[0mPOST /api/sync/1c41e245-dee2-4055-8066-a64f630ea9ed/checkpoints [33m401[0m 0.347 ms - 79[0m
[ error ] API request failed { code: [32m'authentication_required'[39m, statusCode: [33m401[39m }
[0mPOST /api/sync/1c41e245-dee2-4055-8066-a64f630ea9ed/checkpoints [33m401[0m 0.322 ms - 79[0m
[ error ] API request failed { code: [32m'authentication_required'[39m, statusCode: [33m401[39m }
[0mPOST /api/sync/1c41e245-dee2-4055-8066-a64f630ea9ed/checkpoints [33m401[0m 0.475 ms - 79[0m
[ error ] API request failed { code: [32m'authentication_required'[39m, statusCode: [33m401[39m }
[0mPOST /api/sync/1c41e245-dee2-4055-8066-a64f630ea9ed/checkpoints [33m401[0m 0.334 ms - 79[0m
[ error ] API request failed { code: [32m'authentication_required'[39m, statusCode: [33m401[39m }
[0mPOST /api/sync/1c41e245-dee2-4055-8066-a64f630ea9ed/checkpoints [33m401[0m 0.374 ms - 79[0m
[ error ] API request failed { code: [32m'authentication_required'[39m, statusCode: [33m401[39m }
[0mPOST /api/sync/1c41e245-dee2-4055-8066-a64f630ea9ed/checkpoints [33m401[0m 0.327 ms - 79[0m
[ error ] API request failed { code: [32m'authentication_required'[39m, statusCode: [33m401[39m }
[0mPOST /api/sync/1c41e245-dee2-4055-8066-a64f630ea9ed/checkpoints [33m401[0m 0.289 ms - 79[0m
[ error ] API request failed { code: [32m'invalid_request'[39m, statusCode: [33m400[39m }
[ error ] API request failed { code: [32m'invalid_request'[39m, statusCode: [33m400[39m }
[ error ] API request failed { code: [32m'invalid_request'[39m, statusCode: [33m400[39m }
[ error ] API request failed { code: [32m'invalid_request'[39m, statusCode: [33m400[39m }
[ error ] API request failed { code: [32m'authentication_required'[39m, statusCode: [33m401[39m }
[0mPOST /api/sync/1c41e245-dee2-4055-8066-a64f630ea9ed/checkpoints [33m401[0m 0.210 ms - 79[0m
[ error ] API request failed { code: [32m'authentication_required'[39m, statusCode: [33m401[39m }
[0mPOST /api/sync/1c41e245-dee2-4055-8066-a64f630ea9ed/checkpoints [33m401[0m 0.320 ms - 79[0m
[ error ] API request failed { code: [32m'authentication_required'[39m, statusCode: [33m401[39m }
[0mPOST /api/sync/1c41e245-dee2-4055-8066-a64f630ea9ed/checkpoints [33m401[0m 0.283 ms - 79[0m
[ error ] API request failed { code: [32m'authentication_required'[39m, statusCode: [33m401[39m }
[0mPOST /api/sync/1c41e245-dee2-4055-8066-a64f630ea9ed/checkpoints [33m401[0m 0.274 ms - 79[0m
[ error ] API request failed { code: [32m'authentication_required'[39m, statusCode: [33m401[39m }
[0mPOST /api/sync/1c41e245-dee2-4055-8066-a64f630ea9ed/checkpoints [33m401[0m 0.274 ms - 79[0m
[ error ] API request failed { code: [32m'authentication_required'[39m, statusCode: [33m401[39m }
[0mPOST /api/sync/1c41e245-dee2-4055-8066-a64f630ea9ed/checkpoints [33m401[0m 0.295 ms - 79[0m
[ error ] API request failed { code: [32m'authentication_required'[39m, statusCode: [33m401[39m }
[0mPOST /api/sync/1c41e245-dee2-4055-8066-a64f630ea9ed/checkpoints [33m401[0m 0.214 ms - 79[0m
[ error ] API request failed { code: [32m'authentication_required'[39m, statusCode: [33m401[39m }
[0mPOST /api/sync/1c41e245-dee2-4055-8066-a64f630ea9ed/checkpoints [33m401[0m 0.365 ms - 79[0m
[ error ] API request failed { code: [32m'authentication_required'[39m, statusCode: [33m401[39m }
[0mPOST /api/sync/1c41e245-dee2-4055-8066-a64f630ea9ed/checkpoints [33m401[0m 0.370 ms - 79[0m
[ error ] API request failed { code: [32m'authentication_required'[39m, statusCode: [33m401[39m }
[0mPOST /api/sync/1c41e245-dee2-4055-8066-a64f630ea9ed/checkpoints [33m401[0m 0.256 ms - 79[0m
[ error ] API request failed { code: [32m'authentication_required'[39m, statusCode: [33m401[39m }
[0mPOST /api/sync/1c41e245-dee2-4055-8066-a64f630ea9ed/checkpoints [33m401[0m 0.291 ms - 79[0m
[ error ] API request failed { code: [32m'authentication_required'[39m, statusCode: [33m401[39m }
[0mPOST /api/sync/1c41e245-dee2-4055-8066-a64f630ea9ed/checkpoints [33m401[0m 0.222 ms - 79[0m
[ error ] API request failed { code: [32m'authentication_required'[39m, statusCode: [33m401[39m }
[0mPOST /api/sync/1c41e245-dee2-4055-8066-a64f630ea9ed/checkpoints [33m401[0m 0.222 ms - 79[0m
[ error ] API request failed { code: [32m'authentication_required'[39m, statusCode: [33m401[39m }
[0mPOST /api/sync/1c41e245-dee2-4055-8066-a64f630ea9ed/checkpoints [33m401[0m 0.193 ms - 79[0m
[ error ] API request failed { code: [32m'authentication_required'[39m, statusCode: [33m401[39m }
[0mPOST /api/sync/1c41e245-dee2-4055-8066-a64f630ea9ed/checkpoints [33m401[0m 0.202 ms - 79[0m
[ error ] API request failed { code: [32m'authentication_required'[39m, statusCode: [33m401[39m }
[0mPOST /api/sync/1c41e245-dee2-4055-8066-a64f630ea9ed/checkpoints [33m401[0m 0.232 ms - 79[0m
[ error ] API request failed { code: [32m'authentication_required'[39m, statusCode: [33m401[39m }
[0mPOST /api/sync/1c41e245-dee2-4055-8066-a64f630ea9ed/checkpoints [33m401[0m 0.430 ms - 79[0m
[ error ] API request failed { code: [32m'authentication_required'[39m, statusCode: [33m401[39m }
[0mPOST /api/sync/1c41e245-dee2-4055-8066-a64f630ea9ed/checkpoints [33m401[0m 0.281 ms - 79[0m
[ error ] API request failed { code: [32m'authentication_required'[39m, statusCode: [33m401[39m }
[0mPOST /api/sync/1c41e245-dee2-4055-8066-a64f630ea9ed/checkpoints [33m401[0m 0.314 ms - 79[0m
[ error ] API request failed { code: [32m'authentication_required'[39m, statusCode: [33m401[39m }
[0mPOST /api/sync/1c41e245-dee2-4055-8066-a64f630ea9ed/checkpoints [33m401[0m 0.236 ms - 79[0m
[ error ] API request failed { code: [32m'authentication_required'[39m, statusCode: [33m401[39m }
[0mPOST /api/sync/1c41e245-dee2-4055-8066-a64f630ea9ed/checkpoints [33m401[0m 0.210 ms - 79[0m
[ error ] API request failed { code: [32m'authentication_required'[39m, statusCode: [33m401[39m }
[0mPOST /api/sync/1c41e245-dee2-4055-8066-a64f630ea9ed/checkpoints [33m401[0m 0.244 ms - 79[0m
[ error ] API request failed { code: [32m'authentication_required'[39m, statusCode: [33m401[39m }
[0mPOST /api/sync/1c41e245-dee2-4055-8066-a64f630ea9ed/checkpoints [33m401[0m 0.198 ms - 79[0m
[ error ] API request failed { code: [32m'authentication_required'[39m, statusCode: [33m401[39m }
[0mPOST /api/sync/1c41e245-dee2-4055-8066-a64f630ea9ed/checkpoints [33m401[0m 0.159 ms - 79[0m
[ error ] API request failed { code: [32m'authentication_required'[39m, statusCode: [33m401[39m }
[0mPOST /api/sync/1c41e245-dee2-4055-8066-a64f630ea9ed/checkpoints [33m401[0m 0.186 ms - 79[0m
[ error ] API request failed { code: [32m'authentication_required'[39m, statusCode: [33m401[39m }
[0mPOST /api/sync/1c41e245-dee2-4055-8066-a64f630ea9ed/checkpoints [33m401[0m 0.191 ms - 79[0m
[ error ] API request failed { code: [32m'authentication_required'[39m, statusCode: [33m401[39m }
[0mPOST /api/sync/1c41e245-dee2-4055-8066-a64f630ea9ed/checkpoints [33m401[0m 0.181 ms - 79[0m
[ error ] API request failed { code: [32m'authentication_required'[39m, statusCode: [33m401[39m }
[0mPOST /api/sync/1c41e245-dee2-4055-8066-a64f630ea9ed/checkpoints [33m401[0m 0.218 ms - 79[0m
[ error ] API request failed { code: [32m'authentication_required'[39m, statusCode: [33m401[39m }
[0mPOST /api/sync/1c41e245-dee2-4055-8066-a64f630ea9ed/checkpoints [33m401[0m 0.218 ms - 79[0m
[ error ] API request failed { code: [32m'authentication_required'[39m, statusCode: [33m401[39m }
[0mPOST /api/sync/1c41e245-dee2-4055-8066-a64f630ea9ed/checkpoints [33m401[0m 0.261 ms - 79[0m
[ error ] API request failed { code: [32m'authentication_required'[39m, statusCode: [33m401[39m }
[0mPOST /api/sync/1c41e245-dee2-4055-8066-a64f630ea9ed/checkpoints [33m401[0m 0.275 ms - 79[0m
[ error ] API request failed { code: [32m'authentication_required'[39m, statusCode: [33m401[39m }
[0mPOST /api/sync/1c41e245-dee2-4055-8066-a64f630ea9ed/checkpoints [33m401[0m 0.300 ms - 79[0m
[ error ] API request failed { code: [32m'authentication_required'[39m, statusCode: [33m401[39m }
[0mPOST /api/sync/1c41e245-dee2-4055-8066-a64f630ea9ed/checkpoints [33m401[0m 0.288 ms - 79[0m
[ error ] API request failed { code: [32m'authentication_required'[39m, statusCode: [33m401[39m }
[0mPOST /api/sync/1c41e245-dee2-4055-8066-a64f630ea9ed/checkpoints [33m401[0m 0.258 ms - 79[0m
[0mTRACE /api/sync/1c41e245-dee2-4055-8066-a64f630ea9ed/devices [33m405[0m 0.164 ms - 78[0m
[0mQUERY /api/sync/1c41e245-dee2-4055-8066-a64f630ea9ed/devices [33m405[0m 0.235 ms - 78[0m
[0mPUT /api/sync/1c41e245-dee2-4055-8066-a64f630ea9ed/devices [33m405[0m 0.161 ms - 78[0m
[0mPATCH /api/sync/1c41e245-dee2-4055-8066-a64f630ea9ed/devices [33m405[0m 0.165 ms - 78[0m
[0mOPTIONS /api/sync/1c41e245-dee2-4055-8066-a64f630ea9ed/devices [33m405[0m 0.131 ms - 78[0m
[0mDELETE /api/sync/1c41e245-dee2-4055-8066-a64f630ea9ed/devices [33m405[0m 0.129 ms - 78[0m
[ error ] API request failed { code: [32m'authentication_required'[39m, statusCode: [33m401[39m }
[0mPOST /api/sync/000000000000000000000000000000000000000000000000000000000000000000000000000000000000000000000000000000000000000000000000000000000000000000000000000000000000000000000000000000000000000000000000000000000/devices [33m401[0m 0.430 ms - 79[0m
[ error ] API request failed { code: [32m'authentication_required'[39m, statusCode: [33m401[39m }
[0mPOST /api/sync/0000000000000000000000000000000000000000000000000000000000000000000000000000000000000000000000000000000000000000000000000000000000000000000000000000000000000000000000000000000000000000000000000000000/devices [33m401[0m 0.326 ms - 79[0m
[ error ] API request failed { code: [32m'authentication_required'[39m, statusCode: [33m401[39m }
[0mPOST /api/sync/00000000000000000000000000000000000000000000000000000000000000000000000000000000000000000000000000000000000000000000000000000000000000000000000000000000000000000000000000000000000000000000000000000000/devices [33m401[0m 0.357 ms - 79[0m
[ error ] API request failed { code: [32m'authentication_required'[39m, statusCode: [33m401[39m }
[0mPOST /api/sync/00/devices [33m401[0m 0.302 ms - 79[0m
[ error ] API request failed { code: [32m'authentication_required'[39m, statusCode: [33m401[39m }
[0mPOST /api/sync/0/devices [33m401[0m 0.282 ms - 79[0m
[ error ] API request failed { code: [32m'authentication_required'[39m, statusCode: [33m401[39m }
[0mPOST /api/sync/1c41e245-dee2-4055-8066-a64f630ea9ed/devices [33m401[0m 0.309 ms - 79[0m
[ error ] API request failed { code: [32m'authentication_required'[39m, statusCode: [33m401[39m }
[0mPOST /api/sync/1c41e245-dee2-4055-8066-a64f630ea9ed/devices [33m401[0m 0.280 ms - 79[0m
[ error ] API request failed { code: [32m'authentication_required'[39m, statusCode: [33m401[39m }
[0mPOST /api/sync/1c41e245-dee2-4055-8066-a64f630ea9ed/devices [33m401[0m 0.232 ms - 79[0m
[ error ] API request failed { code: [32m'authentication_required'[39m, statusCode: [33m401[39m }
[0mPOST /api/sync/1c41e245-dee2-4055-8066-a64f630ea9ed/devices [33m401[0m 0.233 ms - 79[0m
[ error ] API request failed { code: [32m'authentication_required'[39m, statusCode: [33m401[39m }
[0mPOST /api/sync/1c41e245-dee2-4055-8066-a64f630ea9ed/devices [33m401[0m 0.222 ms - 79[0m
[ error ] API request failed { code: [32m'authentication_required'[39m, statusCode: [33m401[39m }
[0mPOST /api/sync/1c41e245-dee2-4055-8066-a64f630ea9ed/devices [33m401[0m 0.218 ms - 79[0m
[ error ] API request failed { code: [32m'authentication_required'[39m, statusCode: [33m401[39m }
[0mPOST /api/sync/1c41e245-dee2-4055-8066-a64f630ea9ed/devices [33m401[0m 0.436 ms - 79[0m
[ error ] API request failed { code: [32m'authentication_required'[39m, statusCode: [33m401[39m }
[0mPOST /api/sync/1c41e245-dee2-4055-8066-a64f630ea9ed/devices [33m401[0m 0.426 ms - 79[0m
[ error ] API request failed { code: [32m'authentication_required'[39m, statusCode: [33m401[39m }
[0mPOST /api/sync/1c41e245-dee2-4055-8066-a64f630ea9ed/devices [33m401[0m 0.243 ms - 79[0m
[ error ] API request failed { code: [32m'authentication_required'[39m, statusCode: [33m401[39m }
[0mPOST /api/sync/1c41e245-dee2-4055-8066-a64f630ea9ed/devices [33m401[0m 0.412 ms - 79[0m
[ error ] API request failed { code: [32m'authentication_required'[39m, statusCode: [33m401[39m }
[0mPOST /api/sync/1c41e245-dee2-4055-8066-a64f630ea9ed/devices [33m401[0m 0.255 ms - 79[0m
[ error ] API request failed { code: [32m'authentication_required'[39m, statusCode: [33m401[39m }
[0mPOST /api/sync/1c41e245-dee2-4055-8066-a64f630ea9ed/devices [33m401[0m 0.208 ms - 79[0m
[ error ] API request failed { code: [32m'authentication_required'[39m, statusCode: [33m401[39m }
[0mPOST /api/sync/1c41e245-dee2-4055-8066-a64f630ea9ed/devices [33m401[0m 0.250 ms - 79[0m
[ error ] API request failed { code: [32m'authentication_required'[39m, statusCode: [33m401[39m }
[0mPOST /api/sync/1c41e245-dee2-4055-8066-a64f630ea9ed/devices [33m401[0m 0.217 ms - 79[0m
[ error ] API request failed { code: [32m'authentication_required'[39m, statusCode: [33m401[39m }
[0mPOST /api/sync/1c41e245-dee2-4055-8066-a64f630ea9ed/devices [33m401[0m 0.185 ms - 79[0m
[ error ] API request failed { code: [32m'authentication_required'[39m, statusCode: [33m401[39m }
[0mPOST /api/sync/1c41e245-dee2-4055-8066-a64f630ea9ed/devices [33m401[0m 0.369 ms - 79[0m
[ error ] API request failed { code: [32m'invalid_request'[39m, statusCode: [33m400[39m }
[ error ] API request failed { code: [32m'invalid_request'[39m, statusCode: [33m400[39m }
[ error ] API request failed { code: [32m'invalid_request'[39m, statusCode: [33m400[39m }
[ error ] API request failed { code: [32m'invalid_request'[39m, statusCode: [33m400[39m }
[ error ] API request failed { code: [32m'authentication_required'[39m, statusCode: [33m401[39m }
[0mPOST /api/sync/1c41e245-dee2-4055-8066-a64f630ea9ed/devices [33m401[0m 0.411 ms - 79[0m
[ error ] API request failed { code: [32m'authentication_required'[39m, statusCode: [33m401[39m }
[0mPOST /api/sync/1c41e245-dee2-4055-8066-a64f630ea9ed/devices [33m401[0m 0.346 ms - 79[0m
[ error ] API request failed { code: [32m'authentication_required'[39m, statusCode: [33m401[39m }
[0mPOST /api/sync/1c41e245-dee2-4055-8066-a64f630ea9ed/devices [33m401[0m 0.350 ms - 79[0m
[ error ] API request failed { code: [32m'authentication_required'[39m, statusCode: [33m401[39m }
[0mPOST /api/sync/1c41e245-dee2-4055-8066-a64f630ea9ed/devices [33m401[0m 0.452 ms - 79[0m
[ error ] API request failed { code: [32m'authentication_required'[39m, statusCode: [33m401[39m }
[0mPOST /api/sync/1c41e245-dee2-4055-8066-a64f630ea9ed/devices [33m401[0m 0.410 ms - 79[0m
[0mTRACE /api/sync/1c41e245-dee2-4055-8066-a64f630ea9ed/devices/recover [33m405[0m 0.167 ms - 78[0m
[0mQUERY /api/sync/1c41e245-dee2-4055-8066-a64f630ea9ed/devices/recover [33m405[0m 0.178 ms - 78[0m
[0mPUT /api/sync/1c41e245-dee2-4055-8066-a64f630ea9ed/devices/recover [33m405[0m 0.206 ms - 78[0m
[0mPATCH /api/sync/1c41e245-dee2-4055-8066-a64f630ea9ed/devices/recover [33m405[0m 0.248 ms - 78[0m
[0mOPTIONS /api/sync/1c41e245-dee2-4055-8066-a64f630ea9ed/devices/recover [33m405[0m 0.212 ms - 78[0m
[0mGET /api/sync/1c41e245-dee2-4055-8066-a64f630ea9ed/devices/recover [33m405[0m 0.227 ms - 78[0m
[0mDELETE /api/sync/1c41e245-dee2-4055-8066-a64f630ea9ed/devices/recover [33m405[0m 0.302 ms - 78[0m
[ error ] API request failed { code: [32m'authentication_required'[39m, statusCode: [33m401[39m }
[0mPOST /api/sync/000000000000000000000000000000000000000000000000000000000000000000000000000000000000000000000000000000000000000000000000000000000000000000000000000000000000000000000000000000000000000000000000000000000/devices/recover [33m401[0m 0.217 ms - 79[0m
[ error ] API request failed { code: [32m'authentication_required'[39m, statusCode: [33m401[39m }
[0mPOST /api/sync/0000000000000000000000000000000000000000000000000000000000000000000000000000000000000000000000000000000000000000000000000000000000000000000000000000000000000000000000000000000000000000000000000000000/devices/recover [33m401[0m 0.268 ms - 79[0m
[ error ] API request failed { code: [32m'authentication_required'[39m, statusCode: [33m401[39m }
[0mPOST /api/sync/00000000000000000000000000000000000000000000000000000000000000000000000000000000000000000000000000000000000000000000000000000000000000000000000000000000000000000000000000000000000000000000000000000000/devices/recover [33m401[0m 0.217 ms - 79[0m
[ error ] API request failed { code: [32m'authentication_required'[39m, statusCode: [33m401[39m }
[0mPOST /api/sync/00/devices/recover [33m401[0m 0.417 ms - 79[0m
[ error ] API request failed { code: [32m'authentication_required'[39m, statusCode: [33m401[39m }
[0mPOST /api/sync/0/devices/recover [33m401[0m 0.827 ms - 79[0m
[ error ] API request failed { code: [32m'authentication_required'[39m, statusCode: [33m401[39m }
[0mPOST /api/sync/1c41e245-dee2-4055-8066-a64f630ea9ed/devices/recover [33m401[0m 0.396 ms - 79[0m
[ error ] API request failed { code: [32m'authentication_required'[39m, statusCode: [33m401[39m }
[0mPOST /api/sync/1c41e245-dee2-4055-8066-a64f630ea9ed/devices/recover [33m401[0m 0.311 ms - 79[0m
[ error ] API request failed { code: [32m'authentication_required'[39m, statusCode: [33m401[39m }
[0mPOST /api/sync/1c41e245-dee2-4055-8066-a64f630ea9ed/devices/recover [33m401[0m 0.369 ms - 79[0m
[ error ] API request failed { code: [32m'authentication_required'[39m, statusCode: [33m401[39m }
[0mPOST /api/sync/1c41e245-dee2-4055-8066-a64f630ea9ed/devices/recover [33m401[0m 0.399 ms - 79[0m
[ error ] API request failed { code: [32m'authentication_required'[39m, statusCode: [33m401[39m }
[0mPOST /api/sync/1c41e245-dee2-4055-8066-a64f630ea9ed/devices/recover [33m401[0m 0.522 ms - 79[0m
[ error ] API request failed { code: [32m'authentication_required'[39m, statusCode: [33m401[39m }
[0mPOST /api/sync/1c41e245-dee2-4055-8066-a64f630ea9ed/devices/recover [33m401[0m 0.400 ms - 79[0m
[ error ] API request failed { code: [32m'authentication_required'[39m, statusCode: [33m401[39m }
[0mPOST /api/sync/1c41e245-dee2-4055-8066-a64f630ea9ed/devices/recover [33m401[0m 0.293 ms - 79[0m
[ error ] API request failed { code: [32m'authentication_required'[39m, statusCode: [33m401[39m }
[0mPOST /api/sync/1c41e245-dee2-4055-8066-a64f630ea9ed/devices/recover [33m401[0m 0.248 ms - 79[0m
[ error ] API request failed { code: [32m'authentication_required'[39m, statusCode: [33m401[39m }
[0mPOST /api/sync/1c41e245-dee2-4055-8066-a64f630ea9ed/devices/recover [33m401[0m 0.398 ms - 79[0m
[ error ] API request failed { code: [32m'authentication_required'[39m, statusCode: [33m401[39m }
[0mPOST /api/sync/1c41e245-dee2-4055-8066-a64f630ea9ed/devices/recover [33m401[0m 0.396 ms - 79[0m
[ error ] API request failed { code: [32m'authentication_required'[39m, statusCode: [33m401[39m }
[0mPOST /api/sync/1c41e245-dee2-4055-8066-a64f630ea9ed/devices/recover [33m401[0m 0.290 ms - 79[0m
[ error ] API request failed { code: [32m'authentication_required'[39m, statusCode: [33m401[39m }
[0mPOST /api/sync/1c41e245-dee2-4055-8066-a64f630ea9ed/devices/recover [33m401[0m 0.260 ms - 79[0m
[ error ] API request failed { code: [32m'authentication_required'[39m, statusCode: [33m401[39m }
[0mPOST /api/sync/1c41e245-dee2-4055-8066-a64f630ea9ed/devices/recover [33m401[0m 0.363 ms - 79[0m
[ error ] API request failed { code: [32m'authentication_required'[39m, statusCode: [33m401[39m }
[0mPOST /api/sync/1c41e245-dee2-4055-8066-a64f630ea9ed/devices/recover [33m401[0m 0.346 ms - 79[0m
[ error ] API request failed { code: [32m'authentication_required'[39m, statusCode: [33m401[39m }
[0mPOST /api/sync/1c41e245-dee2-4055-8066-a64f630ea9ed/devices/recover [33m401[0m 0.324 ms - 79[0m
[ error ] API request failed { code: [32m'authentication_required'[39m, statusCode: [33m401[39m }
[0mPOST /api/sync/1c41e245-dee2-4055-8066-a64f630ea9ed/devices/recover [33m401[0m 0.262 ms - 79[0m
[ error ] API request failed { code: [32m'authentication_required'[39m, statusCode: [33m401[39m }
[0mPOST /api/sync/1c41e245-dee2-4055-8066-a64f630ea9ed/devices/recover [33m401[0m 0.241 ms - 79[0m
[ error ] API request failed { code: [32m'authentication_required'[39m, statusCode: [33m401[39m }
[0mPOST /api/sync/1c41e245-dee2-4055-8066-a64f630ea9ed/devices/recover [33m401[0m 0.253 ms - 79[0m
[ error ] API request failed { code: [32m'authentication_required'[39m, statusCode: [33m401[39m }
[0mPOST /api/sync/1c41e245-dee2-4055-8066-a64f630ea9ed/devices/recover [33m401[0m 0.360 ms - 79[0m
[ error ] API request failed { code: [32m'authentication_required'[39m, statusCode: [33m401[39m }
[0mPOST /api/sync/1c41e245-dee2-4055-8066-a64f630ea9ed/devices/recover [33m401[0m 0.230 ms - 79[0m
[ error ] API request failed { code: [32m'authentication_required'[39m, statusCode: [33m401[39m }
[0mPOST /api/sync/1c41e245-dee2-4055-8066-a64f630ea9ed/devices/recover [33m401[0m 0.252 ms - 79[0m
[ error ] API request failed { code: [32m'authentication_required'[39m, statusCode: [33m401[39m }
[0mPOST /api/sync/1c41e245-dee2-4055-8066-a64f630ea9ed/devices/recover [33m401[0m 0.261 ms - 79[0m
[ error ] API request failed { code: [32m'authentication_required'[39m, statusCode: [33m401[39m }
[0mPOST /api/sync/1c41e245-dee2-4055-8066-a64f630ea9ed/devices/recover [33m401[0m 0.223 ms - 79[0m
[ error ] API request failed { code: [32m'authentication_required'[39m, statusCode: [33m401[39m }
[0mPOST /api/sync/1c41e245-dee2-4055-8066-a64f630ea9ed/devices/recover [33m401[0m 0.223 ms - 79[0m
[ error ] API request failed { code: [32m'authentication_required'[39m, statusCode: [33m401[39m }
[0mPOST /api/sync/1c41e245-dee2-4055-8066-a64f630ea9ed/devices/recover [33m401[0m 0.322 ms - 79[0m
[ error ] API request failed { code: [32m'authentication_required'[39m, statusCode: [33m401[39m }
[0mPOST /api/sync/1c41e245-dee2-4055-8066-a64f630ea9ed/devices/recover [33m401[0m 0.356 ms - 79[0m
[ error ] API request failed { code: [32m'authentication_required'[39m, statusCode: [33m401[39m }
[0mPOST /api/sync/1c41e245-dee2-4055-8066-a64f630ea9ed/devices/recover [33m401[0m 0.228 ms - 79[0m
[ error ] API request failed { code: [32m'authentication_required'[39m, statusCode: [33m401[39m }
[0mPOST /api/sync/1c41e245-dee2-4055-8066-a64f630ea9ed/devices/recover [33m401[0m 0.178 ms - 79[0m
[ error ] API request failed { code: [32m'authentication_required'[39m, statusCode: [33m401[39m }
[0mPOST /api/sync/1c41e245-dee2-4055-8066-a64f630ea9ed/devices/recover [33m401[0m 0.318 ms - 79[0m
[ error ] API request failed { code: [32m'authentication_required'[39m, statusCode: [33m401[39m }
[0mPOST /api/sync/1c41e245-dee2-4055-8066-a64f630ea9ed/devices/recover [33m401[0m 0.163 ms - 79[0m
[ error ] API request failed { code: [32m'authentication_required'[39m, statusCode: [33m401[39m }
[0mPOST /api/sync/1c41e245-dee2-4055-8066-a64f630ea9ed/devices/recover [33m401[0m 0.167 ms - 79[0m
[ error ] API request failed { code: [32m'authentication_required'[39m, statusCode: [33m401[39m }
[0mPOST /api/sync/1c41e245-dee2-4055-8066-a64f630ea9ed/devices/recover [33m401[0m 0.169 ms - 79[0m
[ error ] API request failed { code: [32m'authentication_required'[39m, statusCode: [33m401[39m }
[0mPOST /api/sync/1c41e245-dee2-4055-8066-a64f630ea9ed/devices/recover [33m401[0m 0.163 ms - 79[0m
[ error ] API request failed { code: [32m'authentication_required'[39m, statusCode: [33m401[39m }
[0mPOST /api/sync/1c41e245-dee2-4055-8066-a64f630ea9ed/devices/recover [33m401[0m 0.167 ms - 79[0m
[ error ] API request failed { code: [32m'authentication_required'[39m, statusCode: [33m401[39m }
[0mPOST /api/sync/1c41e245-dee2-4055-8066-a64f630ea9ed/devices/recover [33m401[0m 0.173 ms - 79[0m
[ error ] API request failed { code: [32m'authentication_required'[39m, statusCode: [33m401[39m }
[0mPOST /api/sync/1c41e245-dee2-4055-8066-a64f630ea9ed/devices/recover [33m401[0m 0.161 ms - 79[0m
[ error ] API request failed { code: [32m'authentication_required'[39m, statusCode: [33m401[39m }
[0mPOST /api/sync/1c41e245-dee2-4055-8066-a64f630ea9ed/devices/recover [33m401[0m 0.290 ms - 79[0m
[ error ] API request failed { code: [32m'authentication_required'[39m, statusCode: [33m401[39m }
[0mPOST /api/sync/1c41e245-dee2-4055-8066-a64f630ea9ed/devices/recover [33m401[0m 0.186 ms - 79[0m
[ error ] API request failed { code: [32m'authentication_required'[39m, statusCode: [33m401[39m }
[0mPOST /api/sync/1c41e245-dee2-4055-8066-a64f630ea9ed/devices/recover [33m401[0m 0.188 ms - 79[0m
[ error ] API request failed { code: [32m'authentication_required'[39m, statusCode: [33m401[39m }
[0mPOST /api/sync/1c41e245-dee2-4055-8066-a64f630ea9ed/devices/recover [33m401[0m 0.194 ms - 79[0m
[ error ] API request failed { code: [32m'authentication_required'[39m, statusCode: [33m401[39m }
[0mPOST /api/sync/1c41e245-dee2-4055-8066-a64f630ea9ed/devices/recover [33m401[0m 0.197 ms - 79[0m
[ error ] API request failed { code: [32m'authentication_required'[39m, statusCode: [33m401[39m }
[0mPOST /api/sync/1c41e245-dee2-4055-8066-a64f630ea9ed/devices/recover [33m401[0m 0.213 ms - 79[0m
[ error ] API request failed { code: [32m'authentication_required'[39m, statusCode: [33m401[39m }
[0mPOST /api/sync/1c41e245-dee2-4055-8066-a64f630ea9ed/devices/recover [33m401[0m 0.203 ms - 79[0m
[ error ] API request failed { code: [32m'authentication_required'[39m, statusCode: [33m401[39m }
[0mPOST /api/sync/1c41e245-dee2-4055-8066-a64f630ea9ed/devices/recover [33m401[0m 0.207 ms - 79[0m
[ error ] API request failed { code: [32m'authentication_required'[39m, statusCode: [33m401[39m }
[0mPOST /api/sync/1c41e245-dee2-4055-8066-a64f630ea9ed/devices/recover [33m401[0m 0.175 ms - 79[0m
[ error ] API request failed { code: [32m'authentication_required'[39m, statusCode: [33m401[39m }
[0mPOST /api/sync/1c41e245-dee2-4055-8066-a64f630ea9ed/devices/recover [33m401[0m 0.181 ms - 79[0m
[ error ] API request failed { code: [32m'authentication_required'[39m, statusCode: [33m401[39m }
[0mPOST /api/sync/1c41e245-dee2-4055-8066-a64f630ea9ed/devices/recover [33m401[0m 0.170 ms - 79[0m
[ error ] API request failed { code: [32m'authentication_required'[39m, statusCode: [33m401[39m }
[0mPOST /api/sync/1c41e245-dee2-4055-8066-a64f630ea9ed/devices/recover [33m401[0m 0.168 ms - 79[0m
[ error ] API request failed { code: [32m'authentication_required'[39m, statusCode: [33m401[39m }
[0mPOST /api/sync/1c41e245-dee2-4055-8066-a64f630ea9ed/devices/recover [33m401[0m 0.165 ms - 79[0m
[ error ] API request failed { code: [32m'authentication_required'[39m, statusCode: [33m401[39m }
[0mPOST /api/sync/1c41e245-dee2-4055-8066-a64f630ea9ed/devices/recover [33m401[0m 0.165 ms - 79[0m
[ error ] API request failed { code: [32m'authentication_required'[39m, statusCode: [33m401[39m }
[0mPOST /api/sync/1c41e245-dee2-4055-8066-a64f630ea9ed/devices/recover [33m401[0m 0.186 ms - 79[0m
[ error ] API request failed { code: [32m'authentication_required'[39m, statusCode: [33m401[39m }
[0mPOST /api/sync/1c41e245-dee2-4055-8066-a64f630ea9ed/devices/recover [33m401[0m 0.378 ms - 79[0m
[ error ] API request failed { code: [32m'authentication_required'[39m, statusCode: [33m401[39m }
[0mPOST /api/sync/1c41e245-dee2-4055-8066-a64f630ea9ed/devices/recover [33m401[0m 0.216 ms - 79[0m
[ error ] API request failed { code: [32m'authentication_required'[39m, statusCode: [33m401[39m }
[0mPOST /api/sync/1c41e245-dee2-4055-8066-a64f630ea9ed/devices/recover [33m401[0m 0.158 ms - 79[0m
[ error ] API request failed { code: [32m'authentication_required'[39m, statusCode: [33m401[39m }
[0mPOST /api/sync/1c41e245-dee2-4055-8066-a64f630ea9ed/devices/recover [33m401[0m 0.211 ms - 79[0m
[ error ] API request failed { code: [32m'authentication_required'[39m, statusCode: [33m401[39m }
[0mPOST /api/sync/1c41e245-dee2-4055-8066-a64f630ea9ed/devices/recover [33m401[0m 0.160 ms - 79[0m
[ error ] API request failed { code: [32m'authentication_required'[39m, statusCode: [33m401[39m }
[0mPOST /api/sync/1c41e245-dee2-4055-8066-a64f630ea9ed/devices/recover [33m401[0m 0.134 ms - 79[0m
[ error ] API request failed { code: [32m'authentication_required'[39m, statusCode: [33m401[39m }
[0mPOST /api/sync/1c41e245-dee2-4055-8066-a64f630ea9ed/devices/recover [33m401[0m 0.320 ms - 79[0m
[ error ] API request failed { code: [32m'authentication_required'[39m, statusCode: [33m401[39m }
[0mPOST /api/sync/1c41e245-dee2-4055-8066-a64f630ea9ed/devices/recover [33m401[0m 0.321 ms - 79[0m
[ error ] API request failed { code: [32m'authentication_required'[39m, statusCode: [33m401[39m }
[0mPOST /api/sync/1c41e245-dee2-4055-8066-a64f630ea9ed/devices/recover [33m401[0m 0.171 ms - 79[0m
[ error ] API request failed { code: [32m'authentication_required'[39m, statusCode: [33m401[39m }
[0mPOST /api/sync/1c41e245-dee2-4055-8066-a64f630ea9ed/devices/recover [33m401[0m 0.351 ms - 79[0m
[ error ] API request failed { code: [32m'authentication_required'[39m, statusCode: [33m401[39m }
[0mPOST /api/sync/1c41e245-dee2-4055-8066-a64f630ea9ed/devices/recover [33m401[0m 0.177 ms - 79[0m
[ error ] API request failed { code: [32m'authentication_required'[39m, statusCode: [33m401[39m }
[0mPOST /api/sync/1c41e245-dee2-4055-8066-a64f630ea9ed/devices/recover [33m401[0m 0.151 ms - 79[0m
[ error ] API request failed { code: [32m'authentication_required'[39m, statusCode: [33m401[39m }
[0mPOST /api/sync/1c41e245-dee2-4055-8066-a64f630ea9ed/devices/recover [33m401[0m 0.137 ms - 79[0m
[ error ] API request failed { code: [32m'authentication_required'[39m, statusCode: [33m401[39m }
[0mPOST /api/sync/1c41e245-dee2-4055-8066-a64f630ea9ed/devices/recover [33m401[0m 0.139 ms - 79[0m
[ error ] API request failed { code: [32m'authentication_required'[39m, statusCode: [33m401[39m }
[0mPOST /api/sync/1c41e245-dee2-4055-8066-a64f630ea9ed/devices/recover [33m401[0m 0.147 ms - 79[0m
[ error ] API request failed { code: [32m'authentication_required'[39m, statusCode: [33m401[39m }
[0mPOST /api/sync/1c41e245-dee2-4055-8066-a64f630ea9ed/devices/recover [33m401[0m 0.358 ms - 79[0m
[ error ] API request failed { code: [32m'authentication_required'[39m, statusCode: [33m401[39m }
[0mPOST /api/sync/1c41e245-dee2-4055-8066-a64f630ea9ed/devices/recover [33m401[0m 0.235 ms - 79[0m
[ error ] API request failed { code: [32m'authentication_required'[39m, statusCode: [33m401[39m }
[0mPOST /api/sync/1c41e245-dee2-4055-8066-a64f630ea9ed/devices/recover [33m401[0m 0.412 ms - 79[0m
[ error ] API request failed { code: [32m'authentication_required'[39m, statusCode: [33m401[39m }
[0mPOST /api/sync/1c41e245-dee2-4055-8066-a64f630ea9ed/devices/recover [33m401[0m 0.273 ms - 79[0m
[ error ] API request failed { code: [32m'authentication_required'[39m, statusCode: [33m401[39m }
[0mPOST /api/sync/1c41e245-dee2-4055-8066-a64f630ea9ed/devices/recover [33m401[0m 0.207 ms - 79[0m
[ error ] API request failed { code: [32m'authentication_required'[39m, statusCode: [33m401[39m }
[0mPOST /api/sync/1c41e245-dee2-4055-8066-a64f630ea9ed/devices/recover [33m401[0m 0.280 ms - 79[0m
[ error ] API request failed { code: [32m'authentication_required'[39m, statusCode: [33m401[39m }
[0mPOST /api/sync/1c41e245-dee2-4055-8066-a64f630ea9ed/devices/recover [33m401[0m 0.181 ms - 79[0m
[ error ] API request failed { code: [32m'authentication_required'[39m, statusCode: [33m401[39m }
[0mPOST /api/sync/1c41e245-dee2-4055-8066-a64f630ea9ed/devices/recover [33m401[0m 0.225 ms - 79[0m
[ error ] API request failed { code: [32m'authentication_required'[39m, statusCode: [33m401[39m }
[0mPOST /api/sync/1c41e245-dee2-4055-8066-a64f630ea9ed/devices/recover [33m401[0m 0.163 ms - 79[0m
[ error ] API request failed { code: [32m'authentication_required'[39m, statusCode: [33m401[39m }
[0mPOST /api/sync/1c41e245-dee2-4055-8066-a64f630ea9ed/devices/recover [33m401[0m 0.209 ms - 79[0m
[ error ] API request failed { code: [32m'authentication_required'[39m, statusCode: [33m401[39m }
[0mPOST /api/sync/1c41e245-dee2-4055-8066-a64f630ea9ed/devices/recover [33m401[0m 0.146 ms - 79[0m
[ error ] API request failed { code: [32m'authentication_required'[39m, statusCode: [33m401[39m }
[0mPOST /api/sync/1c41e245-dee2-4055-8066-a64f630ea9ed/devices/recover [33m401[0m 0.201 ms - 79[0m
[ error ] API request failed { code: [32m'authentication_required'[39m, statusCode: [33m401[39m }
[0mPOST /api/sync/1c41e245-dee2-4055-8066-a64f630ea9ed/devices/recover [33m401[0m 0.170 ms - 79[0m
[ error ] API request failed { code: [32m'authentication_required'[39m, statusCode: [33m401[39m }
[0mPOST /api/sync/1c41e245-dee2-4055-8066-a64f630ea9ed/devices/recover [33m401[0m 0.162 ms - 79[0m
[ error ] API request failed { code: [32m'authentication_required'[39m, statusCode: [33m401[39m }
[0mPOST /api/sync/1c41e245-dee2-4055-8066-a64f630ea9ed/devices/recover [33m401[0m 0.139 ms - 79[0m
[ error ] API request failed { code: [32m'authentication_required'[39m, statusCode: [33m401[39m }
[0mPOST /api/sync/1c41e245-dee2-4055-8066-a64f630ea9ed/devices/recover [33m401[0m 0.201 ms - 79[0m
[ error ] API request failed { code: [32m'authentication_required'[39m, statusCode: [33m401[39m }
[0mPOST /api/sync/1c41e245-dee2-4055-8066-a64f630ea9ed/devices/recover [33m401[0m 0.136 ms - 79[0m
[ error ] API request failed { code: [32m'authentication_required'[39m, statusCode: [33m401[39m }
[0mPOST /api/sync/1c41e245-dee2-4055-8066-a64f630ea9ed/devices/recover [33m401[0m 0.155 ms - 79[0m
[ error ] API request failed { code: [32m'authentication_required'[39m, statusCode: [33m401[39m }
[0mPOST /api/sync/1c41e245-dee2-4055-8066-a64f630ea9ed/devices/recover [33m401[0m 0.151 ms - 79[0m
[ error ] API request failed { code: [32m'authentication_required'[39m, statusCode: [33m401[39m }
[0mPOST /api/sync/1c41e245-dee2-4055-8066-a64f630ea9ed/devices/recover [33m401[0m 0.131 ms - 79[0m
[ error ] API request failed { code: [32m'authentication_required'[39m, statusCode: [33m401[39m }
[0mPOST /api/sync/1c41e245-dee2-4055-8066-a64f630ea9ed/devices/recover [33m401[0m 0.130 ms - 79[0m
[ error ] API request failed { code: [32m'authentication_required'[39m, statusCode: [33m401[39m }
[0mPOST /api/sync/1c41e245-dee2-4055-8066-a64f630ea9ed/devices/recover [33m401[0m 0.176 ms - 79[0m
[ error ] API request failed { code: [32m'authentication_required'[39m, statusCode: [33m401[39m }
[0mPOST /api/sync/1c41e245-dee2-4055-8066-a64f630ea9ed/devices/recover [33m401[0m 0.151 ms - 79[0m
[ error ] API request failed { code: [32m'authentication_required'[39m, statusCode: [33m401[39m }
[0mPOST /api/sync/1c41e245-dee2-4055-8066-a64f630ea9ed/devices/recover [33m401[0m 0.138 ms - 79[0m
[ error ] API request failed { code: [32m'authentication_required'[39m, statusCode: [33m401[39m }
[0mPOST /api/sync/1c41e245-dee2-4055-8066-a64f630ea9ed/devices/recover [33m401[0m 0.149 ms - 79[0m
[ error ] API request failed { code: [32m'authentication_required'[39m, statusCode: [33m401[39m }
[0mPOST /api/sync/1c41e245-dee2-4055-8066-a64f630ea9ed/devices/recover [33m401[0m 0.132 ms - 79[0m
[ error ] API request failed { code: [32m'authentication_required'[39m, statusCode: [33m401[39m }
[0mPOST /api/sync/1c41e245-dee2-4055-8066-a64f630ea9ed/devices/recover [33m401[0m 0.179 ms - 79[0m
[ error ] API request failed { code: [32m'authentication_required'[39m, statusCode: [33m401[39m }
[0mPOST /api/sync/1c41e245-dee2-4055-8066-a64f630ea9ed/devices/recover [33m401[0m 0.154 ms - 79[0m
[ error ] API request failed { code: [32m'authentication_required'[39m, statusCode: [33m401[39m }
[0mPOST /api/sync/1c41e245-dee2-4055-8066-a64f630ea9ed/devices/recover [33m401[0m 0.137 ms - 79[0m
[ error ] API request failed { code: [32m'authentication_required'[39m, statusCode: [33m401[39m }
[0mPOST /api/sync/1c41e245-dee2-4055-8066-a64f630ea9ed/devices/recover [33m401[0m 0.157 ms - 79[0m
[ error ] API request failed { code: [32m'authentication_required'[39m, statusCode: [33m401[39m }
[0mPOST /api/sync/1c41e245-dee2-4055-8066-a64f630ea9ed/devices/recover [33m401[0m 0.208 ms - 79[0m
[ error ] API request failed { code: [32m'authentication_required'[39m, statusCode: [33m401[39m }
[0mPOST /api/sync/1c41e245-dee2-4055-8066-a64f630ea9ed/devices/recover [33m401[0m 0.170 ms - 79[0m
[ error ] API request failed { code: [32m'authentication_required'[39m, statusCode: [33m401[39m }
[0mPOST /api/sync/1c41e245-dee2-4055-8066-a64f630ea9ed/devices/recover [33m401[0m 0.226 ms - 79[0m
[ error ] API request failed { code: [32m'authentication_required'[39m, statusCode: [33m401[39m }
[0mPOST /api/sync/1c41e245-dee2-4055-8066-a64f630ea9ed/devices/recover [33m401[0m 0.191 ms - 79[0m
[ error ] API request failed { code: [32m'authentication_required'[39m, statusCode: [33m401[39m }
[0mPOST /api/sync/1c41e245-dee2-4055-8066-a64f630ea9ed/devices/recover [33m401[0m 0.154 ms - 79[0m
[ error ] API request failed { code: [32m'authentication_required'[39m, statusCode: [33m401[39m }
[0mPOST /api/sync/1c41e245-dee2-4055-8066-a64f630ea9ed/devices/recover [33m401[0m 0.155 ms - 79[0m
[ error ] API request failed { code: [32m'authentication_required'[39m, statusCode: [33m401[39m }
[0mPOST /api/sync/1c41e245-dee2-4055-8066-a64f630ea9ed/devices/recover [33m401[0m 0.141 ms - 79[0m
[ error ] API request failed { code: [32m'authentication_required'[39m, statusCode: [33m401[39m }
[0mPOST /api/sync/1c41e245-dee2-4055-8066-a64f630ea9ed/devices/recover [33m401[0m 0.135 ms - 79[0m
[ error ] API request failed { code: [32m'authentication_required'[39m, statusCode: [33m401[39m }
[0mPOST /api/sync/1c41e245-dee2-4055-8066-a64f630ea9ed/devices/recover [33m401[0m 0.182 ms - 79[0m
[ error ] API request failed { code: [32m'authentication_required'[39m, statusCode: [33m401[39m }
[0mPOST /api/sync/1c41e245-dee2-4055-8066-a64f630ea9ed/devices/recover [33m401[0m 0.200 ms - 79[0m
[ error ] API request failed { code: [32m'authentication_required'[39m, statusCode: [33m401[39m }
[0mPOST /api/sync/1c41e245-dee2-4055-8066-a64f630ea9ed/devices/recover [33m401[0m 0.166 ms - 79[0m
[ error ] API request failed { code: [32m'authentication_required'[39m, statusCode: [33m401[39m }
[0mPOST /api/sync/1c41e245-dee2-4055-8066-a64f630ea9ed/devices/recover [33m401[0m 0.157 ms - 79[0m
[ error ] API request failed { code: [32m'authentication_required'[39m, statusCode: [33m401[39m }
[0mPOST /api/sync/1c41e245-dee2-4055-8066-a64f630ea9ed/devices/recover [33m401[0m 0.143 ms - 79[0m
[ error ] API request failed { code: [32m'authentication_required'[39m, statusCode: [33m401[39m }
[0mPOST /api/sync/1c41e245-dee2-4055-8066-a64f630ea9ed/devices/recover [33m401[0m 0.200 ms - 79[0m
[ error ] API request failed { code: [32m'authentication_required'[39m, statusCode: [33m401[39m }
[0mPOST /api/sync/1c41e245-dee2-4055-8066-a64f630ea9ed/devices/recover [33m401[0m 0.151 ms - 79[0m
[ error ] API request failed { code: [32m'authentication_required'[39m, statusCode: [33m401[39m }
[0mPOST /api/sync/1c41e245-dee2-4055-8066-a64f630ea9ed/devices/recover [33m401[0m 0.138 ms - 79[0m
[ error ] API request failed { code: [32m'authentication_required'[39m, statusCode: [33m401[39m }
[0mPOST /api/sync/1c41e245-dee2-4055-8066-a64f630ea9ed/devices/recover [33m401[0m 0.159 ms - 79[0m
[ error ] API request failed { code: [32m'authentication_required'[39m, statusCode: [33m401[39m }
[0mPOST /api/sync/1c41e245-dee2-4055-8066-a64f630ea9ed/devices/recover [33m401[0m 0.151 ms - 79[0m
[ error ] API request failed { code: [32m'authentication_required'[39m, statusCode: [33m401[39m }
[0mPOST /api/sync/1c41e245-dee2-4055-8066-a64f630ea9ed/devices/recover [33m401[0m 0.142 ms - 79[0m
[ error ] API request failed { code: [32m'authentication_required'[39m, statusCode: [33m401[39m }
[0mPOST /api/sync/1c41e245-dee2-4055-8066-a64f630ea9ed/devices/recover [33m401[0m 0.143 ms - 79[0m
[ error ] API request failed { code: [32m'authentication_required'[39m, statusCode: [33m401[39m }
[0mPOST /api/sync/1c41e245-dee2-4055-8066-a64f630ea9ed/devices/recover [33m401[0m 0.196 ms - 79[0m
[ error ] API request failed { code: [32m'authentication_required'[39m, statusCode: [33m401[39m }
[0mPOST /api/sync/1c41e245-dee2-4055-8066-a64f630ea9ed/devices/recover [33m401[0m 0.153 ms - 79[0m
[ error ] API request failed { code: [32m'authentication_required'[39m, statusCode: [33m401[39m }
[0mPOST /api/sync/1c41e245-dee2-4055-8066-a64f630ea9ed/devices/recover [33m401[0m 0.145 ms - 79[0m
[ error ] API request failed { code: [32m'authentication_required'[39m, statusCode: [33m401[39m }
[0mPOST /api/sync/1c41e245-dee2-4055-8066-a64f630ea9ed/devices/recover [33m401[0m 0.166 ms - 79[0m
[ error ] API request failed { code: [32m'authentication_required'[39m, statusCode: [33m401[39m }
[0mPOST /api/sync/1c41e245-dee2-4055-8066-a64f630ea9ed/devices/recover [33m401[0m 0.139 ms - 79[0m
[ error ] API request failed { code: [32m'authentication_required'[39m, statusCode: [33m401[39m }
[0mPOST /api/sync/1c41e245-dee2-4055-8066-a64f630ea9ed/devices/recover [33m401[0m 0.140 ms - 79[0m
[ error ] API request failed { code: [32m'authentication_required'[39m, statusCode: [33m401[39m }
[0mPOST /api/sync/1c41e245-dee2-4055-8066-a64f630ea9ed/devices/recover [33m401[0m 0.374 ms - 79[0m
[ error ] API request failed { code: [32m'authentication_required'[39m, statusCode: [33m401[39m }
[0mPOST /api/sync/1c41e245-dee2-4055-8066-a64f630ea9ed/devices/recover [33m401[0m 0.351 ms - 79[0m
[ error ] API request failed { code: [32m'authentication_required'[39m, statusCode: [33m401[39m }
[0mPOST /api/sync/1c41e245-dee2-4055-8066-a64f630ea9ed/devices/recover [33m401[0m 0.223 ms - 79[0m
[ error ] API request failed { code: [32m'authentication_required'[39m, statusCode: [33m401[39m }
[0mPOST /api/sync/1c41e245-dee2-4055-8066-a64f630ea9ed/devices/recover [33m401[0m 0.195 ms - 79[0m
[ error ] API request failed { code: [32m'authentication_required'[39m, statusCode: [33m401[39m }
[0mPOST /api/sync/1c41e245-dee2-4055-8066-a64f630ea9ed/devices/recover [33m401[0m 0.171 ms - 79[0m
[ error ] API request failed { code: [32m'authentication_required'[39m, statusCode: [33m401[39m }
[0mPOST /api/sync/1c41e245-dee2-4055-8066-a64f630ea9ed/devices/recover [33m401[0m 0.191 ms - 79[0m
[ error ] API request failed { code: [32m'authentication_required'[39m, statusCode: [33m401[39m }
[0mPOST /api/sync/1c41e245-dee2-4055-8066-a64f630ea9ed/devices/recover [33m401[0m 0.174 ms - 79[0m
[ error ] API request failed { code: [32m'authentication_required'[39m, statusCode: [33m401[39m }
[0mPOST /api/sync/1c41e245-dee2-4055-8066-a64f630ea9ed/devices/recover [33m401[0m 0.170 ms - 79[0m
[ error ] API request failed { code: [32m'authentication_required'[39m, statusCode: [33m401[39m }
[0mPOST /api/sync/1c41e245-dee2-4055-8066-a64f630ea9ed/devices/recover [33m401[0m 0.222 ms - 79[0m
[ error ] API request failed { code: [32m'authentication_required'[39m, statusCode: [33m401[39m }
[0mPOST /api/sync/1c41e245-dee2-4055-8066-a64f630ea9ed/devices/recover [33m401[0m 0.399 ms - 79[0m
[ error ] API request failed { code: [32m'authentication_required'[39m, statusCode: [33m401[39m }
[0mPOST /api/sync/1c41e245-dee2-4055-8066-a64f630ea9ed/devices/recover [33m401[0m 0.363 ms - 79[0m
[ error ] API request failed { code: [32m'authentication_required'[39m, statusCode: [33m401[39m }
[0mPOST /api/sync/1c41e245-dee2-4055-8066-a64f630ea9ed/devices/recover [33m401[0m 0.353 ms - 79[0m
[ error ] API request failed { code: [32m'authentication_required'[39m, statusCode: [33m401[39m }
[0mPOST /api/sync/1c41e245-dee2-4055-8066-a64f630ea9ed/devices/recover [33m401[0m 0.366 ms - 79[0m
[ error ] API request failed { code: [32m'authentication_required'[39m, statusCode: [33m401[39m }
[0mPOST /api/sync/1c41e245-dee2-4055-8066-a64f630ea9ed/devices/recover [33m401[0m 0.221 ms - 79[0m
[ error ] API request failed { code: [32m'authentication_required'[39m, statusCode: [33m401[39m }
[0mPOST /api/sync/1c41e245-dee2-4055-8066-a64f630ea9ed/devices/recover [33m401[0m 0.205 ms - 79[0m
[ error ] API request failed { code: [32m'authentication_required'[39m, statusCode: [33m401[39m }
[0mPOST /api/sync/1c41e245-dee2-4055-8066-a64f630ea9ed/devices/recover [33m401[0m 0.198 ms - 79[0m
[ error ] API request failed { code: [32m'authentication_required'[39m, statusCode: [33m401[39m }
[0mPOST /api/sync/1c41e245-dee2-4055-8066-a64f630ea9ed/devices/recover [33m401[0m 0.400 ms - 79[0m
[ error ] API request failed { code: [32m'authentication_required'[39m, statusCode: [33m401[39m }
[0mPOST /api/sync/1c41e245-dee2-4055-8066-a64f630ea9ed/devices/recover [33m401[0m 0.174 ms - 79[0m
[ error ] API request failed { code: [32m'authentication_required'[39m, statusCode: [33m401[39m }
[0mPOST /api/sync/1c41e245-dee2-4055-8066-a64f630ea9ed/devices/recover [33m401[0m 0.167 ms - 79[0m
[ error ] API request failed { code: [32m'authentication_required'[39m, statusCode: [33m401[39m }
[0mPOST /api/sync/1c41e245-dee2-4055-8066-a64f630ea9ed/devices/recover [33m401[0m 0.298 ms - 79[0m
[ error ] API request failed { code: [32m'authentication_required'[39m, statusCode: [33m401[39m }
[0mPOST /api/sync/1c41e245-dee2-4055-8066-a64f630ea9ed/devices/recover [33m401[0m 0.281 ms - 79[0m
[ error ] API request failed { code: [32m'authentication_required'[39m, statusCode: [33m401[39m }
[0mPOST /api/sync/1c41e245-dee2-4055-8066-a64f630ea9ed/devices/recover [33m401[0m 0.273 ms - 79[0m
[ error ] API request failed { code: [32m'authentication_required'[39m, statusCode: [33m401[39m }
[0mPOST /api/sync/1c41e245-dee2-4055-8066-a64f630ea9ed/devices/recover [33m401[0m 0.317 ms - 79[0m
[ error ] API request failed { code: [32m'authentication_required'[39m, statusCode: [33m401[39m }
[0mPOST /api/sync/1c41e245-dee2-4055-8066-a64f630ea9ed/devices/recover [33m401[0m 0.193 ms - 79[0m
[ error ] API request failed { code: [32m'authentication_required'[39m, statusCode: [33m401[39m }
[0mPOST /api/sync/1c41e245-dee2-4055-8066-a64f630ea9ed/devices/recover [33m401[0m 0.152 ms - 79[0m
[ error ] API request failed { code: [32m'invalid_request'[39m, statusCode: [33m400[39m }
[ error ] API request failed { code: [32m'invalid_request'[39m, statusCode: [33m400[39m }
[ error ] API request failed { code: [32m'invalid_request'[39m, statusCode: [33m400[39m }
[ error ] API request failed { code: [32m'invalid_request'[39m, statusCode: [33m400[39m }
[ error ] API request failed { code: [32m'authentication_required'[39m, statusCode: [33m401[39m }
[0mPOST /api/sync/1c41e245-dee2-4055-8066-a64f630ea9ed/devices/recover [33m401[0m 0.279 ms - 79[0m
[ error ] API request failed { code: [32m'authentication_required'[39m, statusCode: [33m401[39m }
[0mPOST /api/sync/1c41e245-dee2-4055-8066-a64f630ea9ed/devices/recover [33m401[0m 0.193 ms - 79[0m
[ error ] API request failed { code: [32m'authentication_required'[39m, statusCode: [33m401[39m }
[0mPOST /api/sync/1c41e245-dee2-4055-8066-a64f630ea9ed/devices/recover [33m401[0m 0.152 ms - 79[0m
[ error ] API request failed { code: [32m'authentication_required'[39m, statusCode: [33m401[39m }
[0mPOST /api/sync/1c41e245-dee2-4055-8066-a64f630ea9ed/devices/recover [33m401[0m 0.136 ms - 79[0m
[ error ] API request failed { code: [32m'authentication_required'[39m, statusCode: [33m401[39m }
[0mPOST /api/sync/1c41e245-dee2-4055-8066-a64f630ea9ed/devices/recover [33m401[0m 0.151 ms - 79[0m
[ error ] API request failed { code: [32m'authentication_required'[39m, statusCode: [33m401[39m }
[0mPOST /api/sync/1c41e245-dee2-4055-8066-a64f630ea9ed/devices/recover [33m401[0m 0.127 ms - 79[0m
[ error ] API request failed { code: [32m'authentication_required'[39m, statusCode: [33m401[39m }
[0mPOST /api/sync/1c41e245-dee2-4055-8066-a64f630ea9ed/devices/recover [33m401[0m 0.137 ms - 79[0m
[ error ] API request failed { code: [32m'authentication_required'[39m, statusCode: [33m401[39m }
[0mPOST /api/sync/1c41e245-dee2-4055-8066-a64f630ea9ed/devices/recover [33m401[0m 0.161 ms - 79[0m
[ error ] API request failed { code: [32m'authentication_required'[39m, statusCode: [33m401[39m }
[0mPOST /api/sync/1c41e245-dee2-4055-8066-a64f630ea9ed/devices/recover [33m401[0m 0.165 ms - 79[0m
[ error ] API request failed { code: [32m'authentication_required'[39m, statusCode: [33m401[39m }
[0mPOST /api/sync/1c41e245-dee2-4055-8066-a64f630ea9ed/devices/recover [33m401[0m 0.139 ms - 79[0m
[ error ] API request failed { code: [32m'authentication_required'[39m, statusCode: [33m401[39m }
[0mPOST /api/sync/1c41e245-dee2-4055-8066-a64f630ea9ed/devices/recover [33m401[0m 0.127 ms - 79[0m
[ error ] API request failed { code: [32m'authentication_required'[39m, statusCode: [33m401[39m }
[0mPOST /api/sync/1c41e245-dee2-4055-8066-a64f630ea9ed/devices/recover [33m401[0m 0.121 ms - 79[0m
[ error ] API request failed { code: [32m'authentication_required'[39m, statusCode: [33m401[39m }
[0mPOST /api/sync/1c41e245-dee2-4055-8066-a64f630ea9ed/devices/recover [33m401[0m 0.125 ms - 79[0m
[ error ] API request failed { code: [32m'authentication_required'[39m, statusCode: [33m401[39m }
[0mPOST /api/sync/1c41e245-dee2-4055-8066-a64f630ea9ed/devices/recover [33m401[0m 0.131 ms - 79[0m
[ error ] API request failed { code: [32m'authentication_required'[39m, statusCode: [33m401[39m }
[0mPOST /api/sync/1c41e245-dee2-4055-8066-a64f630ea9ed/devices/recover [33m401[0m 0.142 ms - 79[0m
[ error ] API request failed { code: [32m'authentication_required'[39m, statusCode: [33m401[39m }
[0mPOST /api/sync/1c41e245-dee2-4055-8066-a64f630ea9ed/devices/recover [33m401[0m 0.156 ms - 79[0m
[ error ] API request failed { code: [32m'authentication_required'[39m, statusCode: [33m401[39m }
[0mPOST /api/sync/1c41e245-dee2-4055-8066-a64f630ea9ed/devices/recover [33m401[0m 0.158 ms - 79[0m
[ error ] API request failed { code: [32m'authentication_required'[39m, statusCode: [33m401[39m }
[0mPOST /api/sync/1c41e245-dee2-4055-8066-a64f630ea9ed/devices/recover [33m401[0m 0.164 ms - 79[0m
[ error ] API request failed { code: [32m'authentication_required'[39m, statusCode: [33m401[39m }
[0mPOST /api/sync/1c41e245-dee2-4055-8066-a64f630ea9ed/devices/recover [33m401[0m 0.133 ms - 79[0m
[ error ] API request failed { code: [32m'authentication_required'[39m, statusCode: [33m401[39m }
[0mPOST /api/sync/1c41e245-dee2-4055-8066-a64f630ea9ed/devices/recover [33m401[0m 0.137 ms - 79[0m
[ error ] API request failed { code: [32m'authentication_required'[39m, statusCode: [33m401[39m }
[0mPOST /api/sync/1c41e245-dee2-4055-8066-a64f630ea9ed/devices/recover [33m401[0m 0.148 ms - 79[0m
[ error ] API request failed { code: [32m'authentication_required'[39m, statusCode: [33m401[39m }
[0mPOST /api/sync/1c41e245-dee2-4055-8066-a64f630ea9ed/devices/recover [33m401[0m 0.160 ms - 79[0m
[ error ] API request failed { code: [32m'authentication_required'[39m, statusCode: [33m401[39m }
[0mPOST /api/sync/1c41e245-dee2-4055-8066-a64f630ea9ed/devices/recover [33m401[0m 0.152 ms - 79[0m
[ error ] API request failed { code: [32m'authentication_required'[39m, statusCode: [33m401[39m }
[0mPOST /api/sync/1c41e245-dee2-4055-8066-a64f630ea9ed/devices/recover [33m401[0m 0.140 ms - 79[0m
[ error ] API request failed { code: [32m'authentication_required'[39m, statusCode: [33m401[39m }
[0mPOST /api/sync/1c41e245-dee2-4055-8066-a64f630ea9ed/devices/recover [33m401[0m 0.145 ms - 79[0m
[ error ] API request failed { code: [32m'authentication_required'[39m, statusCode: [33m401[39m }
[0mPOST /api/sync/1c41e245-dee2-4055-8066-a64f630ea9ed/devices/recover [33m401[0m 0.137 ms - 79[0m
[ error ] API request failed { code: [32m'authentication_required'[39m, statusCode: [33m401[39m }
[0mPOST /api/sync/1c41e245-dee2-4055-8066-a64f630ea9ed/devices/recover [33m401[0m 0.136 ms - 79[0m
[ error ] API request failed { code: [32m'authentication_required'[39m, statusCode: [33m401[39m }
[0mPOST /api/sync/1c41e245-dee2-4055-8066-a64f630ea9ed/devices/recover [33m401[0m 0.128 ms - 79[0m
[0mTRACE /api/sync/1c41e245-dee2-4055-8066-a64f630ea9ed/devices/device-jGxUx8A3gtVAXBc8/approval [33m405[0m 0.146 ms - 78[0m
[0mQUERY /api/sync/1c41e245-dee2-4055-8066-a64f630ea9ed/devices/device-jGxUx8A3gtVAXBc8/approval [33m405[0m 0.132 ms - 78[0m
[0mPUT /api/sync/1c41e245-dee2-4055-8066-a64f630ea9ed/devices/device-jGxUx8A3gtVAXBc8/approval [33m405[0m 0.169 ms - 78[0m
[0mPATCH /api/sync/1c41e245-dee2-4055-8066-a64f630ea9ed/devices/device-jGxUx8A3gtVAXBc8/approval [33m405[0m 0.172 ms - 78[0m
[0mOPTIONS /api/sync/1c41e245-dee2-4055-8066-a64f630ea9ed/devices/device-jGxUx8A3gtVAXBc8/approval [33m405[0m 0.138 ms - 78[0m
[0mGET /api/sync/1c41e245-dee2-4055-8066-a64f630ea9ed/devices/device-jGxUx8A3gtVAXBc8/approval [33m405[0m 0.128 ms - 78[0m
[0mDELETE /api/sync/1c41e245-dee2-4055-8066-a64f630ea9ed/devices/device-jGxUx8A3gtVAXBc8/approval [33m405[0m 0.122 ms - 78[0m
[ error ] API request failed { code: [32m'authentication_required'[39m, statusCode: [33m401[39m }
[0mPOST /api/sync/1c41e245-dee2-4055-8066-a64f630ea9ed/devices/000000000000000000000000000000000000000000000000000000000000000000000000000000000000000000000000000000000000000000000000000000000000000000000000000000000000000000000000000000000000000000000000000000000/approval [33m401[0m 0.231 ms - 79[0m
[ error ] API request failed { code: [32m'authentication_required'[39m, statusCode: [33m401[39m }
[0mPOST /api/sync/1c41e245-dee2-4055-8066-a64f630ea9ed/devices/0000000000000000000000000000000000000000000000000000000000000000000000000000000000000000000000000000000000000000000000000000000000000000000000000000000000000000000000000000000000000000000000000000000/approval [33m401[0m 0.307 ms - 79[0m
[0mPOST /api/sync/1c41e245-dee2-4055-8066-a64f630ea9ed/devices/00000000000000000000000000000000000000000000000000000000000000000000000000000000000000000000000000000000000000000000000000000000000000000000000000000000000000000000000000000000000000000000000000000000/approval [33m401[0m 0.267 ms - 79[0m
[ error ] API request failed { code: [32m'authentication_required'[39m, statusCode: [33m401[39m }
[ error ] API request failed { code: [32m'authentication_required'[39m, statusCode: [33m401[39m }
[0mPOST /api/sync/1c41e245-dee2-4055-8066-a64f630ea9ed/devices/00/approval [33m401[0m 0.539 ms - 79[0m
[ error ] API request failed { code: [32m'authentication_required'[39m, statusCode: [33m401[39m }
[0mPOST /api/sync/1c41e245-dee2-4055-8066-a64f630ea9ed/devices/0/approval [33m401[0m 0.341 ms - 79[0m
[ error ] API request failed { code: [32m'authentication_required'[39m, statusCode: [33m401[39m }
[0mPOST /api/sync/000000000000000000000000000000000000000000000000000000000000000000000000000000000000000000000000000000000000000000000000000000000000000000000000000000000000000000000000000000000000000000000000000000000/devices/device-jGxUx8A3gtVAXBc8/approval [33m401[0m 0.295 ms - 79[0m
[ error ] API request failed { code: [32m'authentication_required'[39m, statusCode: [33m401[39m }
[0mPOST /api/sync/0000000000000000000000000000000000000000000000000000000000000000000000000000000000000000000000000000000000000000000000000000000000000000000000000000000000000000000000000000000000000000000000000000000/devices/device-jGxUx8A3gtVAXBc8/approval [33m401[0m 0.225 ms - 79[0m
[ error ] API request failed { code: [32m'authentication_required'[39m, statusCode: [33m401[39m }
[0mPOST /api/sync/00000000000000000000000000000000000000000000000000000000000000000000000000000000000000000000000000000000000000000000000000000000000000000000000000000000000000000000000000000000000000000000000000000000/devices/device-jGxUx8A3gtVAXBc8/approval [33m401[0m 0.212 ms - 79[0m
[ error ] API request failed { code: [32m'authentication_required'[39m, statusCode: [33m401[39m }
[0mPOST /api/sync/00/devices/device-jGxUx8A3gtVAXBc8/approval [33m401[0m 0.245 ms - 79[0m
[ error ] API request failed { code: [32m'authentication_required'[39m, statusCode: [33m401[39m }
[0mPOST /api/sync/0/devices/device-jGxUx8A3gtVAXBc8/approval [33m401[0m 0.285 ms - 79[0m
[ error ] API request failed { code: [32m'authentication_required'[39m, statusCode: [33m401[39m }
[0mPOST /api/sync/1c41e245-dee2-4055-8066-a64f630ea9ed/devices/device-jGxUx8A3gtVAXBc8/approval [33m401[0m 0.329 ms - 79[0m
[ error ] API request failed { code: [32m'authentication_required'[39m, statusCode: [33m401[39m }
[0mPOST /api/sync/1c41e245-dee2-4055-8066-a64f630ea9ed/devices/device-jGxUx8A3gtVAXBc8/approval [33m401[0m 0.264 ms - 79[0m
[ error ] API request failed { code: [32m'authentication_required'[39m, statusCode: [33m401[39m }
[0mPOST /api/sync/1c41e245-dee2-4055-8066-a64f630ea9ed/devices/device-jGxUx8A3gtVAXBc8/approval [33m401[0m 0.318 ms - 79[0m
[ error ] API request failed { code: [32m'authentication_required'[39m, statusCode: [33m401[39m }
[0mPOST /api/sync/1c41e245-dee2-4055-8066-a64f630ea9ed/devices/device-jGxUx8A3gtVAXBc8/approval [33m401[0m 0.542 ms - 79[0m
[ error ] API request failed { code: [32m'authentication_required'[39m, statusCode: [33m401[39m }
[0mPOST /api/sync/1c41e245-dee2-4055-8066-a64f630ea9ed/devices/device-jGxUx8A3gtVAXBc8/approval [33m401[0m 0.504 ms - 79[0m
[ error ] API request failed { code: [32m'authentication_required'[39m, statusCode: [33m401[39m }
[0mPOST /api/sync/1c41e245-dee2-4055-8066-a64f630ea9ed/devices/device-jGxUx8A3gtVAXBc8/approval [33m401[0m 0.387 ms - 79[0m
[ error ] API request failed { code: [32m'authentication_required'[39m, statusCode: [33m401[39m }
[0mPOST /api/sync/1c41e245-dee2-4055-8066-a64f630ea9ed/devices/device-jGxUx8A3gtVAXBc8/approval [33m401[0m 0.295 ms - 79[0m
[ error ] API request failed { code: [32m'authentication_required'[39m, statusCode: [33m401[39m }
[0mPOST /api/sync/1c41e245-dee2-4055-8066-a64f630ea9ed/devices/device-jGxUx8A3gtVAXBc8/approval [33m401[0m 0.307 ms - 79[0m
[ error ] API request failed { code: [32m'invalid_request'[39m, statusCode: [33m400[39m }
[ error ] API request failed { code: [32m'invalid_request'[39m, statusCode: [33m400[39m }
[ error ] API request failed { code: [32m'invalid_request'[39m, statusCode: [33m400[39m }
[ error ] API request failed { code: [32m'invalid_request'[39m, statusCode: [33m400[39m }
[ error ] API request failed { code: [32m'authentication_required'[39m, statusCode: [33m401[39m }
[0mPOST /api/sync/1c41e245-dee2-4055-8066-a64f630ea9ed/devices/device-jGxUx8A3gtVAXBc8/approval [33m401[0m 0.315 ms - 79[0m
[ error ] API request failed { code: [32m'authentication_required'[39m, statusCode: [33m401[39m }
[0mPOST /api/sync/1c41e245-dee2-4055-8066-a64f630ea9ed/devices/device-jGxUx8A3gtVAXBc8/approval [33m401[0m 0.311 ms - 79[0m
[0mTRACE /api/sync/1c41e245-dee2-4055-8066-a64f630ea9ed/devices/device-jGxUx8A3gtVAXBc8/enroll [33m405[0m 0.114 ms - 78[0m
[0mQUERY /api/sync/1c41e245-dee2-4055-8066-a64f630ea9ed/devices/device-jGxUx8A3gtVAXBc8/enroll [33m405[0m 0.143 ms - 78[0m
[0mPUT /api/sync/1c41e245-dee2-4055-8066-a64f630ea9ed/devices/device-jGxUx8A3gtVAXBc8/enroll [33m405[0m 0.148 ms - 78[0m
[0mPATCH /api/sync/1c41e245-dee2-4055-8066-a64f630ea9ed/devices/device-jGxUx8A3gtVAXBc8/enroll [33m405[0m 0.244 ms - 78[0m
[0mOPTIONS /api/sync/1c41e245-dee2-4055-8066-a64f630ea9ed/devices/device-jGxUx8A3gtVAXBc8/enroll [33m405[0m 0.244 ms - 78[0m
[0mGET /api/sync/1c41e245-dee2-4055-8066-a64f630ea9ed/devices/device-jGxUx8A3gtVAXBc8/enroll [33m405[0m 0.244 ms - 78[0m
[0mDELETE /api/sync/1c41e245-dee2-4055-8066-a64f630ea9ed/devices/device-jGxUx8A3gtVAXBc8/enroll [33m405[0m 0.131 ms - 78[0m
[ error ] API request failed { code: [32m'authentication_required'[39m, statusCode: [33m401[39m }
[0mPOST /api/sync/1c41e245-dee2-4055-8066-a64f630ea9ed/devices/000000000000000000000000000000000000000000000000000000000000000000000000000000000000000000000000000000000000000000000000000000000000000000000000000000000000000000000000000000000000000000000000000000000/enroll [33m401[0m 0.411 ms - 79[0m
[ error ] API request failed { code: [32m'authentication_required'[39m, statusCode: [33m401[39m }
[0mPOST /api/sync/1c41e245-dee2-4055-8066-a64f630ea9ed/devices/0000000000000000000000000000000000000000000000000000000000000000000000000000000000000000000000000000000000000000000000000000000000000000000000000000000000000000000000000000000000000000000000000000000/enroll [33m401[0m 0.373 ms - 79[0m
[ error ] API request failed { code: [32m'authentication_required'[39m, statusCode: [33m401[39m }
[0mPOST /api/sync/1c41e245-dee2-4055-8066-a64f630ea9ed/devices/00000000000000000000000000000000000000000000000000000000000000000000000000000000000000000000000000000000000000000000000000000000000000000000000000000000000000000000000000000000000000000000000000000000/enroll [33m401[0m 0.530 ms - 79[0m
[ error ] API request failed { code: [32m'authentication_required'[39m, statusCode: [33m401[39m }
[0mPOST /api/sync/1c41e245-dee2-4055-8066-a64f630ea9ed/devices/00/enroll [33m401[0m 0.399 ms - 79[0m
[ error ] API request failed { code: [32m'authentication_required'[39m, statusCode: [33m401[39m }
[0mPOST /api/sync/1c41e245-dee2-4055-8066-a64f630ea9ed/devices/0/enroll [33m401[0m 0.346 ms - 79[0m
[ error ] API request failed { code: [32m'authentication_required'[39m, statusCode: [33m401[39m }
[0mPOST /api/sync/000000000000000000000000000000000000000000000000000000000000000000000000000000000000000000000000000000000000000000000000000000000000000000000000000000000000000000000000000000000000000000000000000000000/devices/device-jGxUx8A3gtVAXBc8/enroll [33m401[0m 0.402 ms - 79[0m
[ error ] API request failed { code: [32m'authentication_required'[39m, statusCode: [33m401[39m }
[0mPOST /api/sync/0000000000000000000000000000000000000000000000000000000000000000000000000000000000000000000000000000000000000000000000000000000000000000000000000000000000000000000000000000000000000000000000000000000/devices/device-jGxUx8A3gtVAXBc8/enroll [33m401[0m 0.585 ms - 79[0m
[ error ] API request failed { code: [32m'authentication_required'[39m, statusCode: [33m401[39m }
[0mPOST /api/sync/00000000000000000000000000000000000000000000000000000000000000000000000000000000000000000000000000000000000000000000000000000000000000000000000000000000000000000000000000000000000000000000000000000000/devices/device-jGxUx8A3gtVAXBc8/enroll [33m401[0m 1.061 ms - 79[0m
[ error ] API request failed { code: [32m'authentication_required'[39m, statusCode: [33m401[39m }
[0mPOST /api/sync/00/devices/device-jGxUx8A3gtVAXBc8/enroll [33m401[0m 0.339 ms - 79[0m
[ error ] API request failed { code: [32m'authentication_required'[39m, statusCode: [33m401[39m }
[0mPOST /api/sync/0/devices/device-jGxUx8A3gtVAXBc8/enroll [33m401[0m 0.348 ms - 79[0m
[ error ] API request failed { code: [32m'authentication_required'[39m, statusCode: [33m401[39m }
[0mPOST /api/sync/1c41e245-dee2-4055-8066-a64f630ea9ed/devices/device-jGxUx8A3gtVAXBc8/enroll [33m401[0m 0.412 ms - 79[0m
[ error ] API request failed { code: [32m'authentication_required'[39m, statusCode: [33m401[39m }
[0mPOST /api/sync/1c41e245-dee2-4055-8066-a64f630ea9ed/devices/device-jGxUx8A3gtVAXBc8/enroll [33m401[0m 0.376 ms - 79[0m
[ error ] API request failed { code: [32m'authentication_required'[39m, statusCode: [33m401[39m }
[0mPOST /api/sync/1c41e245-dee2-4055-8066-a64f630ea9ed/devices/device-jGxUx8A3gtVAXBc8/enroll [33m401[0m 0.308 ms - 79[0m
[ error ] API request failed { code: [32m'authentication_required'[39m, statusCode: [33m401[39m }
[0mPOST /api/sync/1c41e245-dee2-4055-8066-a64f630ea9ed/devices/device-jGxUx8A3gtVAXBc8/enroll [33m401[0m 0.427 ms - 79[0m
[ error ] API request failed { code: [32m'authentication_required'[39m, statusCode: [33m401[39m }
[0mPOST /api/sync/1c41e245-dee2-4055-8066-a64f630ea9ed/devices/device-jGxUx8A3gtVAXBc8/enroll [33m401[0m 0.445 ms - 79[0m
[ error ] API request failed { code: [32m'authentication_required'[39m, statusCode: [33m401[39m }
[0mPOST /api/sync/1c41e245-dee2-4055-8066-a64f630ea9ed/devices/device-jGxUx8A3gtVAXBc8/enroll [33m401[0m 0.375 ms - 79[0m
[ error ] API request failed { code: [32m'authentication_required'[39m, statusCode: [33m401[39m }
[0mPOST /api/sync/1c41e245-dee2-4055-8066-a64f630ea9ed/devices/device-jGxUx8A3gtVAXBc8/enroll [33m401[0m 0.277 ms - 79[0m
[ error ] API request failed { code: [32m'authentication_required'[39m, statusCode: [33m401[39m }
[0mPOST /api/sync/1c41e245-dee2-4055-8066-a64f630ea9ed/devices/device-jGxUx8A3gtVAXBc8/enroll [33m401[0m 0.285 ms - 79[0m
[ error ] API request failed { code: [32m'authentication_required'[39m, statusCode: [33m401[39m }
[ error ] API request failed { code: [32m'authentication_required'[39m, statusCode: [33m401[39m }
[0mPOST /api/sync/1c41e245-dee2-4055-8066-a64f630ea9ed/devices/device-jGxUx8A3gtVAXBc8/enroll [33m401[0m 0.298 ms - 79[0m
[0mPOST /api/sync/1c41e245-dee2-4055-8066-a64f630ea9ed/devices/device-jGxUx8A3gtVAXBc8/enroll [33m401[0m 0.285 ms - 79[0m
[ error ] API request failed { code: [32m'authentication_required'[39m, statusCode: [33m401[39m }
[0mPOST /api/sync/1c41e245-dee2-4055-8066-a64f630ea9ed/devices/device-jGxUx8A3gtVAXBc8/enroll [33m401[0m 0.693 ms - 79[0m
[ error ] API request failed { code: [32m'authentication_required'[39m, statusCode: [33m401[39m }
[0mPOST /api/sync/1c41e245-dee2-4055-8066-a64f630ea9ed/devices/device-jGxUx8A3gtVAXBc8/enroll [33m401[0m 0.746 ms - 79[0m
[0mPOST /api/sync/1c41e245-dee2-4055-8066-a64f630ea9ed/devices/device-jGxUx8A3gtVAXBc8/enroll [33m401[0m 0.272 ms - 79[0m
[ error ] API request failed { code: [32m'authentication_required'[39m, statusCode: [33m401[39m }
[ error ] API request failed { code: [32m'authentication_required'[39m, statusCode: [33m401[39m }
[0mPOST /api/sync/1c41e245-dee2-4055-8066-a64f630ea9ed/devices/device-jGxUx8A3gtVAXBc8/enroll [33m401[0m 0.506 ms - 79[0m
[0mPOST /api/sync/1c41e245-dee2-4055-8066-a64f630ea9ed/devices/device-jGxUx8A3gtVAXBc8/enroll [33m401[0m 0.344 ms - 79[0m
[ error ] API request failed { code: [32m'authentication_required'[39m, statusCode: [33m401[39m }
[ error ] API request failed { code: [32m'authentication_required'[39m, statusCode: [33m401[39m }
[0mPOST /api/sync/1c41e245-dee2-4055-8066-a64f630ea9ed/devices/device-jGxUx8A3gtVAXBc8/enroll [33m401[0m 0.499 ms - 79[0m
[0mPOST /api/sync/1c41e245-dee2-4055-8066-a64f630ea9ed/devices/device-jGxUx8A3gtVAXBc8/enroll [33m401[0m 0.269 ms - 79[0m
[ error ] API request failed { code: [32m'authentication_required'[39m, statusCode: [33m401[39m }
[ error ] API request failed { code: [32m'authentication_required'[39m, statusCode: [33m401[39m }
[0mPOST /api/sync/1c41e245-dee2-4055-8066-a64f630ea9ed/devices/device-jGxUx8A3gtVAXBc8/enroll [33m401[0m 0.482 ms - 79[0m
[ error ] API request failed { code: [32m'authentication_required'[39m, statusCode: [33m401[39m }
[0mPOST /api/sync/1c41e245-dee2-4055-8066-a64f630ea9ed/devices/device-jGxUx8A3gtVAXBc8/enroll [33m401[0m 0.428 ms - 79[0m
[ error ] API request failed { code: [32m'authentication_required'[39m, statusCode: [33m401[39m }
[0mPOST /api/sync/1c41e245-dee2-4055-8066-a64f630ea9ed/devices/device-jGxUx8A3gtVAXBc8/enroll [33m401[0m 0.268 ms - 79[0m
[ error ] API request failed { code: [32m'authentication_required'[39m, statusCode: [33m401[39m }
[0mPOST /api/sync/1c41e245-dee2-4055-8066-a64f630ea9ed/devices/device-jGxUx8A3gtVAXBc8/enroll [33m401[0m 0.531 ms - 79[0m
[0mPOST /api/sync/1c41e245-dee2-4055-8066-a64f630ea9ed/devices/device-jGxUx8A3gtVAXBc8/enroll [33m401[0m 0.266 ms - 79[0m
[ error ] API request failed { code: [32m'authentication_required'[39m, statusCode: [33m401[39m }
[ error ] API request failed { code: [32m'authentication_required'[39m, statusCode: [33m401[39m }
[0mPOST /api/sync/1c41e245-dee2-4055-8066-a64f630ea9ed/devices/device-jGxUx8A3gtVAXBc8/enroll [33m401[0m 0.536 ms - 79[0m
[ error ] API request failed { code: [32m'authentication_required'[39m, statusCode: [33m401[39m }
[0mPOST /api/sync/1c41e245-dee2-4055-8066-a64f630ea9ed/devices/device-jGxUx8A3gtVAXBc8/enroll [33m401[0m 0.277 ms - 79[0m
[ error ] API request failed { code: [32m'authentication_required'[39m, statusCode: [33m401[39m }
[0mPOST /api/sync/1c41e245-dee2-4055-8066-a64f630ea9ed/devices/device-jGxUx8A3gtVAXBc8/enroll [33m401[0m 0.344 ms - 79[0m
[ error ] API request failed { code: [32m'authentication_required'[39m, statusCode: [33m401[39m }
[0mPOST /api/sync/1c41e245-dee2-4055-8066-a64f630ea9ed/devices/device-jGxUx8A3gtVAXBc8/enroll [33m401[0m 0.466 ms - 79[0m
[ error ] API request failed { code: [32m'authentication_required'[39m, statusCode: [33m401[39m }
[0mPOST /api/sync/1c41e245-dee2-4055-8066-a64f630ea9ed/devices/device-jGxUx8A3gtVAXBc8/enroll [33m401[0m 0.522 ms - 79[0m
[0mPOST /api/sync/1c41e245-dee2-4055-8066-a64f630ea9ed/devices/device-jGxUx8A3gtVAXBc8/enroll [33m401[0m 0.288 ms - 79[0m
[ error ] API request failed { code: [32m'authentication_required'[39m, statusCode: [33m401[39m }
[ error ] API request failed { code: [32m'authentication_required'[39m, statusCode: [33m401[39m }
[0mPOST /api/sync/1c41e245-dee2-4055-8066-a64f630ea9ed/devices/device-jGxUx8A3gtVAXBc8/enroll [33m401[0m 0.505 ms - 79[0m
[ error ] API request failed { code: [32m'authentication_required'[39m, statusCode: [33m401[39m }
[0mPOST /api/sync/1c41e245-dee2-4055-8066-a64f630ea9ed/devices/device-jGxUx8A3gtVAXBc8/enroll [33m401[0m 0.327 ms - 79[0m
[ error ] API request failed { code: [32m'authentication_required'[39m, statusCode: [33m401[39m }
[0mPOST /api/sync/1c41e245-dee2-4055-8066-a64f630ea9ed/devices/device-jGxUx8A3gtVAXBc8/enroll [33m401[0m 0.583 ms - 79[0m
[0mPOST /api/sync/1c41e245-dee2-4055-8066-a64f630ea9ed/devices/device-jGxUx8A3gtVAXBc8/enroll [33m401[0m 0.308 ms - 79[0m
[ error ] API request failed { code: [32m'authentication_required'[39m, statusCode: [33m401[39m }
[ error ] API request failed { code: [32m'authentication_required'[39m, statusCode: [33m401[39m }
[0mPOST /api/sync/1c41e245-dee2-4055-8066-a64f630ea9ed/devices/device-jGxUx8A3gtVAXBc8/enroll [33m401[0m 0.553 ms - 79[0m
[0mPOST /api/sync/1c41e245-dee2-4055-8066-a64f630ea9ed/devices/device-jGxUx8A3gtVAXBc8/enroll [33m401[0m 0.284 ms - 79[0m
[ error ] API request failed { code: [32m'authentication_required'[39m, statusCode: [33m401[39m }
[ error ] API request failed { code: [32m'authentication_required'[39m, statusCode: [33m401[39m }
[0mPOST /api/sync/1c41e245-dee2-4055-8066-a64f630ea9ed/devices/device-jGxUx8A3gtVAXBc8/enroll [33m401[0m 0.514 ms - 79[0m
[0mPOST /api/sync/1c41e245-dee2-4055-8066-a64f630ea9ed/devices/device-jGxUx8A3gtVAXBc8/enroll [33m401[0m 0.273 ms - 79[0m
[ error ] API request failed { code: [32m'authentication_required'[39m, statusCode: [33m401[39m }
[ error ] API request failed { code: [32m'authentication_required'[39m, statusCode: [33m401[39m }
[0mPOST /api/sync/1c41e245-dee2-4055-8066-a64f630ea9ed/devices/device-jGxUx8A3gtVAXBc8/enroll [33m401[0m 0.540 ms - 79[0m
[0mPOST /api/sync/1c41e245-dee2-4055-8066-a64f630ea9ed/devices/device-jGxUx8A3gtVAXBc8/enroll [33m401[0m 0.281 ms - 79[0m
[ error ] API request failed { code: [32m'authentication_required'[39m, statusCode: [33m401[39m }
[ error ] API request failed { code: [32m'authentication_required'[39m, statusCode: [33m401[39m }
[0mPOST /api/sync/1c41e245-dee2-4055-8066-a64f630ea9ed/devices/device-jGxUx8A3gtVAXBc8/enroll [33m401[0m 0.521 ms - 79[0m
[ error ] API request failed { code: [32m'authentication_required'[39m, statusCode: [33m401[39m }
[0mPOST /api/sync/1c41e245-dee2-4055-8066-a64f630ea9ed/devices/device-jGxUx8A3gtVAXBc8/enroll [33m401[0m 0.474 ms - 79[0m
[ error ] API request failed { code: [32m'authentication_required'[39m, statusCode: [33m401[39m }
[0mPOST /api/sync/1c41e245-dee2-4055-8066-a64f630ea9ed/devices/device-jGxUx8A3gtVAXBc8/enroll [33m401[0m 0.518 ms - 79[0m
[ error ] API request failed { code: [32m'authentication_required'[39m, statusCode: [33m401[39m }
[0mPOST /api/sync/1c41e245-dee2-4055-8066-a64f630ea9ed/devices/device-jGxUx8A3gtVAXBc8/enroll [33m401[0m 0.483 ms - 79[0m
[ error ] API request failed { code: [32m'authentication_required'[39m, statusCode: [33m401[39m }
[0mPOST /api/sync/1c41e245-dee2-4055-8066-a64f630ea9ed/devices/device-jGxUx8A3gtVAXBc8/enroll [33m401[0m 0.311 ms - 79[0m
[ error ] API request failed { code: [32m'authentication_required'[39m, statusCode: [33m401[39m }
[0mPOST /api/sync/1c41e245-dee2-4055-8066-a64f630ea9ed/devices/device-jGxUx8A3gtVAXBc8/enroll [33m401[0m 0.587 ms - 79[0m
[0mPOST /api/sync/1c41e245-dee2-4055-8066-a64f630ea9ed/devices/device-jGxUx8A3gtVAXBc8/enroll [33m401[0m 0.290 ms - 79[0m
[ error ] API request failed { code: [32m'authentication_required'[39m, statusCode: [33m401[39m }
[ error ] API request failed { code: [32m'authentication_required'[39m, statusCode: [33m401[39m }
[0mPOST /api/sync/1c41e245-dee2-4055-8066-a64f630ea9ed/devices/device-jGxUx8A3gtVAXBc8/enroll [33m401[0m 3.186 ms - 79[0m
[ error ] API request failed { code: [32m'authentication_required'[39m, statusCode: [33m401[39m }
[0mPOST /api/sync/1c41e245-dee2-4055-8066-a64f630ea9ed/devices/device-jGxUx8A3gtVAXBc8/enroll [33m401[0m 0.376 ms - 79[0m
[ error ] API request failed { code: [32m'authentication_required'[39m, statusCode: [33m401[39m }
[0mPOST /api/sync/1c41e245-dee2-4055-8066-a64f630ea9ed/devices/device-jGxUx8A3gtVAXBc8/enroll [33m401[0m 0.521 ms - 79[0m
[ error ] API request failed { code: [32m'authentication_required'[39m, statusCode: [33m401[39m }
[0mPOST /api/sync/1c41e245-dee2-4055-8066-a64f630ea9ed/devices/device-jGxUx8A3gtVAXBc8/enroll [33m401[0m 0.326 ms - 79[0m
[ error ] API request failed { code: [32m'authentication_required'[39m, statusCode: [33m401[39m }
[0mPOST /api/sync/1c41e245-dee2-4055-8066-a64f630ea9ed/devices/device-jGxUx8A3gtVAXBc8/enroll [33m401[0m 0.586 ms - 79[0m
[ error ] API request failed { code: [32m'authentication_required'[39m, statusCode: [33m401[39m }
[0mPOST /api/sync/1c41e245-dee2-4055-8066-a64f630ea9ed/devices/device-jGxUx8A3gtVAXBc8/enroll [33m401[0m 0.311 ms - 79[0m
[ error ] API request failed { code: [32m'authentication_required'[39m, statusCode: [33m401[39m }
[0mPOST /api/sync/1c41e245-dee2-4055-8066-a64f630ea9ed/devices/device-jGxUx8A3gtVAXBc8/enroll [33m401[0m 0.357 ms - 79[0m
[ error ] API request failed { code: [32m'authentication_required'[39m, statusCode: [33m401[39m }
[0mPOST /api/sync/1c41e245-dee2-4055-8066-a64f630ea9ed/devices/device-jGxUx8A3gtVAXBc8/enroll [33m401[0m 0.474 ms - 79[0m
[ error ] API request failed { code: [32m'authentication_required'[39m, statusCode: [33m401[39m }
[0mPOST /api/sync/1c41e245-dee2-4055-8066-a64f630ea9ed/devices/device-jGxUx8A3gtVAXBc8/enroll [33m401[0m 0.563 ms - 79[0m
[ error ] API request failed { code: [32m'authentication_required'[39m, statusCode: [33m401[39m }
[0mPOST /api/sync/1c41e245-dee2-4055-8066-a64f630ea9ed/devices/device-jGxUx8A3gtVAXBc8/enroll [33m401[0m 0.561 ms - 79[0m
[ error ] API request failed { code: [32m'authentication_required'[39m, statusCode: [33m401[39m }
[0mPOST /api/sync/1c41e245-dee2-4055-8066-a64f630ea9ed/devices/device-jGxUx8A3gtVAXBc8/enroll [33m401[0m 0.574 ms - 79[0m
[ error ] API request failed { code: [32m'authentication_required'[39m, statusCode: [33m401[39m }
[0mPOST /api/sync/1c41e245-dee2-4055-8066-a64f630ea9ed/devices/device-jGxUx8A3gtVAXBc8/enroll [33m401[0m 0.331 ms - 79[0m
[ error ] API request failed { code: [32m'authentication_required'[39m, statusCode: [33m401[39m }
[0mPOST /api/sync/1c41e245-dee2-4055-8066-a64f630ea9ed/devices/device-jGxUx8A3gtVAXBc8/enroll [33m401[0m 0.266 ms - 79[0m
[ error ] API request failed { code: [32m'authentication_required'[39m, statusCode: [33m401[39m }
[0mPOST /api/sync/1c41e245-dee2-4055-8066-a64f630ea9ed/devices/device-jGxUx8A3gtVAXBc8/enroll [33m401[0m 0.454 ms - 79[0m
[ error ] API request failed { code: [32m'authentication_required'[39m, statusCode: [33m401[39m }
[0mPOST /api/sync/1c41e245-dee2-4055-8066-a64f630ea9ed/devices/device-jGxUx8A3gtVAXBc8/enroll [33m401[0m 0.559 ms - 79[0m
[ error ] API request failed { code: [32m'authentication_required'[39m, statusCode: [33m401[39m }
[0mPOST /api/sync/1c41e245-dee2-4055-8066-a64f630ea9ed/devices/device-jGxUx8A3gtVAXBc8/enroll [33m401[0m 0.314 ms - 79[0m
[ error ] API request failed { code: [32m'authentication_required'[39m, statusCode: [33m401[39m }
[0mPOST /api/sync/1c41e245-dee2-4055-8066-a64f630ea9ed/devices/device-jGxUx8A3gtVAXBc8/enroll [33m401[0m 0.581 ms - 79[0m
[ error ] API request failed { code: [32m'authentication_required'[39m, statusCode: [33m401[39m }
[0mPOST /api/sync/1c41e245-dee2-4055-8066-a64f630ea9ed/devices/device-jGxUx8A3gtVAXBc8/enroll [33m401[0m 0.304 ms - 79[0m
[ error ] API request failed { code: [32m'authentication_required'[39m, statusCode: [33m401[39m }
[0mPOST /api/sync/1c41e245-dee2-4055-8066-a64f630ea9ed/devices/device-jGxUx8A3gtVAXBc8/enroll [33m401[0m 1.271 ms - 79[0m
[ error ] API request failed { code: [32m'authentication_required'[39m, statusCode: [33m401[39m }
[0mPOST /api/sync/1c41e245-dee2-4055-8066-a64f630ea9ed/devices/device-jGxUx8A3gtVAXBc8/enroll [33m401[0m 0.462 ms - 79[0m
[ error ] API request failed { code: [32m'authentication_required'[39m, statusCode: [33m401[39m }
[0mPOST /api/sync/1c41e245-dee2-4055-8066-a64f630ea9ed/devices/device-jGxUx8A3gtVAXBc8/enroll [33m401[0m 0.508 ms - 79[0m
[ error ] API request failed { code: [32m'authentication_required'[39m, statusCode: [33m401[39m }
[0mPOST /api/sync/1c41e245-dee2-4055-8066-a64f630ea9ed/devices/device-jGxUx8A3gtVAXBc8/enroll [33m401[0m 0.624 ms - 79[0m
[ error ] API request failed { code: [32m'authentication_required'[39m, statusCode: [33m401[39m }
[0mPOST /api/sync/1c41e245-dee2-4055-8066-a64f630ea9ed/devices/device-jGxUx8A3gtVAXBc8/enroll [33m401[0m 0.368 ms - 79[0m
[ error ] API request failed { code: [32m'authentication_required'[39m, statusCode: [33m401[39m }
[0mPOST /api/sync/1c41e245-dee2-4055-8066-a64f630ea9ed/devices/device-jGxUx8A3gtVAXBc8/enroll [33m401[0m 0.327 ms - 79[0m
[ error ] API request failed { code: [32m'authentication_required'[39m, statusCode: [33m401[39m }
[0mPOST /api/sync/1c41e245-dee2-4055-8066-a64f630ea9ed/devices/device-jGxUx8A3gtVAXBc8/enroll [33m401[0m 0.319 ms - 79[0m
[ error ] API request failed { code: [32m'authentication_required'[39m, statusCode: [33m401[39m }
[0mPOST /api/sync/1c41e245-dee2-4055-8066-a64f630ea9ed/devices/device-jGxUx8A3gtVAXBc8/enroll [33m401[0m 0.446 ms - 79[0m
[ error ] API request failed { code: [32m'authentication_required'[39m, statusCode: [33m401[39m }
[0mPOST /api/sync/1c41e245-dee2-4055-8066-a64f630ea9ed/devices/device-jGxUx8A3gtVAXBc8/enroll [33m401[0m 0.319 ms - 79[0m
[0mPOST /api/sync/1c41e245-dee2-4055-8066-a64f630ea9ed/devices/device-jGxUx8A3gtVAXBc8/enroll [33m401[0m 0.343 ms - 79[0m
[ error ] API request failed { code: [32m'authentication_required'[39m, statusCode: [33m401[39m }
[ error ] API request failed { code: [32m'authentication_required'[39m, statusCode: [33m401[39m }
[0mPOST /api/sync/1c41e245-dee2-4055-8066-a64f630ea9ed/devices/device-jGxUx8A3gtVAXBc8/enroll [33m401[0m 0.454 ms - 79[0m
[ error ] API request failed { code: [32m'authentication_required'[39m, statusCode: [33m401[39m }
[0mPOST /api/sync/1c41e245-dee2-4055-8066-a64f630ea9ed/devices/device-jGxUx8A3gtVAXBc8/enroll [33m401[0m 0.311 ms - 79[0m
[ error ] API request failed { code: [32m'authentication_required'[39m, statusCode: [33m401[39m }
[0mPOST /api/sync/1c41e245-dee2-4055-8066-a64f630ea9ed/devices/device-jGxUx8A3gtVAXBc8/enroll [33m401[0m 0.519 ms - 79[0m
[ error ] API request failed { code: [32m'authentication_required'[39m, statusCode: [33m401[39m }
[0mPOST /api/sync/1c41e245-dee2-4055-8066-a64f630ea9ed/devices/device-jGxUx8A3gtVAXBc8/enroll [33m401[0m 0.563 ms - 79[0m
[ error ] API request failed { code: [32m'authentication_required'[39m, statusCode: [33m401[39m }
[0mPOST /api/sync/1c41e245-dee2-4055-8066-a64f630ea9ed/devices/device-jGxUx8A3gtVAXBc8/enroll [33m401[0m 0.428 ms - 79[0m
[ error ] API request failed { code: [32m'authentication_required'[39m, statusCode: [33m401[39m }
[0mPOST /api/sync/1c41e245-dee2-4055-8066-a64f630ea9ed/devices/device-jGxUx8A3gtVAXBc8/enroll [33m401[0m 0.263 ms - 79[0m
[ error ] API request failed { code: [32m'authentication_required'[39m, statusCode: [33m401[39m }
[0mPOST /api/sync/1c41e245-dee2-4055-8066-a64f630ea9ed/devices/device-jGxUx8A3gtVAXBc8/enroll [33m401[0m 0.521 ms - 79[0m
[ error ] API request failed { code: [32m'authentication_required'[39m, statusCode: [33m401[39m }
[0mPOST /api/sync/1c41e245-dee2-4055-8066-a64f630ea9ed/devices/device-jGxUx8A3gtVAXBc8/enroll [33m401[0m 0.314 ms - 79[0m
[ error ] API request failed { code: [32m'authentication_required'[39m, statusCode: [33m401[39m }
[0mPOST /api/sync/1c41e245-dee2-4055-8066-a64f630ea9ed/devices/device-jGxUx8A3gtVAXBc8/enroll [33m401[0m 0.600 ms - 79[0m
[ error ] API request failed { code: [32m'authentication_required'[39m, statusCode: [33m401[39m }
[0mPOST /api/sync/1c41e245-dee2-4055-8066-a64f630ea9ed/devices/device-jGxUx8A3gtVAXBc8/enroll [33m401[0m 0.426 ms - 79[0m
[ error ] API request failed { code: [32m'authentication_required'[39m, statusCode: [33m401[39m }
[0mPOST /api/sync/1c41e245-dee2-4055-8066-a64f630ea9ed/devices/device-jGxUx8A3gtVAXBc8/enroll [33m401[0m 0.291 ms - 79[0m
[ error ] API request failed { code: [32m'authentication_required'[39m, statusCode: [33m401[39m }
[0mPOST /api/sync/1c41e245-dee2-4055-8066-a64f630ea9ed/devices/device-jGxUx8A3gtVAXBc8/enroll [33m401[0m 0.523 ms - 79[0m
[ error ] API request failed { code: [32m'authentication_required'[39m, statusCode: [33m401[39m }
[0mPOST /api/sync/1c41e245-dee2-4055-8066-a64f630ea9ed/devices/device-jGxUx8A3gtVAXBc8/enroll [33m401[0m 0.255 ms - 79[0m
[ error ] API request failed { code: [32m'authentication_required'[39m, statusCode: [33m401[39m }
[0mPOST /api/sync/1c41e245-dee2-4055-8066-a64f630ea9ed/devices/device-jGxUx8A3gtVAXBc8/enroll [33m401[0m 0.246 ms - 79[0m
[ error ] API request failed { code: [32m'authentication_required'[39m, statusCode: [33m401[39m }
[0mPOST /api/sync/1c41e245-dee2-4055-8066-a64f630ea9ed/devices/device-jGxUx8A3gtVAXBc8/enroll [33m401[0m 0.288 ms - 79[0m
[ error ] API request failed { code: [32m'authentication_required'[39m, statusCode: [33m401[39m }
[0mPOST /api/sync/1c41e245-dee2-4055-8066-a64f630ea9ed/devices/device-jGxUx8A3gtVAXBc8/enroll [33m401[0m 0.424 ms - 79[0m
[ error ] API request failed { code: [32m'authentication_required'[39m, statusCode: [33m401[39m }
[0mPOST /api/sync/1c41e245-dee2-4055-8066-a64f630ea9ed/devices/device-jGxUx8A3gtVAXBc8/enroll [33m401[0m 0.280 ms - 79[0m
[ error ] API request failed { code: [32m'authentication_required'[39m, statusCode: [33m401[39m }
[0mPOST /api/sync/1c41e245-dee2-4055-8066-a64f630ea9ed/devices/device-jGxUx8A3gtVAXBc8/enroll [33m401[0m 0.359 ms - 79[0m
[ error ] API request failed { code: [32m'authentication_required'[39m, statusCode: [33m401[39m }
[0mPOST /api/sync/1c41e245-dee2-4055-8066-a64f630ea9ed/devices/device-jGxUx8A3gtVAXBc8/enroll [33m401[0m 3.113 ms - 79[0m
[ error ] API request failed { code: [32m'authentication_required'[39m, statusCode: [33m401[39m }
[0mPOST /api/sync/1c41e245-dee2-4055-8066-a64f630ea9ed/devices/device-jGxUx8A3gtVAXBc8/enroll [33m401[0m 0.419 ms - 79[0m
[ error ] API request failed { code: [32m'authentication_required'[39m, statusCode: [33m401[39m }
[0mPOST /api/sync/1c41e245-dee2-4055-8066-a64f630ea9ed/devices/device-jGxUx8A3gtVAXBc8/enroll [33m401[0m 0.362 ms - 79[0m
[ error ] API request failed { code: [32m'authentication_required'[39m, statusCode: [33m401[39m }
[0mPOST /api/sync/1c41e245-dee2-4055-8066-a64f630ea9ed/devices/device-jGxUx8A3gtVAXBc8/enroll [33m401[0m 0.313 ms - 79[0m
[ error ] API request failed { code: [32m'authentication_required'[39m, statusCode: [33m401[39m }
[0mPOST /api/sync/1c41e245-dee2-4055-8066-a64f630ea9ed/devices/device-jGxUx8A3gtVAXBc8/enroll [33m401[0m 0.895 ms - 79[0m
[ error ] API request failed { code: [32m'authentication_required'[39m, statusCode: [33m401[39m }
[0mPOST /api/sync/1c41e245-dee2-4055-8066-a64f630ea9ed/devices/device-jGxUx8A3gtVAXBc8/enroll [33m401[0m 0.453 ms - 79[0m
[ error ] API request failed { code: [32m'authentication_required'[39m, statusCode: [33m401[39m }
[0mPOST /api/sync/1c41e245-dee2-4055-8066-a64f630ea9ed/devices/device-jGxUx8A3gtVAXBc8/enroll [33m401[0m 0.436 ms - 79[0m
[ error ] API request failed { code: [32m'authentication_required'[39m, statusCode: [33m401[39m }
[0mPOST /api/sync/1c41e245-dee2-4055-8066-a64f630ea9ed/devices/device-jGxUx8A3gtVAXBc8/enroll [33m401[0m 0.220 ms - 79[0m
[ error ] API request failed { code: [32m'authentication_required'[39m, statusCode: [33m401[39m }
[0mPOST /api/sync/1c41e245-dee2-4055-8066-a64f630ea9ed/devices/device-jGxUx8A3gtVAXBc8/enroll [33m401[0m 0.310 ms - 79[0m
[ error ] API request failed { code: [32m'authentication_required'[39m, statusCode: [33m401[39m }
[0mPOST /api/sync/1c41e245-dee2-4055-8066-a64f630ea9ed/devices/device-jGxUx8A3gtVAXBc8/enroll [33m401[0m 0.325 ms - 79[0m
[ error ] API request failed { code: [32m'authentication_required'[39m, statusCode: [33m401[39m }
[0mPOST /api/sync/1c41e245-dee2-4055-8066-a64f630ea9ed/devices/device-jGxUx8A3gtVAXBc8/enroll [33m401[0m 0.332 ms - 79[0m
[ error ] API request failed { code: [32m'authentication_required'[39m, statusCode: [33m401[39m }
[0mPOST /api/sync/1c41e245-dee2-4055-8066-a64f630ea9ed/devices/device-jGxUx8A3gtVAXBc8/enroll [33m401[0m 0.576 ms - 79[0m
[ error ] API request failed { code: [32m'authentication_required'[39m, statusCode: [33m401[39m }
[0mPOST /api/sync/1c41e245-dee2-4055-8066-a64f630ea9ed/devices/device-jGxUx8A3gtVAXBc8/enroll [33m401[0m 0.326 ms - 79[0m
[ error ] API request failed { code: [32m'authentication_required'[39m, statusCode: [33m401[39m }
[0mPOST /api/sync/1c41e245-dee2-4055-8066-a64f630ea9ed/devices/device-jGxUx8A3gtVAXBc8/enroll [33m401[0m 0.310 ms - 79[0m
[ error ] API request failed { code: [32m'authentication_required'[39m, statusCode: [33m401[39m }
[0mPOST /api/sync/1c41e245-dee2-4055-8066-a64f630ea9ed/devices/device-jGxUx8A3gtVAXBc8/enroll [33m401[0m 0.358 ms - 79[0m
[ error ] API request failed { code: [32m'authentication_required'[39m, statusCode: [33m401[39m }
[0mPOST /api/sync/1c41e245-dee2-4055-8066-a64f630ea9ed/devices/device-jGxUx8A3gtVAXBc8/enroll [33m401[0m 0.321 ms - 79[0m
[ error ] API request failed { code: [32m'authentication_required'[39m, statusCode: [33m401[39m }
[0mPOST /api/sync/1c41e245-dee2-4055-8066-a64f630ea9ed/devices/device-jGxUx8A3gtVAXBc8/enroll [33m401[0m 0.661 ms - 79[0m
[ error ] API request failed { code: [32m'authentication_required'[39m, statusCode: [33m401[39m }
[0mPOST /api/sync/1c41e245-dee2-4055-8066-a64f630ea9ed/devices/device-jGxUx8A3gtVAXBc8/enroll [33m401[0m 0.340 ms - 79[0m
[ error ] API request failed { code: [32m'authentication_required'[39m, statusCode: [33m401[39m }
[0mPOST /api/sync/1c41e245-dee2-4055-8066-a64f630ea9ed/devices/device-jGxUx8A3gtVAXBc8/enroll [33m401[0m 0.415 ms - 79[0m
[ error ] API request failed { code: [32m'authentication_required'[39m, statusCode: [33m401[39m }
[0mPOST /api/sync/1c41e245-dee2-4055-8066-a64f630ea9ed/devices/device-jGxUx8A3gtVAXBc8/enroll [33m401[0m 0.258 ms - 79[0m
[ error ] API request failed { code: [32m'authentication_required'[39m, statusCode: [33m401[39m }
[0mPOST /api/sync/1c41e245-dee2-4055-8066-a64f630ea9ed/devices/device-jGxUx8A3gtVAXBc8/enroll [33m401[0m 0.237 ms - 79[0m
[ error ] API request failed { code: [32m'authentication_required'[39m, statusCode: [33m401[39m }
[0mPOST /api/sync/1c41e245-dee2-4055-8066-a64f630ea9ed/devices/device-jGxUx8A3gtVAXBc8/enroll [33m401[0m 0.327 ms - 79[0m
[ error ] API request failed { code: [32m'authentication_required'[39m, statusCode: [33m401[39m }
[0mPOST /api/sync/1c41e245-dee2-4055-8066-a64f630ea9ed/devices/device-jGxUx8A3gtVAXBc8/enroll [33m401[0m 0.267 ms - 79[0m
[ error ] API request failed { code: [32m'authentication_required'[39m, statusCode: [33m401[39m }
[0mPOST /api/sync/1c41e245-dee2-4055-8066-a64f630ea9ed/devices/device-jGxUx8A3gtVAXBc8/enroll [33m401[0m 0.295 ms - 79[0m
[ error ] API request failed { code: [32m'authentication_required'[39m, statusCode: [33m401[39m }
[0mPOST /api/sync/1c41e245-dee2-4055-8066-a64f630ea9ed/devices/device-jGxUx8A3gtVAXBc8/enroll [33m401[0m 0.256 ms - 79[0m
[ error ] API request failed { code: [32m'authentication_required'[39m, statusCode: [33m401[39m }
[0mPOST /api/sync/1c41e245-dee2-4055-8066-a64f630ea9ed/devices/device-jGxUx8A3gtVAXBc8/enroll [33m401[0m 0.218 ms - 79[0m
[ error ] API request failed { code: [32m'authentication_required'[39m, statusCode: [33m401[39m }
[0mPOST /api/sync/1c41e245-dee2-4055-8066-a64f630ea9ed/devices/device-jGxUx8A3gtVAXBc8/enroll [33m401[0m 0.495 ms - 79[0m
[ error ] API request failed { code: [32m'authentication_required'[39m, statusCode: [33m401[39m }
[0mPOST /api/sync/1c41e245-dee2-4055-8066-a64f630ea9ed/devices/device-jGxUx8A3gtVAXBc8/enroll [33m401[0m 0.241 ms - 79[0m
[ error ] API request failed { code: [32m'authentication_required'[39m, statusCode: [33m401[39m }
[0mPOST /api/sync/1c41e245-dee2-4055-8066-a64f630ea9ed/devices/device-jGxUx8A3gtVAXBc8/enroll [33m401[0m 0.553 ms - 79[0m
[ error ] API request failed { code: [32m'authentication_required'[39m, statusCode: [33m401[39m }
[0mPOST /api/sync/1c41e245-dee2-4055-8066-a64f630ea9ed/devices/device-jGxUx8A3gtVAXBc8/enroll [33m401[0m 0.322 ms - 79[0m
[ error ] API request failed { code: [32m'invalid_request'[39m, statusCode: [33m400[39m }
[ error ] API request failed { code: [32m'invalid_request'[39m, statusCode: [33m400[39m }
[ error ] API request failed { code: [32m'invalid_request'[39m, statusCode: [33m400[39m }
[ error ] API request failed { code: [32m'invalid_request'[39m, statusCode: [33m400[39m }
[ error ] API request failed { code: [32m'authentication_required'[39m, statusCode: [33m401[39m }
[0mPOST /api/sync/1c41e245-dee2-4055-8066-a64f630ea9ed/devices/device-jGxUx8A3gtVAXBc8/enroll [33m401[0m 0.286 ms - 79[0m
[ error ] API request failed { code: [32m'authentication_required'[39m, statusCode: [33m401[39m }
[0mPOST /api/sync/1c41e245-dee2-4055-8066-a64f630ea9ed/devices/device-jGxUx8A3gtVAXBc8/enroll [33m401[0m 0.508 ms - 79[0m
[0mPOST /api/sync/1c41e245-dee2-4055-8066-a64f630ea9ed/devices/device-jGxUx8A3gtVAXBc8/enroll [33m401[0m 0.278 ms - 79[0m
[ error ] API request failed { code: [32m'authentication_required'[39m, statusCode: [33m401[39m }
[ error ] API request failed { code: [32m'authentication_required'[39m, statusCode: [33m401[39m }
[0mPOST /api/sync/1c41e245-dee2-4055-8066-a64f630ea9ed/devices/device-jGxUx8A3gtVAXBc8/enroll [33m401[0m 0.401 ms - 79[0m
[ error ] API request failed { code: [32m'authentication_required'[39m, statusCode: [33m401[39m }
[0mPOST /api/sync/1c41e245-dee2-4055-8066-a64f630ea9ed/devices/device-jGxUx8A3gtVAXBc8/enroll [33m401[0m 0.324 ms - 79[0m
[ error ] API request failed { code: [32m'authentication_required'[39m, statusCode: [33m401[39m }
[0mPOST /api/sync/1c41e245-dee2-4055-8066-a64f630ea9ed/devices/device-jGxUx8A3gtVAXBc8/enroll [33m401[0m 0.487 ms - 79[0m
[0mPOST /api/sync/1c41e245-dee2-4055-8066-a64f630ea9ed/devices/device-jGxUx8A3gtVAXBc8/enroll [33m401[0m 0.290 ms - 79[0m
[ error ] API request failed { code: [32m'authentication_required'[39m, statusCode: [33m401[39m }
[ error ] API request failed { code: [32m'authentication_required'[39m, statusCode: [33m401[39m }
[0mPOST /api/sync/1c41e245-dee2-4055-8066-a64f630ea9ed/devices/device-jGxUx8A3gtVAXBc8/enroll [33m401[0m 0.485 ms - 79[0m
[ error ] API request failed { code: [32m'authentication_required'[39m, statusCode: [33m401[39m }
[0mPOST /api/sync/1c41e245-dee2-4055-8066-a64f630ea9ed/devices/device-jGxUx8A3gtVAXBc8/enroll [33m401[0m 0.534 ms - 79[0m
[ error ] API request failed { code: [32m'authentication_required'[39m, statusCode: [33m401[39m }
[0mPOST /api/sync/1c41e245-dee2-4055-8066-a64f630ea9ed/devices/device-jGxUx8A3gtVAXBc8/enroll [33m401[0m 0.469 ms - 79[0m
[ error ] API request failed { code: [32m'authentication_required'[39m, statusCode: [33m401[39m }
[0mPOST /api/sync/1c41e245-dee2-4055-8066-a64f630ea9ed/devices/device-jGxUx8A3gtVAXBc8/enroll [33m401[0m 0.285 ms - 79[0m
[ error ] API request failed { code: [32m'authentication_required'[39m, statusCode: [33m401[39m }
[0mPOST /api/sync/1c41e245-dee2-4055-8066-a64f630ea9ed/devices/device-jGxUx8A3gtVAXBc8/enroll [33m401[0m 0.366 ms - 79[0m
[ error ] API request failed { code: [32m'authentication_required'[39m, statusCode: [33m401[39m }
[0mPOST /api/sync/1c41e245-dee2-4055-8066-a64f630ea9ed/devices/device-jGxUx8A3gtVAXBc8/enroll [33m401[0m 0.336 ms - 79[0m
[ error ] API request failed { code: [32m'authentication_required'[39m, statusCode: [33m401[39m }
[0mPOST /api/sync/1c41e245-dee2-4055-8066-a64f630ea9ed/devices/device-jGxUx8A3gtVAXBc8/enroll [33m401[0m 0.291 ms - 79[0m
[ error ] API request failed { code: [32m'authentication_required'[39m, statusCode: [33m401[39m }
[0mPOST /api/sync/1c41e245-dee2-4055-8066-a64f630ea9ed/devices/device-jGxUx8A3gtVAXBc8/enroll [33m401[0m 0.276 ms - 79[0m
[ error ] API request failed { code: [32m'authentication_required'[39m, statusCode: [33m401[39m }
[0mPOST /api/sync/1c41e245-dee2-4055-8066-a64f630ea9ed/devices/device-jGxUx8A3gtVAXBc8/enroll [33m401[0m 0.504 ms - 79[0m
[0mPOST /api/sync/1c41e245-dee2-4055-8066-a64f630ea9ed/devices/device-jGxUx8A3gtVAXBc8/enroll [33m401[0m 0.292 ms - 79[0m
[ error ] API request failed { code: [32m'authentication_required'[39m, statusCode: [33m401[39m }
[ error ] API request failed { code: [32m'authentication_required'[39m, statusCode: [33m401[39m }
[0mPOST /api/sync/1c41e245-dee2-4055-8066-a64f630ea9ed/devices/device-jGxUx8A3gtVAXBc8/enroll [33m401[0m 0.391 ms - 79[0m
[ error ] API request failed { code: [32m'authentication_required'[39m, statusCode: [33m401[39m }
[0mPOST /api/sync/1c41e245-dee2-4055-8066-a64f630ea9ed/devices/device-jGxUx8A3gtVAXBc8/enroll [33m401[0m 0.665 ms - 79[0m
[ error ] API request failed { code: [32m'authentication_required'[39m, statusCode: [33m401[39m }
[0mPOST /api/sync/1c41e245-dee2-4055-8066-a64f630ea9ed/devices/device-jGxUx8A3gtVAXBc8/enroll [33m401[0m 0.646 ms - 79[0m
[ error ] API request failed { code: [32m'authentication_required'[39m, statusCode: [33m401[39m }
[0mPOST /api/sync/1c41e245-dee2-4055-8066-a64f630ea9ed/devices/device-jGxUx8A3gtVAXBc8/enroll [33m401[0m 0.340 ms - 79[0m
[0mTRACE /api/sync/1c41e245-dee2-4055-8066-a64f630ea9ed/devices/device-jGxUx8A3gtVAXBc8/revoke [33m405[0m 0.117 ms - 78[0m
[0mQUERY /api/sync/1c41e245-dee2-4055-8066-a64f630ea9ed/devices/device-jGxUx8A3gtVAXBc8/revoke [33m405[0m 0.145 ms - 78[0m
[0mPUT /api/sync/1c41e245-dee2-4055-8066-a64f630ea9ed/devices/device-jGxUx8A3gtVAXBc8/revoke [33m405[0m 0.149 ms - 78[0m
[0mPATCH /api/sync/1c41e245-dee2-4055-8066-a64f630ea9ed/devices/device-jGxUx8A3gtVAXBc8/revoke [33m405[0m 0.118 ms - 78[0m
[0mOPTIONS /api/sync/1c41e245-dee2-4055-8066-a64f630ea9ed/devices/device-jGxUx8A3gtVAXBc8/revoke [33m405[0m 0.135 ms - 78[0m
[0mGET /api/sync/1c41e245-dee2-4055-8066-a64f630ea9ed/devices/device-jGxUx8A3gtVAXBc8/revoke [33m405[0m 0.158 ms - 78[0m
[0mDELETE /api/sync/1c41e245-dee2-4055-8066-a64f630ea9ed/devices/device-jGxUx8A3gtVAXBc8/revoke [33m405[0m 0.157 ms - 78[0m
[ error ] API request failed { code: [32m'authentication_required'[39m, statusCode: [33m401[39m }
[0mPOST /api/sync/1c41e245-dee2-4055-8066-a64f630ea9ed/devices/000000000000000000000000000000000000000000000000000000000000000000000000000000000000000000000000000000000000000000000000000000000000000000000000000000000000000000000000000000000000000000000000000000000/revoke [33m401[0m 0.365 ms - 79[0m
[ error ] API request failed { code: [32m'authentication_required'[39m, statusCode: [33m401[39m }
[0mPOST /api/sync/1c41e245-dee2-4055-8066-a64f630ea9ed/devices/0000000000000000000000000000000000000000000000000000000000000000000000000000000000000000000000000000000000000000000000000000000000000000000000000000000000000000000000000000000000000000000000000000000/revoke [33m401[0m 0.364 ms - 79[0m
[ error ] API request failed { code: [32m'authentication_required'[39m, statusCode: [33m401[39m }
[0mPOST /api/sync/1c41e245-dee2-4055-8066-a64f630ea9ed/devices/00000000000000000000000000000000000000000000000000000000000000000000000000000000000000000000000000000000000000000000000000000000000000000000000000000000000000000000000000000000000000000000000000000000/revoke [33m401[0m 0.348 ms - 79[0m
[ error ] API request failed { code: [32m'authentication_required'[39m, statusCode: [33m401[39m }
[0mPOST /api/sync/1c41e245-dee2-4055-8066-a64f630ea9ed/devices/00/revoke [33m401[0m 0.308 ms - 79[0m
[ error ] API request failed { code: [32m'authentication_required'[39m, statusCode: [33m401[39m }
[0mPOST /api/sync/1c41e245-dee2-4055-8066-a64f630ea9ed/devices/0/revoke [33m401[0m 0.331 ms - 79[0m
[ error ] API request failed { code: [32m'authentication_required'[39m, statusCode: [33m401[39m }
[0mPOST /api/sync/000000000000000000000000000000000000000000000000000000000000000000000000000000000000000000000000000000000000000000000000000000000000000000000000000000000000000000000000000000000000000000000000000000000/devices/device-jGxUx8A3gtVAXBc8/revoke [33m401[0m 0.350 ms - 79[0m
[ error ] API request failed { code: [32m'authentication_required'[39m, statusCode: [33m401[39m }
[0mPOST /api/sync/0000000000000000000000000000000000000000000000000000000000000000000000000000000000000000000000000000000000000000000000000000000000000000000000000000000000000000000000000000000000000000000000000000000/devices/device-jGxUx8A3gtVAXBc8/revoke [33m401[0m 0.485 ms - 79[0m
[ error ] API request failed { code: [32m'authentication_required'[39m, statusCode: [33m401[39m }
[0mPOST /api/sync/00000000000000000000000000000000000000000000000000000000000000000000000000000000000000000000000000000000000000000000000000000000000000000000000000000000000000000000000000000000000000000000000000000000/devices/device-jGxUx8A3gtVAXBc8/revoke [33m401[0m 0.289 ms - 79[0m
[ error ] API request failed { code: [32m'authentication_required'[39m, statusCode: [33m401[39m }
[0mPOST /api/sync/00/devices/device-jGxUx8A3gtVAXBc8/revoke [33m401[0m 0.620 ms - 79[0m
[0mPOST /api/sync/0/devices/device-jGxUx8A3gtVAXBc8/revoke [33m401[0m 0.310 ms - 79[0m
[ error ] API request failed { code: [32m'authentication_required'[39m, statusCode: [33m401[39m }
[ error ] API request failed { code: [32m'authentication_required'[39m, statusCode: [33m401[39m }
[0mPOST /api/sync/1c41e245-dee2-4055-8066-a64f630ea9ed/devices/device-jGxUx8A3gtVAXBc8/revoke [33m401[0m 0.479 ms - 79[0m
[0mTRACE /api/sync/1c41e245-dee2-4055-8066-a64f630ea9ed/envelopes [33m405[0m 0.141 ms - 78[0m
[0mQUERY /api/sync/1c41e245-dee2-4055-8066-a64f630ea9ed/envelopes [33m405[0m 0.124 ms - 78[0m
[0mPUT /api/sync/1c41e245-dee2-4055-8066-a64f630ea9ed/envelopes [33m405[0m 0.129 ms - 78[0m
[0mPATCH /api/sync/1c41e245-dee2-4055-8066-a64f630ea9ed/envelopes [33m405[0m 0.297 ms - 78[0m
[0mOPTIONS /api/sync/1c41e245-dee2-4055-8066-a64f630ea9ed/envelopes [33m405[0m 0.261 ms - 78[0m
[0mDELETE /api/sync/1c41e245-dee2-4055-8066-a64f630ea9ed/envelopes [33m405[0m 0.229 ms - 78[0m
[ error ] API request failed { code: [32m'authentication_required'[39m, statusCode: [33m401[39m }
[0mPOST /api/sync/000000000000000000000000000000000000000000000000000000000000000000000000000000000000000000000000000000000000000000000000000000000000000000000000000000000000000000000000000000000000000000000000000000000/envelopes [33m401[0m 0.387 ms - 79[0m
[ error ] API request failed { code: [32m'authentication_required'[39m, statusCode: [33m401[39m }
[0mPOST /api/sync/0000000000000000000000000000000000000000000000000000000000000000000000000000000000000000000000000000000000000000000000000000000000000000000000000000000000000000000000000000000000000000000000000000000/envelopes [33m401[0m 0.403 ms - 79[0m
[ error ] API request failed { code: [32m'authentication_required'[39m, statusCode: [33m401[39m }
[0mPOST /api/sync/00000000000000000000000000000000000000000000000000000000000000000000000000000000000000000000000000000000000000000000000000000000000000000000000000000000000000000000000000000000000000000000000000000000/envelopes [33m401[0m 0.372 ms - 79[0m
[ error ] API request failed { code: [32m'authentication_required'[39m, statusCode: [33m401[39m }
[0mPOST /api/sync/00/envelopes [33m401[0m 0.381 ms - 79[0m
[ error ] API request failed { code: [32m'authentication_required'[39m, statusCode: [33m401[39m }
[0mPOST /api/sync/0/envelopes [33m401[0m 0.391 ms - 79[0m
[ error ] API request failed { code: [32m'authentication_required'[39m, statusCode: [33m401[39m }
[0mPOST /api/sync/1c41e245-dee2-4055-8066-a64f630ea9ed/envelopes [33m401[0m 0.416 ms - 79[0m
[ error ] API request failed { code: [32m'authentication_required'[39m, statusCode: [33m401[39m }
[0mPOST /api/sync/1c41e245-dee2-4055-8066-a64f630ea9ed/envelopes [33m401[0m 0.426 ms - 79[0m
[ error ] API request failed { code: [32m'authentication_required'[39m, statusCode: [33m401[39m }
[0mPOST /api/sync/1c41e245-dee2-4055-8066-a64f630ea9ed/envelopes [33m401[0m 0.439 ms - 79[0m
[ error ] API request failed { code: [32m'authentication_required'[39m, statusCode: [33m401[39m }
[0mPOST /api/sync/1c41e245-dee2-4055-8066-a64f630ea9ed/envelopes [33m401[0m 0.398 ms - 79[0m
[ error ] API request failed { code: [32m'authentication_required'[39m, statusCode: [33m401[39m }
[0mPOST /api/sync/1c41e245-dee2-4055-8066-a64f630ea9ed/envelopes [33m401[0m 0.389 ms - 79[0m
[ error ] API request failed { code: [32m'authentication_required'[39m, statusCode: [33m401[39m }
[0mPOST /api/sync/1c41e245-dee2-4055-8066-a64f630ea9ed/envelopes [33m401[0m 0.445 ms - 79[0m
[ error ] API request failed { code: [32m'authentication_required'[39m, statusCode: [33m401[39m }
[0mPOST /api/sync/1c41e245-dee2-4055-8066-a64f630ea9ed/envelopes [33m401[0m 0.315 ms - 79[0m
[ error ] API request failed { code: [32m'authentication_required'[39m, statusCode: [33m401[39m }
[0mPOST /api/sync/1c41e245-dee2-4055-8066-a64f630ea9ed/envelopes [33m401[0m 0.255 ms - 79[0m
[ error ] API request failed { code: [32m'authentication_required'[39m, statusCode: [33m401[39m }
[0mPOST /api/sync/1c41e245-dee2-4055-8066-a64f630ea9ed/envelopes [33m401[0m 0.410 ms - 79[0m
[ error ] API request failed { code: [32m'authentication_required'[39m, statusCode: [33m401[39m }
[ error ] API request failed { code: [32m'authentication_required'[39m, statusCode: [33m401[39m }
[0mPOST /api/sync/1c41e245-dee2-4055-8066-a64f630ea9ed/envelopes [33m401[0m 0.550 ms - 79[0m
[0mPOST /api/sync/1c41e245-dee2-4055-8066-a64f630ea9ed/envelopes [33m401[0m 0.377 ms - 79[0m
[ error ] API request failed { code: [32m'authentication_required'[39m, statusCode: [33m401[39m }
[0mPOST /api/sync/1c41e245-dee2-4055-8066-a64f630ea9ed/envelopes [33m401[0m 0.372 ms - 79[0m
[ error ] API request failed { code: [32m'authentication_required'[39m, statusCode: [33m401[39m }
[0mPOST /api/sync/1c41e245-dee2-4055-8066-a64f630ea9ed/envelopes [33m401[0m 0.374 ms - 79[0m
[ error ] API request failed { code: [32m'authentication_required'[39m, statusCode: [33m401[39m }
[0mPOST /api/sync/1c41e245-dee2-4055-8066-a64f630ea9ed/envelopes [33m401[0m 0.434 ms - 79[0m
[ error ] API request failed { code: [32m'authentication_required'[39m, statusCode: [33m401[39m }
[0mPOST /api/sync/1c41e245-dee2-4055-8066-a64f630ea9ed/envelopes [33m401[0m 0.512 ms - 79[0m
[ error ] API request failed { code: [32m'authentication_required'[39m, statusCode: [33m401[39m }
[0mPOST /api/sync/1c41e245-dee2-4055-8066-a64f630ea9ed/envelopes [33m401[0m 0.359 ms - 79[0m
[ error ] API request failed { code: [32m'authentication_required'[39m, statusCode: [33m401[39m }
[0mPOST /api/sync/1c41e245-dee2-4055-8066-a64f630ea9ed/envelopes [33m401[0m 0.338 ms - 79[0m
[ error ] API request failed { code: [32m'authentication_required'[39m, statusCode: [33m401[39m }
[0mPOST /api/sync/1c41e245-dee2-4055-8066-a64f630ea9ed/envelopes [33m401[0m 0.358 ms - 79[0m
[ error ] API request failed { code: [32m'authentication_required'[39m, statusCode: [33m401[39m }
[0mPOST /api/sync/1c41e245-dee2-4055-8066-a64f630ea9ed/envelopes [33m401[0m 0.349 ms - 79[0m
[ error ] API request failed { code: [32m'authentication_required'[39m, statusCode: [33m401[39m }
[0mPOST /api/sync/1c41e245-dee2-4055-8066-a64f630ea9ed/envelopes [33m401[0m 0.363 ms - 79[0m
[ error ] API request failed { code: [32m'authentication_required'[39m, statusCode: [33m401[39m }
[0mPOST /api/sync/1c41e245-dee2-4055-8066-a64f630ea9ed/envelopes [33m401[0m 0.413 ms - 79[0m
[ error ] API request failed { code: [32m'authentication_required'[39m, statusCode: [33m401[39m }
[0mPOST /api/sync/1c41e245-dee2-4055-8066-a64f630ea9ed/envelopes [33m401[0m 0.367 ms - 79[0m
[ error ] API request failed { code: [32m'authentication_required'[39m, statusCode: [33m401[39m }
[0mPOST /api/sync/1c41e245-dee2-4055-8066-a64f630ea9ed/envelopes [33m401[0m 0.375 ms - 79[0m
[ error ] API request failed { code: [32m'authentication_required'[39m, statusCode: [33m401[39m }
[0mPOST /api/sync/1c41e245-dee2-4055-8066-a64f630ea9ed/envelopes [33m401[0m 0.369 ms - 79[0m
[ error ] API request failed { code: [32m'authentication_required'[39m, statusCode: [33m401[39m }
[0mPOST /api/sync/1c41e245-dee2-4055-8066-a64f630ea9ed/envelopes [33m401[0m 0.408 ms - 79[0m
[ error ] API request failed { code: [32m'authentication_required'[39m, statusCode: [33m401[39m }
[0mPOST /api/sync/1c41e245-dee2-4055-8066-a64f630ea9ed/envelopes [33m401[0m 0.306 ms - 79[0m
[ error ] API request failed { code: [32m'authentication_required'[39m, statusCode: [33m401[39m }
[ error ] API request failed { code: [32m'authentication_required'[39m, statusCode: [33m401[39m }
[0mPOST /api/sync/1c41e245-dee2-4055-8066-a64f630ea9ed/envelopes [33m401[0m 0.318 ms - 79[0m
[0mPOST /api/sync/1c41e245-dee2-4055-8066-a64f630ea9ed/envelopes [33m401[0m 0.284 ms - 79[0m
[ error ] API request failed { code: [32m'authentication_required'[39m, statusCode: [33m401[39m }
[0mPOST /api/sync/1c41e245-dee2-4055-8066-a64f630ea9ed/envelopes [33m401[0m 0.248 ms - 79[0m
[ error ] API request failed { code: [32m'authentication_required'[39m, statusCode: [33m401[39m }
[0mPOST /api/sync/1c41e245-dee2-4055-8066-a64f630ea9ed/envelopes [33m401[0m 0.426 ms - 79[0m
[ error ] API request failed { code: [32m'authentication_required'[39m, statusCode: [33m401[39m }
[0mPOST /api/sync/1c41e245-dee2-4055-8066-a64f630ea9ed/envelopes [33m401[0m 0.306 ms - 79[0m
[ error ] API request failed { code: [32m'authentication_required'[39m, statusCode: [33m401[39m }
[0mPOST /api/sync/1c41e245-dee2-4055-8066-a64f630ea9ed/envelopes [33m401[0m 0.364 ms - 79[0m
[ error ] API request failed { code: [32m'authentication_required'[39m, statusCode: [33m401[39m }
[0mPOST /api/sync/1c41e245-dee2-4055-8066-a64f630ea9ed/envelopes [33m401[0m 0.360 ms - 79[0m
[ error ] API request failed { code: [32m'authentication_required'[39m, statusCode: [33m401[39m }
[0mPOST /api/sync/1c41e245-dee2-4055-8066-a64f630ea9ed/envelopes [33m401[0m 0.332 ms - 79[0m
[ error ] API request failed { code: [32m'authentication_required'[39m, statusCode: [33m401[39m }
[0mPOST /api/sync/1c41e245-dee2-4055-8066-a64f630ea9ed/envelopes [33m401[0m 0.382 ms - 79[0m
[ error ] API request failed { code: [32m'authentication_required'[39m, statusCode: [33m401[39m }
[0mPOST /api/sync/1c41e245-dee2-4055-8066-a64f630ea9ed/envelopes [33m401[0m 0.355 ms - 79[0m
[ error ] API request failed { code: [32m'authentication_required'[39m, statusCode: [33m401[39m }
[0mPOST /api/sync/1c41e245-dee2-4055-8066-a64f630ea9ed/envelopes [33m401[0m 0.235 ms - 79[0m
[ error ] API request failed { code: [32m'authentication_required'[39m, statusCode: [33m401[39m }
[0mPOST /api/sync/1c41e245-dee2-4055-8066-a64f630ea9ed/envelopes [33m401[0m 0.264 ms - 79[0m
[ error ] API request failed { code: [32m'authentication_required'[39m, statusCode: [33m401[39m }
[0mPOST /api/sync/1c41e245-dee2-4055-8066-a64f630ea9ed/envelopes [33m401[0m 0.208 ms - 79[0m
[ error ] API request failed { code: [32m'authentication_required'[39m, statusCode: [33m401[39m }
[0mPOST /api/sync/1c41e245-dee2-4055-8066-a64f630ea9ed/envelopes [33m401[0m 0.282 ms - 79[0m
[ error ] API request failed { code: [32m'authentication_required'[39m, statusCode: [33m401[39m }
[0mPOST /api/sync/1c41e245-dee2-4055-8066-a64f630ea9ed/envelopes [33m401[0m 0.203 ms - 79[0m
[ error ] API request failed { code: [32m'authentication_required'[39m, statusCode: [33m401[39m }
[0mPOST /api/sync/1c41e245-dee2-4055-8066-a64f630ea9ed/envelopes [33m401[0m 0.265 ms - 79[0m
[ error ] API request failed { code: [32m'authentication_required'[39m, statusCode: [33m401[39m }
[0mPOST /api/sync/1c41e245-dee2-4055-8066-a64f630ea9ed/envelopes [33m401[0m 0.279 ms - 79[0m
[ error ] API request failed { code: [32m'authentication_required'[39m, statusCode: [33m401[39m }
[0mPOST /api/sync/1c41e245-dee2-4055-8066-a64f630ea9ed/envelopes [33m401[0m 0.267 ms - 79[0m
[ error ] API request failed { code: [32m'authentication_required'[39m, statusCode: [33m401[39m }
[0mPOST /api/sync/1c41e245-dee2-4055-8066-a64f630ea9ed/envelopes [33m401[0m 0.279 ms - 79[0m
[ error ] API request failed { code: [32m'authentication_required'[39m, statusCode: [33m401[39m }
[ error ] API request failed { code: [32m'authentication_required'[39m, statusCode: [33m401[39m }
[0mPOST /api/sync/1c41e245-dee2-4055-8066-a64f630ea9ed/envelopes [33m401[0m 0.298 ms - 79[0m
[0mPOST /api/sync/1c41e245-dee2-4055-8066-a64f630ea9ed/envelopes [33m401[0m 0.284 ms - 79[0m
[ error ] API request failed { code: [32m'authentication_required'[39m, statusCode: [33m401[39m }
[0mPOST /api/sync/1c41e245-dee2-4055-8066-a64f630ea9ed/envelopes [33m401[0m 0.300 ms - 79[0m
[ error ] API request failed { code: [32m'authentication_required'[39m, statusCode: [33m401[39m }
[0mPOST /api/sync/1c41e245-dee2-4055-8066-a64f630ea9ed/envelopes [33m401[0m 0.358 ms - 79[0m
[ error ] API request failed { code: [32m'authentication_required'[39m, statusCode: [33m401[39m }
[0mPOST /api/sync/1c41e245-dee2-4055-8066-a64f630ea9ed/envelopes [33m401[0m 0.395 ms - 79[0m
[ error ] API request failed { code: [32m'authentication_required'[39m, statusCode: [33m401[39m }
[0mPOST /api/sync/1c41e245-dee2-4055-8066-a64f630ea9ed/envelopes [33m401[0m 0.580 ms - 79[0m
[ error ] API request failed { code: [32m'authentication_required'[39m, statusCode: [33m401[39m }
[0mPOST /api/sync/1c41e245-dee2-4055-8066-a64f630ea9ed/envelopes [33m401[0m 0.245 ms - 79[0m
[ error ] API request failed { code: [32m'authentication_required'[39m, statusCode: [33m401[39m }
[0mPOST /api/sync/1c41e245-dee2-4055-8066-a64f630ea9ed/envelopes [33m401[0m 0.233 ms - 79[0m
[ error ] API request failed { code: [32m'authentication_required'[39m, statusCode: [33m401[39m }
[0mPOST /api/sync/1c41e245-dee2-4055-8066-a64f630ea9ed/envelopes [33m401[0m 0.177 ms - 79[0m
[ error ] API request failed { code: [32m'authentication_required'[39m, statusCode: [33m401[39m }
[0mPOST /api/sync/1c41e245-dee2-4055-8066-a64f630ea9ed/envelopes [33m401[0m 0.243 ms - 79[0m
[ error ] API request failed { code: [32m'authentication_required'[39m, statusCode: [33m401[39m }
[0mPOST /api/sync/1c41e245-dee2-4055-8066-a64f630ea9ed/envelopes [33m401[0m 0.360 ms - 79[0m
[ error ] API request failed { code: [32m'authentication_required'[39m, statusCode: [33m401[39m }
[0mPOST /api/sync/1c41e245-dee2-4055-8066-a64f630ea9ed/envelopes [33m401[0m 0.359 ms - 79[0m
[ error ] API request failed { code: [32m'authentication_required'[39m, statusCode: [33m401[39m }
[0mPOST /api/sync/1c41e245-dee2-4055-8066-a64f630ea9ed/envelopes [33m401[0m 0.362 ms - 79[0m
[ error ] API request failed { code: [32m'authentication_required'[39m, statusCode: [33m401[39m }
[0mPOST /api/sync/1c41e245-dee2-4055-8066-a64f630ea9ed/envelopes [33m401[0m 0.392 ms - 79[0m
[ error ] API request failed { code: [32m'authentication_required'[39m, statusCode: [33m401[39m }
[0mPOST /api/sync/1c41e245-dee2-4055-8066-a64f630ea9ed/envelopes [33m401[0m 0.407 ms - 79[0m
[ error ] API request failed { code: [32m'authentication_required'[39m, statusCode: [33m401[39m }
[0mPOST /api/sync/1c41e245-dee2-4055-8066-a64f630ea9ed/envelopes [33m401[0m 0.369 ms - 79[0m
[ error ] API request failed { code: [32m'authentication_required'[39m, statusCode: [33m401[39m }
[0mPOST /api/sync/1c41e245-dee2-4055-8066-a64f630ea9ed/envelopes [33m401[0m 0.265 ms - 79[0m
[ error ] API request failed { code: [32m'authentication_required'[39m, statusCode: [33m401[39m }
[0mPOST /api/sync/1c41e245-dee2-4055-8066-a64f630ea9ed/envelopes [33m401[0m 0.260 ms - 79[0m
[ error ] API request failed { code: [32m'authentication_required'[39m, statusCode: [33m401[39m }
[0mPOST /api/sync/1c41e245-dee2-4055-8066-a64f630ea9ed/envelopes [33m401[0m 0.257 ms - 79[0m
[ error ] API request failed { code: [32m'authentication_required'[39m, statusCode: [33m401[39m }
[0mPOST /api/sync/1c41e245-dee2-4055-8066-a64f630ea9ed/envelopes [33m401[0m 0.260 ms - 79[0m
[ error ] API request failed { code: [32m'authentication_required'[39m, statusCode: [33m401[39m }
[0mPOST /api/sync/1c41e245-dee2-4055-8066-a64f630ea9ed/envelopes [33m401[0m 0.311 ms - 79[0m
[ error ] API request failed { code: [32m'authentication_required'[39m, statusCode: [33m401[39m }
[0mPOST /api/sync/1c41e245-dee2-4055-8066-a64f630ea9ed/envelopes [33m401[0m 0.618 ms - 79[0m
[ error ] API request failed { code: [32m'authentication_required'[39m, statusCode: [33m401[39m }
[0mPOST /api/sync/1c41e245-dee2-4055-8066-a64f630ea9ed/envelopes [33m401[0m 0.539 ms - 79[0m
[ error ] API request failed { code: [32m'authentication_required'[39m, statusCode: [33m401[39m }
[0mPOST /api/sync/1c41e245-dee2-4055-8066-a64f630ea9ed/envelopes [33m401[0m 0.391 ms - 79[0m
[ error ] API request failed { code: [32m'authentication_required'[39m, statusCode: [33m401[39m }
[0mPOST /api/sync/1c41e245-dee2-4055-8066-a64f630ea9ed/envelopes [33m401[0m 0.261 ms - 79[0m
[ error ] API request failed { code: [32m'authentication_required'[39m, statusCode: [33m401[39m }
[0mPOST /api/sync/1c41e245-dee2-4055-8066-a64f630ea9ed/envelopes [33m401[0m 0.470 ms - 79[0m
[ error ] API request failed { code: [32m'authentication_required'[39m, statusCode: [33m401[39m }
[0mPOST /api/sync/1c41e245-dee2-4055-8066-a64f630ea9ed/envelopes [33m401[0m 0.280 ms - 79[0m
[ error ] API request failed { code: [32m'authentication_required'[39m, statusCode: [33m401[39m }
[0mPOST /api/sync/1c41e245-dee2-4055-8066-a64f630ea9ed/envelopes [33m401[0m 0.388 ms - 79[0m
[ error ] API request failed { code: [32m'authentication_required'[39m, statusCode: [33m401[39m }
[0mPOST /api/sync/1c41e245-dee2-4055-8066-a64f630ea9ed/envelopes [33m401[0m 0.265 ms - 79[0m
[ error ] API request failed { code: [32m'authentication_required'[39m, statusCode: [33m401[39m }
[0mPOST /api/sync/1c41e245-dee2-4055-8066-a64f630ea9ed/envelopes [33m401[0m 0.251 ms - 79[0m
[ error ] API request failed { code: [32m'authentication_required'[39m, statusCode: [33m401[39m }
[0mPOST /api/sync/1c41e245-dee2-4055-8066-a64f630ea9ed/envelopes [33m401[0m 0.379 ms - 79[0m
[ error ] API request failed { code: [32m'authentication_required'[39m, statusCode: [33m401[39m }
[0mPOST /api/sync/1c41e245-dee2-4055-8066-a64f630ea9ed/envelopes [33m401[0m 0.247 ms - 79[0m
[ error ] API request failed { code: [32m'authentication_required'[39m, statusCode: [33m401[39m }
[0mPOST /api/sync/1c41e245-dee2-4055-8066-a64f630ea9ed/envelopes [33m401[0m 0.367 ms - 79[0m
[ error ] API request failed { code: [32m'authentication_required'[39m, statusCode: [33m401[39m }
[0mPOST /api/sync/1c41e245-dee2-4055-8066-a64f630ea9ed/envelopes [33m401[0m 0.256 ms - 79[0m
[ error ] API request failed { code: [32m'authentication_required'[39m, statusCode: [33m401[39m }
[0mPOST /api/sync/1c41e245-dee2-4055-8066-a64f630ea9ed/envelopes [33m401[0m 0.223 ms - 79[0m
[ error ] API request failed { code: [32m'authentication_required'[39m, statusCode: [33m401[39m }
[0mPOST /api/sync/1c41e245-dee2-4055-8066-a64f630ea9ed/envelopes [33m401[0m 0.528 ms - 79[0m
[ error ] API request failed { code: [32m'authentication_required'[39m, statusCode: [33m401[39m }
[0mPOST /api/sync/1c41e245-dee2-4055-8066-a64f630ea9ed/envelopes [33m401[0m 0.530 ms - 79[0m
[ error ] API request failed { code: [32m'authentication_required'[39m, statusCode: [33m401[39m }
[0mPOST /api/sync/1c41e245-dee2-4055-8066-a64f630ea9ed/envelopes [33m401[0m 0.428 ms - 79[0m
[ error ] API request failed { code: [32m'authentication_required'[39m, statusCode: [33m401[39m }
[0mPOST /api/sync/1c41e245-dee2-4055-8066-a64f630ea9ed/envelopes [33m401[0m 0.279 ms - 79[0m
[ error ] API request failed { code: [32m'authentication_required'[39m, statusCode: [33m401[39m }
[0mPOST /api/sync/1c41e245-dee2-4055-8066-a64f630ea9ed/envelopes [33m401[0m 0.241 ms - 79[0m
[ error ] API request failed { code: [32m'authentication_required'[39m, statusCode: [33m401[39m }
[0mPOST /api/sync/1c41e245-dee2-4055-8066-a64f630ea9ed/envelopes [33m401[0m 0.293 ms - 79[0m
[ error ] API request failed { code: [32m'authentication_required'[39m, statusCode: [33m401[39m }
[0mPOST /api/sync/1c41e245-dee2-4055-8066-a64f630ea9ed/envelopes [33m401[0m 0.280 ms - 79[0m
[ error ] API request failed { code: [32m'authentication_required'[39m, statusCode: [33m401[39m }
[0mPOST /api/sync/1c41e245-dee2-4055-8066-a64f630ea9ed/envelopes [33m401[0m 0.254 ms - 79[0m
[ error ] API request failed { code: [32m'authentication_required'[39m, statusCode: [33m401[39m }
[0mPOST /api/sync/1c41e245-dee2-4055-8066-a64f630ea9ed/envelopes [33m401[0m 0.227 ms - 79[0m
[ error ] API request failed { code: [32m'authentication_required'[39m, statusCode: [33m401[39m }
[0mPOST /api/sync/1c41e245-dee2-4055-8066-a64f630ea9ed/envelopes [33m401[0m 0.182 ms - 79[0m
[ error ] API request failed { code: [32m'authentication_required'[39m, statusCode: [33m401[39m }
[0mPOST /api/sync/1c41e245-dee2-4055-8066-a64f630ea9ed/envelopes [33m401[0m 0.178 ms - 79[0m
[ error ] API request failed { code: [32m'authentication_required'[39m, statusCode: [33m401[39m }
[0mPOST /api/sync/1c41e245-dee2-4055-8066-a64f630ea9ed/envelopes [33m401[0m 0.215 ms - 79[0m
[ error ] API request failed { code: [32m'authentication_required'[39m, statusCode: [33m401[39m }
[0mPOST /api/sync/1c41e245-dee2-4055-8066-a64f630ea9ed/envelopes [33m401[0m 0.427 ms - 79[0m
[ error ] API request failed { code: [32m'authentication_required'[39m, statusCode: [33m401[39m }
[0mPOST /api/sync/1c41e245-dee2-4055-8066-a64f630ea9ed/envelopes [33m401[0m 0.218 ms - 79[0m
[ error ] API request failed { code: [32m'authentication_required'[39m, statusCode: [33m401[39m }
[0mPOST /api/sync/1c41e245-dee2-4055-8066-a64f630ea9ed/envelopes [33m401[0m 0.271 ms - 79[0m
[ error ] API request failed { code: [32m'authentication_required'[39m, statusCode: [33m401[39m }
[0mPOST /api/sync/1c41e245-dee2-4055-8066-a64f630ea9ed/envelopes [33m401[0m 0.284 ms - 79[0m
[ error ] API request failed { code: [32m'authentication_required'[39m, statusCode: [33m401[39m }
[0mPOST /api/sync/1c41e245-dee2-4055-8066-a64f630ea9ed/envelopes [33m401[0m 0.195 ms - 79[0m
[ error ] API request failed { code: [32m'authentication_required'[39m, statusCode: [33m401[39m }
[0mPOST /api/sync/1c41e245-dee2-4055-8066-a64f630ea9ed/envelopes [33m401[0m 0.205 ms - 79[0m
[ error ] API request failed { code: [32m'authentication_required'[39m, statusCode: [33m401[39m }
[0mPOST /api/sync/1c41e245-dee2-4055-8066-a64f630ea9ed/envelopes [33m401[0m 0.237 ms - 79[0m
[ error ] API request failed { code: [32m'authentication_required'[39m, statusCode: [33m401[39m }
[0mPOST /api/sync/1c41e245-dee2-4055-8066-a64f630ea9ed/envelopes [33m401[0m 0.264 ms - 79[0m
[ error ] API request failed { code: [32m'authentication_required'[39m, statusCode: [33m401[39m }
[0mPOST /api/sync/1c41e245-dee2-4055-8066-a64f630ea9ed/envelopes [33m401[0m 0.184 ms - 79[0m
[ error ] API request failed { code: [32m'authentication_required'[39m, statusCode: [33m401[39m }
[0mPOST /api/sync/1c41e245-dee2-4055-8066-a64f630ea9ed/envelopes [33m401[0m 0.259 ms - 79[0m
[ error ] API request failed { code: [32m'authentication_required'[39m, statusCode: [33m401[39m }
[0mPOST /api/sync/1c41e245-dee2-4055-8066-a64f630ea9ed/envelopes [33m401[0m 0.187 ms - 79[0m
[ error ] API request failed { code: [32m'authentication_required'[39m, statusCode: [33m401[39m }
[0mPOST /api/sync/1c41e245-dee2-4055-8066-a64f630ea9ed/envelopes [33m401[0m 0.240 ms - 79[0m
[ error ] API request failed { code: [32m'authentication_required'[39m, statusCode: [33m401[39m }
[0mPOST /api/sync/1c41e245-dee2-4055-8066-a64f630ea9ed/envelopes [33m401[0m 0.268 ms - 79[0m
[ error ] API request failed { code: [32m'authentication_required'[39m, statusCode: [33m401[39m }
[0mPOST /api/sync/1c41e245-dee2-4055-8066-a64f630ea9ed/envelopes [33m401[0m 0.371 ms - 79[0m
[ error ] API request failed { code: [32m'authentication_required'[39m, statusCode: [33m401[39m }
[0mPOST /api/sync/1c41e245-dee2-4055-8066-a64f630ea9ed/envelopes [33m401[0m 0.191 ms - 79[0m
[ error ] API request failed { code: [32m'authentication_required'[39m, statusCode: [33m401[39m }
[0mPOST /api/sync/1c41e245-dee2-4055-8066-a64f630ea9ed/envelopes [33m401[0m 0.393 ms - 79[0m
[ error ] API request failed { code: [32m'authentication_required'[39m, statusCode: [33m401[39m }
[0mPOST /api/sync/1c41e245-dee2-4055-8066-a64f630ea9ed/envelopes [33m401[0m 0.249 ms - 79[0m
[ error ] API request failed { code: [32m'authentication_required'[39m, statusCode: [33m401[39m }
[0mPOST /api/sync/1c41e245-dee2-4055-8066-a64f630ea9ed/envelopes [33m401[0m 0.291 ms - 79[0m
[ error ] API request failed { code: [32m'authentication_required'[39m, statusCode: [33m401[39m }
[0mPOST /api/sync/1c41e245-dee2-4055-8066-a64f630ea9ed/envelopes [33m401[0m 0.211 ms - 79[0m
[ error ] API request failed { code: [32m'authentication_required'[39m, statusCode: [33m401[39m }
[0mPOST /api/sync/1c41e245-dee2-4055-8066-a64f630ea9ed/envelopes [33m401[0m 0.260 ms - 79[0m
[ error ] API request failed { code: [32m'authentication_required'[39m, statusCode: [33m401[39m }
[0mPOST /api/sync/1c41e245-dee2-4055-8066-a64f630ea9ed/envelopes [33m401[0m 0.241 ms - 79[0m
[ error ] API request failed { code: [32m'authentication_required'[39m, statusCode: [33m401[39m }
[0mPOST /api/sync/1c41e245-dee2-4055-8066-a64f630ea9ed/envelopes [33m401[0m 0.255 ms - 79[0m
[ error ] API request failed { code: [32m'authentication_required'[39m, statusCode: [33m401[39m }
[0mPOST /api/sync/1c41e245-dee2-4055-8066-a64f630ea9ed/envelopes [33m401[0m 0.398 ms - 79[0m
[ error ] API request failed { code: [32m'authentication_required'[39m, statusCode: [33m401[39m }
[0mPOST /api/sync/1c41e245-dee2-4055-8066-a64f630ea9ed/envelopes [33m401[0m 0.281 ms - 79[0m
[ error ] API request failed { code: [32m'authentication_required'[39m, statusCode: [33m401[39m }
[0mPOST /api/sync/1c41e245-dee2-4055-8066-a64f630ea9ed/envelopes [33m401[0m 0.286 ms - 79[0m
[ error ] API request failed { code: [32m'authentication_required'[39m, statusCode: [33m401[39m }
[0mPOST /api/sync/1c41e245-dee2-4055-8066-a64f630ea9ed/envelopes [33m401[0m 0.261 ms - 79[0m
[ error ] API request failed { code: [32m'authentication_required'[39m, statusCode: [33m401[39m }
[0mPOST /api/sync/1c41e245-dee2-4055-8066-a64f630ea9ed/envelopes [33m401[0m 0.307 ms - 79[0m
[ error ] API request failed { code: [32m'authentication_required'[39m, statusCode: [33m401[39m }
[0mPOST /api/sync/1c41e245-dee2-4055-8066-a64f630ea9ed/envelopes [33m401[0m 0.340 ms - 79[0m
[ error ] API request failed { code: [32m'authentication_required'[39m, statusCode: [33m401[39m }
[0mPOST /api/sync/1c41e245-dee2-4055-8066-a64f630ea9ed/envelopes [33m401[0m 0.295 ms - 79[0m
[ error ] API request failed { code: [32m'authentication_required'[39m, statusCode: [33m401[39m }
[0mPOST /api/sync/1c41e245-dee2-4055-8066-a64f630ea9ed/envelopes [33m401[0m 0.612 ms - 79[0m
[ error ] API request failed { code: [32m'authentication_required'[39m, statusCode: [33m401[39m }
[0mPOST /api/sync/1c41e245-dee2-4055-8066-a64f630ea9ed/envelopes [33m401[0m 0.285 ms - 79[0m
[ error ] API request failed { code: [32m'authentication_required'[39m, statusCode: [33m401[39m }
[0mPOST /api/sync/1c41e245-dee2-4055-8066-a64f630ea9ed/envelopes [33m401[0m 0.278 ms - 79[0m
[ error ] API request failed { code: [32m'authentication_required'[39m, statusCode: [33m401[39m }
[0mPOST /api/sync/1c41e245-dee2-4055-8066-a64f630ea9ed/envelopes [33m401[0m 0.452 ms - 79[0m
[ error ] API request failed { code: [32m'authentication_required'[39m, statusCode: [33m401[39m }
[0mPOST /api/sync/1c41e245-dee2-4055-8066-a64f630ea9ed/envelopes [33m401[0m 0.306 ms - 79[0m
[ error ] API request failed { code: [32m'authentication_required'[39m, statusCode: [33m401[39m }
[0mPOST /api/sync/1c41e245-dee2-4055-8066-a64f630ea9ed/envelopes [33m401[0m 0.602 ms - 79[0m
[ error ] API request failed { code: [32m'authentication_required'[39m, statusCode: [33m401[39m }
[0mPOST /api/sync/1c41e245-dee2-4055-8066-a64f630ea9ed/envelopes [33m401[0m 0.299 ms - 79[0m
[ error ] API request failed { code: [32m'authentication_required'[39m, statusCode: [33m401[39m }
[0mPOST /api/sync/1c41e245-dee2-4055-8066-a64f630ea9ed/envelopes [33m401[0m 0.285 ms - 79[0m
[ error ] API request failed { code: [32m'authentication_required'[39m, statusCode: [33m401[39m }
[0mPOST /api/sync/1c41e245-dee2-4055-8066-a64f630ea9ed/envelopes [33m401[0m 0.511 ms - 79[0m
[ error ] API request failed { code: [32m'invalid_request'[39m, statusCode: [33m400[39m }
[ error ] API request failed { code: [32m'invalid_request'[39m, statusCode: [33m400[39m }
[ error ] API request failed { code: [32m'invalid_request'[39m, statusCode: [33m400[39m }
[ error ] API request failed { code: [32m'invalid_request'[39m, statusCode: [33m400[39m }
[ error ] API request failed { code: [32m'authentication_required'[39m, statusCode: [33m401[39m }
[0mPOST /api/sync/1c41e245-dee2-4055-8066-a64f630ea9ed/envelopes [33m401[0m 0.267 ms - 79[0m
[ error ] API request failed { code: [32m'authentication_required'[39m, statusCode: [33m401[39m }
[0mPOST /api/sync/1c41e245-dee2-4055-8066-a64f630ea9ed/envelopes [33m401[0m 0.294 ms - 79[0m
[ error ] API request failed { code: [32m'authentication_required'[39m, statusCode: [33m401[39m }
[0mPOST /api/sync/1c41e245-dee2-4055-8066-a64f630ea9ed/envelopes [33m401[0m 0.316 ms - 79[0m
[ error ] API request failed { code: [32m'authentication_required'[39m, statusCode: [33m401[39m }
[0mPOST /api/sync/1c41e245-dee2-4055-8066-a64f630ea9ed/envelopes [33m401[0m 0.253 ms - 79[0m
[ error ] API request failed { code: [32m'authentication_required'[39m, statusCode: [33m401[39m }
[0mPOST /api/sync/1c41e245-dee2-4055-8066-a64f630ea9ed/envelopes [33m401[0m 0.377 ms - 79[0m
[ error ] API request failed { code: [32m'authentication_required'[39m, statusCode: [33m401[39m }
[0mPOST /api/sync/1c41e245-dee2-4055-8066-a64f630ea9ed/envelopes [33m401[0m 0.383 ms - 79[0m
[ error ] API request failed { code: [32m'authentication_required'[39m, statusCode: [33m401[39m }
[0mPOST /api/sync/1c41e245-dee2-4055-8066-a64f630ea9ed/envelopes [33m401[0m 0.358 ms - 79[0m
[ error ] API request failed { code: [32m'authentication_required'[39m, statusCode: [33m401[39m }
[0mPOST /api/sync/1c41e245-dee2-4055-8066-a64f630ea9ed/envelopes [33m401[0m 0.249 ms - 79[0m
[ error ] API request failed { code: [32m'authentication_required'[39m, statusCode: [33m401[39m }
[0mPOST /api/sync/1c41e245-dee2-4055-8066-a64f630ea9ed/envelopes [33m401[0m 0.232 ms - 79[0m
[ error ] API request failed { code: [32m'authentication_required'[39m, statusCode: [33m401[39m }
[0mPOST /api/sync/1c41e245-dee2-4055-8066-a64f630ea9ed/envelopes [33m401[0m 0.229 ms - 79[0m
[ error ] API request failed { code: [32m'authentication_required'[39m, statusCode: [33m401[39m }
[0mPOST /api/sync/1c41e245-dee2-4055-8066-a64f630ea9ed/envelopes [33m401[0m 0.262 ms - 79[0m
[ error ] API request failed { code: [32m'authentication_required'[39m, statusCode: [33m401[39m }
[0mPOST /api/sync/1c41e245-dee2-4055-8066-a64f630ea9ed/envelopes [33m401[0m 0.219 ms - 79[0m
[ error ] API request failed { code: [32m'authentication_required'[39m, statusCode: [33m401[39m }
[0mPOST /api/sync/1c41e245-dee2-4055-8066-a64f630ea9ed/envelopes [33m401[0m 0.194 ms - 79[0m
[ error ] API request failed { code: [32m'authentication_required'[39m, statusCode: [33m401[39m }
[0mPOST /api/sync/1c41e245-dee2-4055-8066-a64f630ea9ed/envelopes [33m401[0m 0.279 ms - 79[0m
[ error ] API request failed { code: [32m'authentication_required'[39m, statusCode: [33m401[39m }
[0mPOST /api/sync/1c41e245-dee2-4055-8066-a64f630ea9ed/envelopes [33m401[0m 0.216 ms - 79[0m
[ error ] API request failed { code: [32m'authentication_required'[39m, statusCode: [33m401[39m }
[0mPOST /api/sync/1c41e245-dee2-4055-8066-a64f630ea9ed/envelopes [33m401[0m 0.251 ms - 79[0m
[ error ] API request failed { code: [32m'authentication_required'[39m, statusCode: [33m401[39m }
[0mPOST /api/sync/1c41e245-dee2-4055-8066-a64f630ea9ed/envelopes [33m401[0m 0.352 ms - 79[0m
[ error ] API request failed { code: [32m'authentication_required'[39m, statusCode: [33m401[39m }
[0mPOST /api/sync/1c41e245-dee2-4055-8066-a64f630ea9ed/envelopes [33m401[0m 0.276 ms - 79[0m
[ error ] API request failed { code: [32m'authentication_required'[39m, statusCode: [33m401[39m }
[0mPOST /api/sync/1c41e245-dee2-4055-8066-a64f630ea9ed/envelopes [33m401[0m 0.218 ms - 79[0m
[ error ] API request failed { code: [32m'authentication_required'[39m, statusCode: [33m401[39m }
[0mPOST /api/sync/1c41e245-dee2-4055-8066-a64f630ea9ed/envelopes [33m401[0m 0.452 ms - 79[0m
[ error ] API request failed { code: [32m'authentication_required'[39m, statusCode: [33m401[39m }
[0mPOST /api/sync/1c41e245-dee2-4055-8066-a64f630ea9ed/envelopes [33m401[0m 0.282 ms - 79[0m
[ error ] API request failed { code: [32m'authentication_required'[39m, statusCode: [33m401[39m }
[0mPOST /api/sync/1c41e245-dee2-4055-8066-a64f630ea9ed/envelopes [33m401[0m 0.376 ms - 79[0m
[ error ] API request failed { code: [32m'authentication_required'[39m, statusCode: [33m401[39m }
[0mPOST /api/sync/1c41e245-dee2-4055-8066-a64f630ea9ed/envelopes [33m401[0m 0.367 ms - 79[0m
[ error ] API request failed { code: [32m'authentication_required'[39m, statusCode: [33m401[39m }
[0mPOST /api/sync/1c41e245-dee2-4055-8066-a64f630ea9ed/envelopes [33m401[0m 0.402 ms - 79[0m
[ error ] API request failed { code: [32m'authentication_required'[39m, statusCode: [33m401[39m }
[0mPOST /api/sync/1c41e245-dee2-4055-8066-a64f630ea9ed/envelopes [33m401[0m 0.585 ms - 79[0m
[ error ] API request failed { code: [32m'authentication_required'[39m, statusCode: [33m401[39m }
[0mPOST /api/sync/1c41e245-dee2-4055-8066-a64f630ea9ed/envelopes [33m401[0m 0.463 ms - 79[0m
[ error ] API request failed { code: [32m'authentication_required'[39m, statusCode: [33m401[39m }
[0mPOST /api/sync/1c41e245-dee2-4055-8066-a64f630ea9ed/envelopes [33m401[0m 0.535 ms - 79[0m
[ error ] API request failed { code: [32m'authentication_required'[39m, statusCode: [33m401[39m }
[0mPOST /api/sync/1c41e245-dee2-4055-8066-a64f630ea9ed/envelopes [33m401[0m 0.385 ms - 79[0m
[ error ] API request failed { code: [32m'authentication_required'[39m, statusCode: [33m401[39m }
[0mPOST /api/sync/1c41e245-dee2-4055-8066-a64f630ea9ed/envelopes [33m401[0m 0.493 ms - 79[0m
[ error ] API request failed { code: [32m'authentication_required'[39m, statusCode: [33m401[39m }
[0mPOST /api/sync/1c41e245-dee2-4055-8066-a64f630ea9ed/envelopes [33m401[0m 0.361 ms - 79[0m
[ error ] API request failed { code: [32m'authentication_required'[39m, statusCode: [33m401[39m }
[0mPOST /api/sync/1c41e245-dee2-4055-8066-a64f630ea9ed/envelopes [33m401[0m 0.498 ms - 79[0m
[ error ] API request failed { code: [32m'authentication_required'[39m, statusCode: [33m401[39m }
[0mGET /api/sync/000000000000000000000000000000000000000000000000000000000000000000000000000000000000000000000000000000000000000000000000000000000000000000000000000000000000000000000000000000000000000000000000000000000/devices [33m401[0m 0.322 ms - 79[0m
[ error ] API request failed { code: [32m'authentication_required'[39m, statusCode: [33m401[39m }
[0mGET /api/sync/0000000000000000000000000000000000000000000000000000000000000000000000000000000000000000000000000000000000000000000000000000000000000000000000000000000000000000000000000000000000000000000000000000000/devices [33m401[0m 0.318 ms - 79[0m
[ error ] API request failed { code: [32m'authentication_required'[39m, statusCode: [33m401[39m }
[0mGET /api/sync/00000000000000000000000000000000000000000000000000000000000000000000000000000000000000000000000000000000000000000000000000000000000000000000000000000000000000000000000000000000000000000000000000000000/devices [33m401[0m 0.308 ms - 79[0m
[ error ] API request failed { code: [32m'authentication_required'[39m, statusCode: [33m401[39m }
[0mGET /api/sync/00/devices [33m401[0m 0.206 ms - 79[0m
[ error ] API request failed { code: [32m'authentication_required'[39m, statusCode: [33m401[39m }
[0mGET /api/sync/0/devices [33m401[0m 0.282 ms - 79[0m
[ error ] API request failed { code: [32m'authentication_required'[39m, statusCode: [33m401[39m }
[0mGET /api/sync/1c41e245-dee2-4055-8066-a64f630ea9ed/devices [33m401[0m 0.529 ms - 79[0m
[0mTRACE /api/sync/1c41e245-dee2-4055-8066-a64f630ea9ed/devices/audit [33m405[0m 0.117 ms - 78[0m
[0mQUERY /api/sync/1c41e245-dee2-4055-8066-a64f630ea9ed/devices/audit [33m405[0m 0.116 ms - 78[0m
[0mPUT /api/sync/1c41e245-dee2-4055-8066-a64f630ea9ed/devices/audit [33m405[0m 0.114 ms - 78[0m
[0mPOST /api/sync/1c41e245-dee2-4055-8066-a64f630ea9ed/devices/audit [33m405[0m 0.096 ms - 78[0m
[0mPATCH /api/sync/1c41e245-dee2-4055-8066-a64f630ea9ed/devices/audit [33m405[0m 0.125 ms - 78[0m
[0mOPTIONS /api/sync/1c41e245-dee2-4055-8066-a64f630ea9ed/devices/audit [33m405[0m 0.157 ms - 78[0m
[0mDELETE /api/sync/1c41e245-dee2-4055-8066-a64f630ea9ed/devices/audit [33m405[0m 0.144 ms - 78[0m
[ error ] API request failed { code: [32m'authentication_required'[39m, statusCode: [33m401[39m }
[0mGET /api/sync/000000000000000000000000000000000000000000000000000000000000000000000000000000000000000000000000000000000000000000000000000000000000000000000000000000000000000000000000000000000000000000000000000000000/devices/audit [33m401[0m 0.543 ms - 79[0m
[ error ] API request failed { code: [32m'authentication_required'[39m, statusCode: [33m401[39m }
[0mGET /api/sync/0000000000000000000000000000000000000000000000000000000000000000000000000000000000000000000000000000000000000000000000000000000000000000000000000000000000000000000000000000000000000000000000000000000/devices/audit [33m401[0m 0.275 ms - 79[0m
[ error ] API request failed { code: [32m'authentication_required'[39m, statusCode: [33m401[39m }
[0mGET /api/sync/00000000000000000000000000000000000000000000000000000000000000000000000000000000000000000000000000000000000000000000000000000000000000000000000000000000000000000000000000000000000000000000000000000000/devices/audit [33m401[0m 0.435 ms - 79[0m
[ error ] API request failed { code: [32m'authentication_required'[39m, statusCode: [33m401[39m }
[0mGET /api/sync/00/devices/audit [33m401[0m 0.246 ms - 79[0m
[ error ] API request failed { code: [32m'authentication_required'[39m, statusCode: [33m401[39m }
[0mGET /api/sync/0/devices/audit [33m401[0m 0.366 ms - 79[0m
[ error ] API request failed { code: [32m'authentication_required'[39m, statusCode: [33m401[39m }
[0mGET /api/sync/1c41e245-dee2-4055-8066-a64f630ea9ed/devices/audit [33m401[0m 0.280 ms - 79[0m
[ error ] API request failed { code: [32m'authentication_required'[39m, statusCode: [33m401[39m }
[0mGET /api/sync/1c41e245-dee2-4055-8066-a64f630ea9ed/envelopes?deviceId=0&enrollmentVersion=1&limit=100&x-schemathesis-unknown-property=42 [33m401[0m 0.307 ms - 79[0m
[ error ] API request failed { code: [32m'authentication_required'[39m, statusCode: [33m401[39m }
[0mGET /api/sync/1c41e245-dee2-4055-8066-a64f630ea9ed/envelopes?deviceId=0&enrollmentVersion=9007199254740992&limit=100 [33m401[0m 0.304 ms - 79[0m
[ error ] API request failed { code: [32m'authentication_required'[39m, statusCode: [33m401[39m }
[0mGET /api/sync/1c41e245-dee2-4055-8066-a64f630ea9ed/envelopes?deviceId=0&enrollmentVersion=0&limit=100 [33m401[0m 0.295 ms - 79[0m
[ error ] API request failed { code: [32m'authentication_required'[39m, statusCode: [33m401[39m }
[0mGET /api/sync/1c41e245-dee2-4055-8066-a64f630ea9ed/envelopes?deviceId=0&enrollmentVersion=null&enrollmentVersion=null&limit=100 [33m401[0m 0.389 ms - 79[0m
[ error ] API request failed { code: [32m'authentication_required'[39m, statusCode: [33m401[39m }
[0mGET /api/sync/1c41e245-dee2-4055-8066-a64f630ea9ed/envelopes?deviceId=0&enrollmentVersion=AAA&limit=100 [33m401[0m 0.398 ms - 79[0m
[ error ] API request failed { code: [32m'authentication_required'[39m, statusCode: [33m401[39m }
[0mGET /api/sync/1c41e245-dee2-4055-8066-a64f630ea9ed/envelopes?deviceId=0&enrollmentVersion=null&limit=100 [33m401[0m 0.321 ms - 79[0m
[ error ] API request failed { code: [32m'authentication_required'[39m, statusCode: [33m401[39m }
[0mGET /api/sync/1c41e245-dee2-4055-8066-a64f630ea9ed/envelopes?deviceId=0&enrollmentVersion=false&limit=100 [33m401[0m 0.309 ms - 79[0m
[ error ] API request failed { code: [32m'authentication_required'[39m, statusCode: [33m401[39m }
[0mGET /api/sync/1c41e245-dee2-4055-8066-a64f630ea9ed/envelopes?deviceId=0&enrollmentVersion=2.5890419884777833e-42&limit=100 [33m401[0m 0.215 ms - 79[0m
[ error ] API request failed { code: [32m'authentication_required'[39m, statusCode: [33m401[39m }
[0mGET /api/sync/1c41e245-dee2-4055-8066-a64f630ea9ed/envelopes?deviceId=&enrollmentVersion=1&limit=100 [33m401[0m 0.246 ms - 79[0m
[ error ] API request failed { code: [32m'authentication_required'[39m, statusCode: [33m401[39m }
[0mGET /api/sync/1c41e245-dee2-4055-8066-a64f630ea9ed/envelopes?deviceId=0&enrollmentVersion=1&limit=101 [33m401[0m 0.447 ms - 79[0m
[ error ] API request failed { code: [32m'authentication_required'[39m, statusCode: [33m401[39m }
[0mGET /api/sync/1c41e245-dee2-4055-8066-a64f630ea9ed/envelopes?deviceId=0&enrollmentVersion=1&limit=0 [33m401[0m 0.361 ms - 79[0m
[ error ] API request failed { code: [32m'authentication_required'[39m, statusCode: [33m401[39m }
[0mGET /api/sync/1c41e245-dee2-4055-8066-a64f630ea9ed/envelopes?deviceId=0&enrollmentVersion=1&limit=null&limit=null [33m401[0m 0.303 ms - 79[0m
[ error ] API request failed { code: [32m'authentication_required'[39m, statusCode: [33m401[39m }
[0mGET /api/sync/1c41e245-dee2-4055-8066-a64f630ea9ed/envelopes?deviceId=0&enrollmentVersion=1&limit=AAA [33m401[0m 0.307 ms - 79[0m
[ error ] API request failed { code: [32m'authentication_required'[39m, statusCode: [33m401[39m }
[0mGET /api/sync/1c41e245-dee2-4055-8066-a64f630ea9ed/envelopes?deviceId=0&enrollmentVersion=1&limit=null [33m401[0m 0.210 ms - 79[0m
[ error ] API request failed { code: [32m'authentication_required'[39m, statusCode: [33m401[39m }
[0mGET /api/sync/1c41e245-dee2-4055-8066-a64f630ea9ed/envelopes?deviceId=0&enrollmentVersion=1&limit=false [33m401[0m 0.216 ms - 79[0m
[ error ] API request failed { code: [32m'authentication_required'[39m, statusCode: [33m401[39m }
[0mGET /api/sync/1c41e245-dee2-4055-8066-a64f630ea9ed/envelopes?deviceId=0&enrollmentVersion=1&limit=2.5890419884777833e-42 [33m401[0m 0.217 ms - 79[0m
[ error ] API request failed { code: [32m'authentication_required'[39m, statusCode: [33m401[39m }
[0mGET /api/sync/1c41e245-dee2-4055-8066-a64f630ea9ed/envelopes?limit=100&deviceId=device-jGxUx8A3gtVAXBc8&enrollmentVersion=2 [33m401[0m 0.338 ms - 79[0m
[ error ] API request failed { code: [32m'authentication_required'[39m, statusCode: [33m401[39m }
[0mGET /api/sync/1c41e245-dee2-4055-8066-a64f630ea9ed/envelopes?afterCursor=0&deviceId=0&enrollmentVersion=1&x-schemathesis-unknown-property=42 [33m401[0m 0.402 ms - 79[0m
[ error ] API request failed { code: [32m'authentication_required'[39m, statusCode: [33m401[39m }
[0mGET /api/sync/1c41e245-dee2-4055-8066-a64f630ea9ed/envelopes?afterCursor=0&deviceId=0&enrollmentVersion=9007199254740992 [33m401[0m 0.384 ms - 79[0m
[ error ] API request failed { code: [32m'authentication_required'[39m, statusCode: [33m401[39m }
[0mGET /api/sync/1c41e245-dee2-4055-8066-a64f630ea9ed/envelopes?afterCursor=0&deviceId=0&enrollmentVersion=0 [33m401[0m 0.397 ms - 79[0m
[ error ] API request failed { code: [32m'authentication_required'[39m, statusCode: [33m401[39m }
[0mGET /api/sync/1c41e245-dee2-4055-8066-a64f630ea9ed/envelopes?afterCursor=0&deviceId=0&enrollmentVersion=null&enrollmentVersion=null [33m401[0m 0.302 ms - 79[0m
[ error ] API request failed { code: [32m'authentication_required'[39m, statusCode: [33m401[39m }
[0mGET /api/sync/1c41e245-dee2-4055-8066-a64f630ea9ed/envelopes?afterCursor=0&deviceId=0&enrollmentVersion=AAA [33m401[0m 0.351 ms - 79[0m
[ error ] API request failed { code: [32m'authentication_required'[39m, statusCode: [33m401[39m }
[0mGET /api/sync/1c41e245-dee2-4055-8066-a64f630ea9ed/envelopes?afterCursor=0&deviceId=0&enrollmentVersion=null [33m401[0m 0.322 ms - 79[0m
[ error ] API request failed { code: [32m'authentication_required'[39m, statusCode: [33m401[39m }
[0mGET /api/sync/1c41e245-dee2-4055-8066-a64f630ea9ed/envelopes?afterCursor=0&deviceId=0&enrollmentVersion=false [33m401[0m 0.317 ms - 79[0m
[ error ] API request failed { code: [32m'authentication_required'[39m, statusCode: [33m401[39m }
[0mGET /api/sync/1c41e245-dee2-4055-8066-a64f630ea9ed/envelopes?afterCursor=0&deviceId=0&enrollmentVersion=2.5890419884777833e-42 [33m401[0m 0.207 ms - 79[0m
[ error ] API request failed { code: [32m'authentication_required'[39m, statusCode: [33m401[39m }
[0mGET /api/sync/1c41e245-dee2-4055-8066-a64f630ea9ed/envelopes?afterCursor=0&deviceId=&enrollmentVersion=1 [33m401[0m 0.285 ms - 79[0m
[ error ] API request failed { code: [32m'authentication_required'[39m, statusCode: [33m401[39m }
[0mGET /api/sync/1c41e245-dee2-4055-8066-a64f630ea9ed/envelopes?afterCursor=9007199254740992&deviceId=0&enrollmentVersion=1 [33m401[0m 0.288 ms - 79[0m
[ error ] API request failed { code: [32m'authentication_required'[39m, statusCode: [33m401[39m }
[0mGET /api/sync/1c41e245-dee2-4055-8066-a64f630ea9ed/envelopes?afterCursor=-1&deviceId=0&enrollmentVersion=1 [33m401[0m 0.240 ms - 79[0m
[ error ] API request failed { code: [32m'authentication_required'[39m, statusCode: [33m401[39m }
[0mGET /api/sync/1c41e245-dee2-4055-8066-a64f630ea9ed/envelopes?afterCursor=null&afterCursor=null&deviceId=0&enrollmentVersion=1 [33m401[0m 0.298 ms - 79[0m
[ error ] API request failed { code: [32m'authentication_required'[39m, statusCode: [33m401[39m }
[0mGET /api/sync/1c41e245-dee2-4055-8066-a64f630ea9ed/envelopes?afterCursor=AAA&deviceId=0&enrollmentVersion=1 [33m401[0m 0.273 ms - 79[0m
[ error ] API request failed { code: [32m'authentication_required'[39m, statusCode: [33m401[39m }
[0mGET /api/sync/1c41e245-dee2-4055-8066-a64f630ea9ed/envelopes?afterCursor=null&deviceId=0&enrollmentVersion=1 [33m401[0m 0.205 ms - 79[0m
[ error ] API request failed { code: [32m'authentication_required'[39m, statusCode: [33m401[39m }
[0mGET /api/sync/1c41e245-dee2-4055-8066-a64f630ea9ed/envelopes?afterCursor=false&deviceId=0&enrollmentVersion=1 [33m401[0m 0.273 ms - 79[0m
[ error ] API request failed { code: [32m'authentication_required'[39m, statusCode: [33m401[39m }
[0mGET /api/sync/1c41e245-dee2-4055-8066-a64f630ea9ed/envelopes?afterCursor=2.5890419884777833e-42&deviceId=0&enrollmentVersion=1 [33m401[0m 0.289 ms - 79[0m
[ error ] API request failed { code: [32m'authentication_required'[39m, statusCode: [33m401[39m }
[0mGET /api/sync/1c41e245-dee2-4055-8066-a64f630ea9ed/envelopes?afterCursor=0&deviceId=device-jGxUx8A3gtVAXBc8&enrollmentVersion=2 [33m401[0m 0.281 ms - 79[0m
[ error ] API request failed { code: [32m'authentication_required'[39m, statusCode: [33m401[39m }
[0mGET /api/sync/1c41e245-dee2-4055-8066-a64f630ea9ed/envelopes?deviceId=0&enrollmentVersion=1&x-schemathesis-unknown-property=42 [33m401[0m 0.240 ms - 79[0m
[ error ] API request failed { code: [32m'authentication_required'[39m, statusCode: [33m401[39m }
[0mGET /api/sync/1c41e245-dee2-4055-8066-a64f630ea9ed/envelopes?deviceId=0&enrollmentVersion=9007199254740992 [33m401[0m 0.288 ms - 79[0m
[ error ] API request failed { code: [32m'authentication_required'[39m, statusCode: [33m401[39m }
[0mGET /api/sync/1c41e245-dee2-4055-8066-a64f630ea9ed/envelopes?deviceId=0&enrollmentVersion=0 [33m401[0m 0.286 ms - 79[0m
[ error ] API request failed { code: [32m'authentication_required'[39m, statusCode: [33m401[39m }
[0mGET /api/sync/1c41e245-dee2-4055-8066-a64f630ea9ed/envelopes?deviceId=0&enrollmentVersion=null&enrollmentVersion=null [33m401[0m 0.299 ms - 79[0m
[ error ] API request failed { code: [32m'authentication_required'[39m, statusCode: [33m401[39m }
[0mGET /api/sync/1c41e245-dee2-4055-8066-a64f630ea9ed/envelopes?deviceId=0&enrollmentVersion=AAA [33m401[0m 0.218 ms - 79[0m
[ error ] API request failed { code: [32m'authentication_required'[39m, statusCode: [33m401[39m }
[0mGET /api/sync/1c41e245-dee2-4055-8066-a64f630ea9ed/envelopes?deviceId=0&enrollmentVersion=null [33m401[0m 0.422 ms - 79[0m
[ error ] API request failed { code: [32m'authentication_required'[39m, statusCode: [33m401[39m }
[0mGET /api/sync/1c41e245-dee2-4055-8066-a64f630ea9ed/envelopes?deviceId=0&enrollmentVersion=false [33m401[0m 0.352 ms - 79[0m
[ error ] API request failed { code: [32m'authentication_required'[39m, statusCode: [33m401[39m }
[0mGET /api/sync/1c41e245-dee2-4055-8066-a64f630ea9ed/envelopes?deviceId=0&enrollmentVersion=2.5890419884777833e-42 [33m401[0m 0.367 ms - 79[0m
[ error ] API request failed { code: [32m'authentication_required'[39m, statusCode: [33m401[39m }
[0mGET /api/sync/1c41e245-dee2-4055-8066-a64f630ea9ed/envelopes?deviceId=&enrollmentVersion=1 [33m401[0m 0.371 ms - 79[0m
[ error ] API request failed { code: [32m'authentication_required'[39m, statusCode: [33m401[39m }
[0mGET /api/sync/1c41e245-dee2-4055-8066-a64f630ea9ed/envelopes?deviceId=device-jGxUx8A3gtVAXBc8&enrollmentVersion=2 [33m401[0m 0.386 ms - 79[0m
[ error ] API request failed { code: [32m'authentication_required'[39m, statusCode: [33m401[39m }
[0mGET /api/sync/1c41e245-dee2-4055-8066-a64f630ea9ed/envelopes?afterCursor=0&limit=100&deviceId=device-jGxUx8A3gtVAXBc8 [33m401[0m 0.334 ms - 79[0m
[ error ] API request failed { code: [32m'authentication_required'[39m, statusCode: [33m401[39m }
[0mGET /api/sync/1c41e245-dee2-4055-8066-a64f630ea9ed/envelopes?afterCursor=0&limit=100&enrollmentVersion=2 [33m401[0m 0.399 ms - 79[0m
[ error ] API request failed { code: [32m'authentication_required'[39m, statusCode: [33m401[39m }
[0mGET /api/sync/1c41e245-dee2-4055-8066-a64f630ea9ed/envelopes?afterCursor=0&limit=100&deviceId=device-jGxUx8A3gtVAXBc8&enrollmentVersion=9007199254740992 [33m401[0m 0.349 ms - 79[0m
[ error ] API request failed { code: [32m'authentication_required'[39m, statusCode: [33m401[39m }
[0mGET /api/sync/1c41e245-dee2-4055-8066-a64f630ea9ed/envelopes?afterCursor=0&limit=100&deviceId=device-jGxUx8A3gtVAXBc8&enrollmentVersion=0 [33m401[0m 0.339 ms - 79[0m
[ error ] API request failed { code: [32m'authentication_required'[39m, statusCode: [33m401[39m }
[0mGET /api/sync/1c41e245-dee2-4055-8066-a64f630ea9ed/envelopes?afterCursor=0&limit=100&deviceId=device-jGxUx8A3gtVAXBc8&enrollmentVersion=null&enrollmentVersion=null [33m401[0m 0.393 ms - 79[0m
[ error ] API request failed { code: [32m'authentication_required'[39m, statusCode: [33m401[39m }
[0mGET /api/sync/1c41e245-dee2-4055-8066-a64f630ea9ed/envelopes?afterCursor=0&limit=100&deviceId=device-jGxUx8A3gtVAXBc8&enrollmentVersion=AAA [33m401[0m 0.384 ms - 79[0m
[ error ] API request failed { code: [32m'authentication_required'[39m, statusCode: [33m401[39m }
[0mGET /api/sync/1c41e245-dee2-4055-8066-a64f630ea9ed/envelopes?afterCursor=0&limit=100&deviceId=device-jGxUx8A3gtVAXBc8&enrollmentVersion=null [33m401[0m 0.391 ms - 79[0m
[ error ] API request failed { code: [32m'authentication_required'[39m, statusCode: [33m401[39m }
[0mGET /api/sync/1c41e245-dee2-4055-8066-a64f630ea9ed/envelopes?afterCursor=0&limit=100&deviceId=device-jGxUx8A3gtVAXBc8&enrollmentVersion=false [33m401[0m 0.402 ms - 79[0m
[ error ] API request failed { code: [32m'authentication_required'[39m, statusCode: [33m401[39m }
[0mGET /api/sync/1c41e245-dee2-4055-8066-a64f630ea9ed/envelopes?afterCursor=0&limit=100&deviceId=device-jGxUx8A3gtVAXBc8&enrollmentVersion=2.5890419884777833e-42 [33m401[0m 0.334 ms - 79[0m
[ error ] API request failed { code: [32m'authentication_required'[39m, statusCode: [33m401[39m }
[0mGET /api/sync/1c41e245-dee2-4055-8066-a64f630ea9ed/envelopes?afterCursor=0&limit=100&deviceId=device-jGxUx8A3gtVAXBc8&enrollmentVersion=9007199254740990 [33m401[0m 0.295 ms - 79[0m
[ error ] API request failed { code: [32m'authentication_required'[39m, statusCode: [33m401[39m }
[0mGET /api/sync/1c41e245-dee2-4055-8066-a64f630ea9ed/envelopes?afterCursor=0&limit=100&deviceId=device-jGxUx8A3gtVAXBc8&enrollmentVersion=9007199254740991 [33m401[0m 0.284 ms - 79[0m
[ error ] API request failed { code: [32m'authentication_required'[39m, statusCode: [33m401[39m }
[0mGET /api/sync/1c41e245-dee2-4055-8066-a64f630ea9ed/envelopes?afterCursor=0&limit=100&deviceId=device-jGxUx8A3gtVAXBc8&enrollmentVersion=1 [33m401[0m 0.305 ms - 79[0m
[ error ] API request failed { code: [32m'authentication_required'[39m, statusCode: [33m401[39m }
[0mGET /api/sync/1c41e245-dee2-4055-8066-a64f630ea9ed/envelopes?afterCursor=0&limit=100&deviceId=&enrollmentVersion=2 [33m401[0m 0.233 ms - 79[0m
[ error ] API request failed { code: [32m'authentication_required'[39m, statusCode: [33m401[39m }
[0mGET /api/sync/1c41e245-dee2-4055-8066-a64f630ea9ed/envelopes?afterCursor=0&limit=100&deviceId=00&enrollmentVersion=2 [33m401[0m 0.254 ms - 79[0m
[ error ] API request failed { code: [32m'authentication_required'[39m, statusCode: [33m401[39m }
[0mGET /api/sync/1c41e245-dee2-4055-8066-a64f630ea9ed/envelopes?afterCursor=0&limit=100&deviceId=0&enrollmentVersion=2 [33m401[0m 0.321 ms - 79[0m
[ error ] API request failed { code: [32m'authentication_required'[39m, statusCode: [33m401[39m }
[0mGET /api/sync/1c41e245-dee2-4055-8066-a64f630ea9ed/envelopes?afterCursor=0&limit=101&deviceId=device-jGxUx8A3gtVAXBc8&enrollmentVersion=2 [33m401[0m 0.216 ms - 79[0m
[ error ] API request failed { code: [32m'authentication_required'[39m, statusCode: [33m401[39m }
[0mGET /api/sync/1c41e245-dee2-4055-8066-a64f630ea9ed/envelopes?afterCursor=0&limit=0&deviceId=device-jGxUx8A3gtVAXBc8&enrollmentVersion=2 [33m401[0m 0.442 ms - 79[0m
[ error ] API request failed { code: [32m'authentication_required'[39m, statusCode: [33m401[39m }
[0mGET /api/sync/1c41e245-dee2-4055-8066-a64f630ea9ed/envelopes?afterCursor=0&limit=null&limit=null&deviceId=device-jGxUx8A3gtVAXBc8&enrollmentVersion=2 [33m401[0m 0.355 ms - 79[0m
[ error ] API request failed { code: [32m'authentication_required'[39m, statusCode: [33m401[39m }
[0mGET /api/sync/1c41e245-dee2-4055-8066-a64f630ea9ed/envelopes?afterCursor=0&limit=AAA&deviceId=device-jGxUx8A3gtVAXBc8&enrollmentVersion=2 [33m401[0m 0.277 ms - 79[0m
[ error ] API request failed { code: [32m'authentication_required'[39m, statusCode: [33m401[39m }
[0mGET /api/sync/1c41e245-dee2-4055-8066-a64f630ea9ed/envelopes?afterCursor=0&limit=null&deviceId=device-jGxUx8A3gtVAXBc8&enrollmentVersion=2 [33m401[0m 0.301 ms - 79[0m
[ error ] API request failed { code: [32m'authentication_required'[39m, statusCode: [33m401[39m }
[0mGET /api/sync/1c41e245-dee2-4055-8066-a64f630ea9ed/envelopes?afterCursor=0&limit=false&deviceId=device-jGxUx8A3gtVAXBc8&enrollmentVersion=2 [33m401[0m 0.291 ms - 79[0m
[ error ] API request failed { code: [32m'authentication_required'[39m, statusCode: [33m401[39m }
[0mGET /api/sync/1c41e245-dee2-4055-8066-a64f630ea9ed/envelopes?afterCursor=0&limit=2.5890419884777833e-42&deviceId=device-jGxUx8A3gtVAXBc8&enrollmentVersion=2 [33m401[0m 0.269 ms - 79[0m
[ error ] API request failed { code: [32m'authentication_required'[39m, statusCode: [33m401[39m }
[ error ] API request failed { code: [32m'authentication_required'[39m, statusCode: [33m401[39m }
[0mGET /api/sync/1c41e245-dee2-4055-8066-a64f630ea9ed/envelopes?afterCursor=0&limit=99&deviceId=device-jGxUx8A3gtVAXBc8&enrollmentVersion=2 [33m401[0m 0.279 ms - 79[0m
[0mGET /api/sync/1c41e245-dee2-4055-8066-a64f630ea9ed/envelopes?afterCursor=0&limit=2&deviceId=device-jGxUx8A3gtVAXBc8&enrollmentVersion=2 [33m401[0m 0.289 ms - 79[0m
[ error ] API request failed { code: [32m'authentication_required'[39m, statusCode: [33m401[39m }
[0mGET /api/sync/1c41e245-dee2-4055-8066-a64f630ea9ed/envelopes?afterCursor=0&limit=1&deviceId=device-jGxUx8A3gtVAXBc8&enrollmentVersion=2 [33m401[0m 0.239 ms - 79[0m
[ error ] API request failed { code: [32m'authentication_required'[39m, statusCode: [33m401[39m }
[0mGET /api/sync/1c41e245-dee2-4055-8066-a64f630ea9ed/envelopes?afterCursor=9007199254740992&limit=100&deviceId=device-jGxUx8A3gtVAXBc8&enrollmentVersion=2 [33m401[0m 0.226 ms - 79[0m
[ error ] API request failed { code: [32m'authentication_required'[39m, statusCode: [33m401[39m }
[0mGET /api/sync/1c41e245-dee2-4055-8066-a64f630ea9ed/envelopes?afterCursor=-1&limit=100&deviceId=device-jGxUx8A3gtVAXBc8&enrollmentVersion=2 [33m401[0m 0.278 ms - 79[0m
[ error ] API request failed { code: [32m'authentication_required'[39m, statusCode: [33m401[39m }
[0mGET /api/sync/1c41e245-dee2-4055-8066-a64f630ea9ed/envelopes?afterCursor=null&afterCursor=null&limit=100&deviceId=device-jGxUx8A3gtVAXBc8&enrollmentVersion=2 [33m401[0m 0.272 ms - 79[0m
[ error ] API request failed { code: [32m'authentication_required'[39m, statusCode: [33m401[39m }
[0mGET /api/sync/1c41e245-dee2-4055-8066-a64f630ea9ed/envelopes?afterCursor=AAA&limit=100&deviceId=device-jGxUx8A3gtVAXBc8&enrollmentVersion=2 [33m401[0m 0.301 ms - 79[0m
[ error ] API request failed { code: [32m'authentication_required'[39m, statusCode: [33m401[39m }
[0mGET /api/sync/1c41e245-dee2-4055-8066-a64f630ea9ed/envelopes?afterCursor=null&limit=100&deviceId=device-jGxUx8A3gtVAXBc8&enrollmentVersion=2 [33m401[0m 0.332 ms - 79[0m
[ error ] API request failed { code: [32m'authentication_required'[39m, statusCode: [33m401[39m }
[0mGET /api/sync/1c41e245-dee2-4055-8066-a64f630ea9ed/envelopes?afterCursor=false&limit=100&deviceId=device-jGxUx8A3gtVAXBc8&enrollmentVersion=2 [33m401[0m 0.253 ms - 79[0m
[ error ] API request failed { code: [32m'authentication_required'[39m, statusCode: [33m401[39m }
[0mGET /api/sync/1c41e245-dee2-4055-8066-a64f630ea9ed/envelopes?afterCursor=2.5890419884777833e-42&limit=100&deviceId=device-jGxUx8A3gtVAXBc8&enrollmentVersion=2 [33m401[0m 0.325 ms - 79[0m
[ error ] API request failed { code: [32m'authentication_required'[39m, statusCode: [33m401[39m }
[0mGET /api/sync/1c41e245-dee2-4055-8066-a64f630ea9ed/envelopes?afterCursor=9007199254740990&limit=100&deviceId=device-jGxUx8A3gtVAXBc8&enrollmentVersion=2 [33m401[0m 0.318 ms - 79[0m
[ error ] API request failed { code: [32m'authentication_required'[39m, statusCode: [33m401[39m }
[0mGET /api/sync/1c41e245-dee2-4055-8066-a64f630ea9ed/envelopes?afterCursor=9007199254740991&limit=100&deviceId=device-jGxUx8A3gtVAXBc8&enrollmentVersion=2 [33m401[0m 0.253 ms - 79[0m
[ error ] API request failed { code: [32m'authentication_required'[39m, statusCode: [33m401[39m }
[0mGET /api/sync/1c41e245-dee2-4055-8066-a64f630ea9ed/envelopes?afterCursor=1&limit=100&deviceId=device-jGxUx8A3gtVAXBc8&enrollmentVersion=2 [33m401[0m 0.267 ms - 79[0m
[ error ] API request failed { code: [32m'authentication_required'[39m, statusCode: [33m401[39m }
[0mGET /api/sync/000000000000000000000000000000000000000000000000000000000000000000000000000000000000000000000000000000000000000000000000000000000000000000000000000000000000000000000000000000000000000000000000000000000/envelopes?afterCursor=0&limit=100&deviceId=device-jGxUx8A3gtVAXBc8&enrollmentVersion=2 [33m401[0m 0.289 ms - 79[0m
[ error ] API request failed { code: [32m'authentication_required'[39m, statusCode: [33m401[39m }
[0mGET /api/sync/0000000000000000000000000000000000000000000000000000000000000000000000000000000000000000000000000000000000000000000000000000000000000000000000000000000000000000000000000000000000000000000000000000000/envelopes?afterCursor=0&limit=100&deviceId=device-jGxUx8A3gtVAXBc8&enrollmentVersion=2 [33m401[0m 0.294 ms - 79[0m
[ error ] API request failed { code: [32m'authentication_required'[39m, statusCode: [33m401[39m }
[0mGET /api/sync/00000000000000000000000000000000000000000000000000000000000000000000000000000000000000000000000000000000000000000000000000000000000000000000000000000000000000000000000000000000000000000000000000000000/envelopes?afterCursor=0&limit=100&deviceId=device-jGxUx8A3gtVAXBc8&enrollmentVersion=2 [33m401[0m 3.361 ms - 79[0m
[ error ] API request failed { code: [32m'authentication_required'[39m, statusCode: [33m401[39m }
[0mGET /api/sync/00/envelopes?afterCursor=0&limit=100&deviceId=device-jGxUx8A3gtVAXBc8&enrollmentVersion=2 [33m401[0m 0.391 ms - 79[0m
[ error ] API request failed { code: [32m'authentication_required'[39m, statusCode: [33m401[39m }
[0mGET /api/sync/0/envelopes?afterCursor=0&limit=100&deviceId=device-jGxUx8A3gtVAXBc8&enrollmentVersion=2 [33m401[0m 0.607 ms - 79[0m
[ error ] API request failed { code: [32m'authentication_required'[39m, statusCode: [33m401[39m }
[0mGET /api/sync/1c41e245-dee2-4055-8066-a64f630ea9ed/envelopes?afterCursor=0&limit=100&deviceId=device-jGxUx8A3gtVAXBc8&enrollmentVersion=2 [33m401[0m 0.244 ms - 79[0m
[ error ] API request failed { code: [32m'authentication_required'[39m, statusCode: [33m401[39m }
[0mGET /api/sync/1c41e245-dee2-4055-8066-a64f630ea9ed/checkpoints/0?deviceId=device-jGxUx8A3gtVAXBc8 [33m401[0m 0.213 ms - 79[0m
[ error ] API request failed { code: [32m'authentication_required'[39m, statusCode: [33m401[39m }
[0mGET /api/sync/1c41e245-dee2-4055-8066-a64f630ea9ed/checkpoints/0?enrollmentVersion=2 [33m401[0m 0.491 ms - 79[0m
[0mTRACE /api/sync/1c41e245-dee2-4055-8066-a64f630ea9ed/checkpoints/0?deviceId=device-jGxUx8A3gtVAXBc8&enrollmentVersion=2 [33m405[0m 0.131 ms - 78[0m
[0mQUERY /api/sync/1c41e245-dee2-4055-8066-a64f630ea9ed/checkpoints/0?deviceId=device-jGxUx8A3gtVAXBc8&enrollmentVersion=2 [33m405[0m 0.115 ms - 78[0m
[0mPUT /api/sync/1c41e245-dee2-4055-8066-a64f630ea9ed/checkpoints/0?deviceId=device-jGxUx8A3gtVAXBc8&enrollmentVersion=2 [33m405[0m 0.075 ms - 78[0m
[0mPOST /api/sync/1c41e245-dee2-4055-8066-a64f630ea9ed/checkpoints/0?deviceId=device-jGxUx8A3gtVAXBc8&enrollmentVersion=2 [33m405[0m 0.131 ms - 78[0m
[0mPATCH /api/sync/1c41e245-dee2-4055-8066-a64f630ea9ed/checkpoints/0?deviceId=device-jGxUx8A3gtVAXBc8&enrollmentVersion=2 [33m405[0m 0.101 ms - 78[0m
[0mOPTIONS /api/sync/1c41e245-dee2-4055-8066-a64f630ea9ed/checkpoints/0?deviceId=device-jGxUx8A3gtVAXBc8&enrollmentVersion=2 [33m405[0m 0.120 ms - 78[0m
[0mDELETE /api/sync/1c41e245-dee2-4055-8066-a64f630ea9ed/checkpoints/0?deviceId=device-jGxUx8A3gtVAXBc8&enrollmentVersion=2 [33m405[0m 0.250 ms - 78[0m
[ error ] API request failed { code: [32m'authentication_required'[39m, statusCode: [33m401[39m }
[0mGET /api/sync/1c41e245-dee2-4055-8066-a64f630ea9ed/checkpoints/0?deviceId=device-jGxUx8A3gtVAXBc8&enrollmentVersion=9007199254740992 [33m401[0m 0.385 ms - 79[0m
[ error ] API request failed { code: [32m'authentication_required'[39m, statusCode: [33m401[39m }
[0mGET /api/sync/1c41e245-dee2-4055-8066-a64f630ea9ed/checkpoints/0?deviceId=device-jGxUx8A3gtVAXBc8&enrollmentVersion=0 [33m401[0m 0.376 ms - 79[0m
[ error ] API request failed { code: [32m'authentication_required'[39m, statusCode: [33m401[39m }
[0mGET /api/sync/1c41e245-dee2-4055-8066-a64f630ea9ed/checkpoints/0?deviceId=device-jGxUx8A3gtVAXBc8&enrollmentVersion=null&enrollmentVersion=null [33m401[0m 0.348 ms - 79[0m
[ error ] API request failed { code: [32m'authentication_required'[39m, statusCode: [33m401[39m }
[0mGET /api/sync/1c41e245-dee2-4055-8066-a64f630ea9ed/checkpoints/0?deviceId=device-jGxUx8A3gtVAXBc8&enrollmentVersion=AAA [33m401[0m 0.310 ms - 79[0m
[ error ] API request failed { code: [32m'authentication_required'[39m, statusCode: [33m401[39m }
[0mGET /api/sync/1c41e245-dee2-4055-8066-a64f630ea9ed/checkpoints/0?deviceId=device-jGxUx8A3gtVAXBc8&enrollmentVersion=null [33m401[0m 0.318 ms - 79[0m
[ error ] API request failed { code: [32m'authentication_required'[39m, statusCode: [33m401[39m }
[0mGET /api/sync/1c41e245-dee2-4055-8066-a64f630ea9ed/checkpoints/0?deviceId=device-jGxUx8A3gtVAXBc8&enrollmentVersion=false [33m401[0m 0.264 ms - 79[0m
[ error ] API request failed { code: [32m'authentication_required'[39m, statusCode: [33m401[39m }
[0mGET /api/sync/1c41e245-dee2-4055-8066-a64f630ea9ed/checkpoints/0?deviceId=device-jGxUx8A3gtVAXBc8&enrollmentVersion=2.5890419884777833e-42 [33m401[0m 0.477 ms - 79[0m
[ error ] API request failed { code: [32m'authentication_required'[39m, statusCode: [33m401[39m }
[0mGET /api/sync/1c41e245-dee2-4055-8066-a64f630ea9ed/checkpoints/0?deviceId=device-jGxUx8A3gtVAXBc8&enrollmentVersion=9007199254740990 [33m401[0m 0.264 ms - 79[0m
[ error ] API request failed { code: [32m'authentication_required'[39m, statusCode: [33m401[39m }
[0mGET /api/sync/1c41e245-dee2-4055-8066-a64f630ea9ed/checkpoints/0?deviceId=device-jGxUx8A3gtVAXBc8&enrollmentVersion=9007199254740991 [33m401[0m 0.286 ms - 79[0m
[ error ] API request failed { code: [32m'authentication_required'[39m, statusCode: [33m401[39m }
[0mGET /api/sync/1c41e245-dee2-4055-8066-a64f630ea9ed/checkpoints/0?deviceId=device-jGxUx8A3gtVAXBc8&enrollmentVersion=1 [33m401[0m 0.216 ms - 79[0m
[ error ] API request failed { code: [32m'authentication_required'[39m, statusCode: [33m401[39m }
[0mGET /api/sync/1c41e245-dee2-4055-8066-a64f630ea9ed/checkpoints/0?deviceId=&enrollmentVersion=2 [33m401[0m 0.288 ms - 79[0m
[ error ] API request failed { code: [32m'authentication_required'[39m, statusCode: [33m401[39m }
[0mGET /api/sync/1c41e245-dee2-4055-8066-a64f630ea9ed/checkpoints/0?deviceId=00&enrollmentVersion=2 [33m401[0m 0.264 ms - 79[0m
[ error ] API request failed { code: [32m'authentication_required'[39m, statusCode: [33m401[39m }
[0mGET /api/sync/1c41e245-dee2-4055-8066-a64f630ea9ed/checkpoints/0?deviceId=0&enrollmentVersion=2 [33m401[0m 0.303 ms - 79[0m
[ error ] API request failed { code: [32m'authentication_required'[39m, statusCode: [33m401[39m }
[0mGET /api/sync/1c41e245-dee2-4055-8066-a64f630ea9ed/checkpoints/00?deviceId=device-jGxUx8A3gtVAXBc8&enrollmentVersion=2 [33m401[0m 0.292 ms - 79[0m
[ error ] API request failed { code: [32m'authentication_required'[39m, statusCode: [33m401[39m }
[0mGET /api/sync/000000000000000000000000000000000000000000000000000000000000000000000000000000000000000000000000000000000000000000000000000000000000000000000000000000000000000000000000000000000000000000000000000000000/checkpoints/0?deviceId=device-jGxUx8A3gtVAXBc8&enrollmentVersion=2 [33m401[0m 0.279 ms - 79[0m
[ error ] API request failed { code: [32m'authentication_required'[39m, statusCode: [33m401[39m }
[0mGET /api/sync/0000000000000000000000000000000000000000000000000000000000000000000000000000000000000000000000000000000000000000000000000000000000000000000000000000000000000000000000000000000000000000000000000000000/checkpoints/0?deviceId=device-jGxUx8A3gtVAXBc8&enrollmentVersion=2 [33m401[0m 0.321 ms - 79[0m
[ error ] API request failed { code: [32m'authentication_required'[39m, statusCode: [33m401[39m }
[0mGET /api/sync/00000000000000000000000000000000000000000000000000000000000000000000000000000000000000000000000000000000000000000000000000000000000000000000000000000000000000000000000000000000000000000000000000000000/checkpoints/0?deviceId=device-jGxUx8A3gtVAXBc8&enrollmentVersion=2 [33m401[0m 0.299 ms - 79[0m
[ error ] API request failed { code: [32m'authentication_required'[39m, statusCode: [33m401[39m }
[0mGET /api/sync/00/checkpoints/0?deviceId=device-jGxUx8A3gtVAXBc8&enrollmentVersion=2 [33m401[0m 0.235 ms - 79[0m
[ error ] API request failed { code: [32m'authentication_required'[39m, statusCode: [33m401[39m }
[0mGET /api/sync/0/checkpoints/0?deviceId=device-jGxUx8A3gtVAXBc8&enrollmentVersion=2 [33m401[0m 0.191 ms - 79[0m
[ error ] API request failed { code: [32m'authentication_required'[39m, statusCode: [33m401[39m }
[0mGET /api/sync/1c41e245-dee2-4055-8066-a64f630ea9ed/checkpoints/0?deviceId=device-jGxUx8A3gtVAXBc8&enrollmentVersion=2 [33m401[0m 0.263 ms - 79[0m
[ error ] API request failed { code: [32m'authentication_required'[39m, statusCode: [33m401[39m }
[0mGET /api/sync/1c41e245-dee2-4055-8066-a64f630ea9ed/recovery?checkpointId=0&deviceId=0&enrollmentVersion=1&limit=100&x-schemathesis-unknown-property=42 [33m401[0m 0.294 ms - 79[0m
[ error ] API request failed { code: [32m'authentication_required'[39m, statusCode: [33m401[39m }
[0mGET /api/sync/1c41e245-dee2-4055-8066-a64f630ea9ed/recovery?checkpointId=&deviceId=0&enrollmentVersion=1&limit=100 [33m401[0m 0.296 ms - 79[0m
[ error ] API request failed { code: [32m'authentication_required'[39m, statusCode: [33m401[39m }
[0mGET /api/sync/1c41e245-dee2-4055-8066-a64f630ea9ed/recovery?checkpointId=0&deviceId=0&enrollmentVersion=9007199254740992&limit=100 [33m401[0m 0.357 ms - 79[0m
[ error ] API request failed { code: [32m'authentication_required'[39m, statusCode: [33m401[39m }
[0mGET /api/sync/1c41e245-dee2-4055-8066-a64f630ea9ed/recovery?checkpointId=0&deviceId=0&enrollmentVersion=0&limit=100 [33m401[0m 0.386 ms - 79[0m
[ error ] API request failed { code: [32m'authentication_required'[39m, statusCode: [33m401[39m }
[0mGET /api/sync/1c41e245-dee2-4055-8066-a64f630ea9ed/recovery?checkpointId=0&deviceId=0&enrollmentVersion=null&enrollmentVersion=null&limit=100 [33m401[0m 0.290 ms - 79[0m
[ error ] API request failed { code: [32m'authentication_required'[39m, statusCode: [33m401[39m }
[0mGET /api/sync/1c41e245-dee2-4055-8066-a64f630ea9ed/recovery?checkpointId=0&deviceId=0&enrollmentVersion=AAA&limit=100 [33m401[0m 0.289 ms - 79[0m
[ error ] API request failed { code: [32m'authentication_required'[39m, statusCode: [33m401[39m }
[0mGET /api/sync/1c41e245-dee2-4055-8066-a64f630ea9ed/recovery?checkpointId=0&deviceId=0&enrollmentVersion=null&limit=100 [33m401[0m 0.370 ms - 79[0m
[ error ] API request failed { code: [32m'authentication_required'[39m, statusCode: [33m401[39m }
[0mGET /api/sync/1c41e245-dee2-4055-8066-a64f630ea9ed/recovery?checkpointId=0&deviceId=0&enrollmentVersion=false&limit=100 [33m401[0m 0.286 ms - 79[0m
[ error ] API request failed { code: [32m'authentication_required'[39m, statusCode: [33m401[39m }
[0mGET /api/sync/1c41e245-dee2-4055-8066-a64f630ea9ed/recovery?checkpointId=0&deviceId=0&enrollmentVersion=2.5890419884777833e-42&limit=100 [33m401[0m 0.275 ms - 79[0m
[ error ] API request failed { code: [32m'authentication_required'[39m, statusCode: [33m401[39m }
[0mGET /api/sync/1c41e245-dee2-4055-8066-a64f630ea9ed/recovery?checkpointId=0&deviceId=&enrollmentVersion=1&limit=100 [33m401[0m 0.303 ms - 79[0m
[ error ] API request failed { code: [32m'authentication_required'[39m, statusCode: [33m401[39m }
[0mGET /api/sync/1c41e245-dee2-4055-8066-a64f630ea9ed/recovery?checkpointId=0&deviceId=0&enrollmentVersion=1&limit=101 [33m401[0m 0.407 ms - 79[0m
[ error ] API request failed { code: [32m'authentication_required'[39m, statusCode: [33m401[39m }
[0mGET /api/sync/1c41e245-dee2-4055-8066-a64f630ea9ed/recovery?checkpointId=0&deviceId=0&enrollmentVersion=1&limit=0 [33m401[0m 0.325 ms - 79[0m
[ error ] API request failed { code: [32m'authentication_required'[39m, statusCode: [33m401[39m }
[0mGET /api/sync/1c41e245-dee2-4055-8066-a64f630ea9ed/recovery?checkpointId=0&deviceId=0&enrollmentVersion=1&limit=null&limit=null [33m401[0m 0.549 ms - 79[0m
[ error ] API request failed { code: [32m'authentication_required'[39m, statusCode: [33m401[39m }
[0mGET /api/sync/1c41e245-dee2-4055-8066-a64f630ea9ed/recovery?checkpointId=0&deviceId=0&enrollmentVersion=1&limit=AAA [33m401[0m 0.256 ms - 79[0m
[ error ] API request failed { code: [32m'authentication_required'[39m, statusCode: [33m401[39m }
[0mGET /api/sync/1c41e245-dee2-4055-8066-a64f630ea9ed/recovery?checkpointId=0&deviceId=0&enrollmentVersion=1&limit=null [33m401[0m 0.358 ms - 79[0m
[ error ] API request failed { code: [32m'authentication_required'[39m, statusCode: [33m401[39m }
[0mGET /api/sync/1c41e245-dee2-4055-8066-a64f630ea9ed/recovery?checkpointId=0&deviceId=0&enrollmentVersion=1&limit=false [33m401[0m 0.308 ms - 79[0m
[ error ] API request failed { code: [32m'authentication_required'[39m, statusCode: [33m401[39m }
[0mGET /api/sync/1c41e245-dee2-4055-8066-a64f630ea9ed/recovery?checkpointId=0&deviceId=0&enrollmentVersion=1&limit=2.5890419884777833e-42 [33m401[0m 0.222 ms - 79[0m
[ error ] API request failed { code: [32m'authentication_required'[39m, statusCode: [33m401[39m }
[0mGET /api/sync/1c41e245-dee2-4055-8066-a64f630ea9ed/recovery?limit=100&deviceId=device-jGxUx8A3gtVAXBc8&enrollmentVersion=2&checkpointId=0 [33m401[0m 0.307 ms - 79[0m
[ error ] API request failed { code: [32m'authentication_required'[39m, statusCode: [33m401[39m }
[ error ] API request failed { code: [32m'authentication_required'[39m, statusCode: [33m401[39m }
[0mGET /api/sync/1c41e245-dee2-4055-8066-a64f630ea9ed/recovery?afterCursor=0&checkpointId=0&deviceId=0&enrollmentVersion=1&x-schemathesis-unknown-property=42 [33m401[0m 0.219 ms - 79[0m
[0mGET /api/sync/1c41e245-dee2-4055-8066-a64f630ea9ed/recovery?afterCursor=0&checkpointId=&deviceId=0&enrollmentVersion=1 [33m401[0m 0.249 ms - 79[0m
[ error ] API request failed { code: [32m'authentication_required'[39m, statusCode: [33m401[39m }
[0mGET /api/sync/1c41e245-dee2-4055-8066-a64f630ea9ed/recovery?afterCursor=0&checkpointId=0&deviceId=0&enrollmentVersion=9007199254740992 [33m401[0m 0.270 ms - 79[0m
[ error ] API request failed { code: [32m'authentication_required'[39m, statusCode: [33m401[39m }
[0mGET /api/sync/1c41e245-dee2-4055-8066-a64f630ea9ed/recovery?afterCursor=0&checkpointId=0&deviceId=0&enrollmentVersion=0 [33m401[0m 0.235 ms - 79[0m
[ error ] API request failed { code: [32m'authentication_required'[39m, statusCode: [33m401[39m }
[0mGET /api/sync/1c41e245-dee2-4055-8066-a64f630ea9ed/recovery?afterCursor=0&checkpointId=0&deviceId=0&enrollmentVersion=null&enrollmentVersion=null [33m401[0m 0.275 ms - 79[0m
[ error ] API request failed { code: [32m'authentication_required'[39m, statusCode: [33m401[39m }
[0mGET /api/sync/1c41e245-dee2-4055-8066-a64f630ea9ed/recovery?afterCursor=0&checkpointId=0&deviceId=0&enrollmentVersion=AAA [33m401[0m 0.225 ms - 79[0m
[ error ] API request failed { code: [32m'authentication_required'[39m, statusCode: [33m401[39m }
[0mGET /api/sync/1c41e245-dee2-4055-8066-a64f630ea9ed/recovery?afterCursor=0&checkpointId=0&deviceId=0&enrollmentVersion=null [33m401[0m 0.306 ms - 79[0m
[ error ] API request failed { code: [32m'authentication_required'[39m, statusCode: [33m401[39m }
[0mGET /api/sync/1c41e245-dee2-4055-8066-a64f630ea9ed/recovery?afterCursor=0&checkpointId=0&deviceId=0&enrollmentVersion=false [33m401[0m 0.271 ms - 79[0m
[ error ] API request failed { code: [32m'authentication_required'[39m, statusCode: [33m401[39m }
[0mGET /api/sync/1c41e245-dee2-4055-8066-a64f630ea9ed/recovery?afterCursor=0&checkpointId=0&deviceId=0&enrollmentVersion=2.5890419884777833e-42 [33m401[0m 0.367 ms - 79[0m
[ error ] API request failed { code: [32m'authentication_required'[39m, statusCode: [33m401[39m }
[0mGET /api/sync/1c41e245-dee2-4055-8066-a64f630ea9ed/recovery?afterCursor=0&checkpointId=0&deviceId=&enrollmentVersion=1 [33m401[0m 0.304 ms - 79[0m
[ error ] API request failed { code: [32m'authentication_required'[39m, statusCode: [33m401[39m }
[0mGET /api/sync/1c41e245-dee2-4055-8066-a64f630ea9ed/recovery?afterCursor=9007199254740992&checkpointId=0&deviceId=0&enrollmentVersion=1 [33m401[0m 0.358 ms - 79[0m
[ error ] API request failed { code: [32m'authentication_required'[39m, statusCode: [33m401[39m }
[0mGET /api/sync/1c41e245-dee2-4055-8066-a64f630ea9ed/recovery?afterCursor=-1&checkpointId=0&deviceId=0&enrollmentVersion=1 [33m401[0m 0.351 ms - 79[0m
[ error ] API request failed { code: [32m'authentication_required'[39m, statusCode: [33m401[39m }
[0mGET /api/sync/1c41e245-dee2-4055-8066-a64f630ea9ed/recovery?afterCursor=null&afterCursor=null&checkpointId=0&deviceId=0&enrollmentVersion=1 [33m401[0m 0.251 ms - 79[0m
[ error ] API request failed { code: [32m'authentication_required'[39m, statusCode: [33m401[39m }
[0mGET /api/sync/1c41e245-dee2-4055-8066-a64f630ea9ed/recovery?afterCursor=AAA&checkpointId=0&deviceId=0&enrollmentVersion=1 [33m401[0m 0.186 ms - 79[0m
[ error ] API request failed { code: [32m'authentication_required'[39m, statusCode: [33m401[39m }
[0mGET /api/sync/1c41e245-dee2-4055-8066-a64f630ea9ed/recovery?afterCursor=null&checkpointId=0&deviceId=0&enrollmentVersion=1 [33m401[0m 0.272 ms - 79[0m
[ error ] API request failed { code: [32m'authentication_required'[39m, statusCode: [33m401[39m }
[0mGET /api/sync/1c41e245-dee2-4055-8066-a64f630ea9ed/recovery?afterCursor=false&checkpointId=0&deviceId=0&enrollmentVersion=1 [33m401[0m 0.359 ms - 79[0m
[ error ] API request failed { code: [32m'authentication_required'[39m, statusCode: [33m401[39m }
[0mGET /api/sync/1c41e245-dee2-4055-8066-a64f630ea9ed/recovery?afterCursor=2.5890419884777833e-42&checkpointId=0&deviceId=0&enrollmentVersion=1 [33m401[0m 0.377 ms - 79[0m
[ error ] API request failed { code: [32m'authentication_required'[39m, statusCode: [33m401[39m }
[0mGET /api/sync/1c41e245-dee2-4055-8066-a64f630ea9ed/recovery?afterCursor=0&deviceId=device-jGxUx8A3gtVAXBc8&enrollmentVersion=2&checkpointId=0 [33m401[0m 0.400 ms - 79[0m
[ error ] API request failed { code: [32m'authentication_required'[39m, statusCode: [33m401[39m }
[0mGET /api/sync/1c41e245-dee2-4055-8066-a64f630ea9ed/recovery?checkpointId=0&deviceId=0&enrollmentVersion=1&x-schemathesis-unknown-property=42 [33m401[0m 0.367 ms - 79[0m
[ error ] API request failed { code: [32m'authentication_required'[39m, statusCode: [33m401[39m }
[0mGET /api/sync/1c41e245-dee2-4055-8066-a64f630ea9ed/recovery?checkpointId=&deviceId=0&enrollmentVersion=1 [33m401[0m 0.239 ms - 79[0m
[ error ] API request failed { code: [32m'authentication_required'[39m, statusCode: [33m401[39m }
[0mGET /api/sync/1c41e245-dee2-4055-8066-a64f630ea9ed/recovery?checkpointId=0&deviceId=0&enrollmentVersion=9007199254740992 [33m401[0m 0.227 ms - 79[0m
[ error ] API request failed { code: [32m'authentication_required'[39m, statusCode: [33m401[39m }
[0mGET /api/sync/1c41e245-dee2-4055-8066-a64f630ea9ed/recovery?checkpointId=0&deviceId=0&enrollmentVersion=0 [33m401[0m 0.192 ms - 79[0m
[ error ] API request failed { code: [32m'authentication_required'[39m, statusCode: [33m401[39m }
[0mGET /api/sync/1c41e245-dee2-4055-8066-a64f630ea9ed/recovery?checkpointId=0&deviceId=0&enrollmentVersion=null&enrollmentVersion=null [33m401[0m 0.188 ms - 79[0m
[ error ] API request failed { code: [32m'authentication_required'[39m, statusCode: [33m401[39m }
[0mGET /api/sync/1c41e245-dee2-4055-8066-a64f630ea9ed/recovery?checkpointId=0&deviceId=0&enrollmentVersion=AAA [33m401[0m 0.196 ms - 79[0m
[ error ] API request failed { code: [32m'authentication_required'[39m, statusCode: [33m401[39m }
[0mGET /api/sync/1c41e245-dee2-4055-8066-a64f630ea9ed/recovery?checkpointId=0&deviceId=0&enrollmentVersion=null [33m401[0m 0.190 ms - 79[0m
[ error ] API request failed { code: [32m'authentication_required'[39m, statusCode: [33m401[39m }
[0mGET /api/sync/1c41e245-dee2-4055-8066-a64f630ea9ed/recovery?checkpointId=0&deviceId=0&enrollmentVersion=false [33m401[0m 0.194 ms - 79[0m
[ error ] API request failed { code: [32m'authentication_required'[39m, statusCode: [33m401[39m }
[0mGET /api/sync/1c41e245-dee2-4055-8066-a64f630ea9ed/recovery?checkpointId=0&deviceId=0&enrollmentVersion=2.5890419884777833e-42 [33m401[0m 0.281 ms - 79[0m
[ error ] API request failed { code: [32m'authentication_required'[39m, statusCode: [33m401[39m }
[0mGET /api/sync/1c41e245-dee2-4055-8066-a64f630ea9ed/recovery?checkpointId=0&deviceId=&enrollmentVersion=1 [33m401[0m 0.231 ms - 79[0m
[ error ] API request failed { code: [32m'authentication_required'[39m, statusCode: [33m401[39m }
[0mGET /api/sync/1c41e245-dee2-4055-8066-a64f630ea9ed/recovery?deviceId=device-jGxUx8A3gtVAXBc8&enrollmentVersion=2&checkpointId=0 [33m401[0m 0.225 ms - 79[0m
[ error ] API request failed { code: [32m'authentication_required'[39m, statusCode: [33m401[39m }
[0mGET /api/sync/1c41e245-dee2-4055-8066-a64f630ea9ed/recovery?afterCursor=0&limit=100&deviceId=device-jGxUx8A3gtVAXBc8&enrollmentVersion=2 [33m401[0m 0.333 ms - 79[0m
[ error ] API request failed { code: [32m'authentication_required'[39m, statusCode: [33m401[39m }
[0mGET /api/sync/1c41e245-dee2-4055-8066-a64f630ea9ed/recovery?afterCursor=0&limit=100&deviceId=device-jGxUx8A3gtVAXBc8&checkpointId=0 [33m401[0m 0.217 ms - 79[0m
[ error ] API request failed { code: [32m'authentication_required'[39m, statusCode: [33m401[39m }
[0mGET /api/sync/1c41e245-dee2-4055-8066-a64f630ea9ed/recovery?afterCursor=0&limit=100&enrollmentVersion=2&checkpointId=0 [33m401[0m 0.279 ms - 79[0m
[0mTRACE /api/sync/1c41e245-dee2-4055-8066-a64f630ea9ed/recovery?afterCursor=0&limit=100&deviceId=device-jGxUx8A3gtVAXBc8&enrollmentVersion=2&checkpointId=0 [33m405[0m 0.086 ms - 78[0m
[0mQUERY /api/sync/1c41e245-dee2-4055-8066-a64f630ea9ed/recovery?afterCursor=0&limit=100&deviceId=device-jGxUx8A3gtVAXBc8&enrollmentVersion=2&checkpointId=0 [33m405[0m 0.098 ms - 78[0m
[0mPUT /api/sync/1c41e245-dee2-4055-8066-a64f630ea9ed/recovery?afterCursor=0&limit=100&deviceId=device-jGxUx8A3gtVAXBc8&enrollmentVersion=2&checkpointId=0 [33m405[0m 0.147 ms - 78[0m
[0mPOST /api/sync/1c41e245-dee2-4055-8066-a64f630ea9ed/recovery?afterCursor=0&limit=100&deviceId=device-jGxUx8A3gtVAXBc8&enrollmentVersion=2&checkpointId=0 [33m405[0m 0.136 ms - 78[0m
[0mPATCH /api/sync/1c41e245-dee2-4055-8066-a64f630ea9ed/recovery?afterCursor=0&limit=100&deviceId=device-jGxUx8A3gtVAXBc8&enrollmentVersion=2&checkpointId=0 [33m405[0m 0.117 ms - 78[0m
[0mOPTIONS /api/sync/1c41e245-dee2-4055-8066-a64f630ea9ed/recovery?afterCursor=0&limit=100&deviceId=device-jGxUx8A3gtVAXBc8&enrollmentVersion=2&checkpointId=0 [33m405[0m 0.077 ms - 78[0m
[0mDELETE /api/sync/1c41e245-dee2-4055-8066-a64f630ea9ed/recovery?afterCursor=0&limit=100&deviceId=device-jGxUx8A3gtVAXBc8&enrollmentVersion=2&checkpointId=0 [33m405[0m 0.103 ms - 78[0m
[ error ] API request failed { code: [32m'authentication_required'[39m, statusCode: [33m401[39m }
[0mGET /api/sync/1c41e245-dee2-4055-8066-a64f630ea9ed/recovery?afterCursor=0&limit=100&deviceId=device-jGxUx8A3gtVAXBc8&enrollmentVersion=2&checkpointId= [33m401[0m 0.285 ms - 79[0m
[ error ] API request failed { code: [32m'authentication_required'[39m, statusCode: [33m401[39m }
[0mGET /api/sync/1c41e245-dee2-4055-8066-a64f630ea9ed/recovery?afterCursor=0&limit=100&deviceId=device-jGxUx8A3gtVAXBc8&enrollmentVersion=2&checkpointId=00 [33m401[0m 0.270 ms - 79[0m
[ error ] API request failed { code: [32m'authentication_required'[39m, statusCode: [33m401[39m }
[0mGET /api/sync/1c41e245-dee2-4055-8066-a64f630ea9ed/recovery?afterCursor=0&limit=100&deviceId=device-jGxUx8A3gtVAXBc8&enrollmentVersion=9007199254740992&checkpointId=0 [33m401[0m 0.290 ms - 79[0m
[ error ] API request failed { code: [32m'authentication_required'[39m, statusCode: [33m401[39m }
[0mGET /api/sync/1c41e245-dee2-4055-8066-a64f630ea9ed/recovery?afterCursor=0&limit=100&deviceId=device-jGxUx8A3gtVAXBc8&enrollmentVersion=0&checkpointId=0 [33m401[0m 0.249 ms - 79[0m
[ error ] API request failed { code: [32m'authentication_required'[39m, statusCode: [33m401[39m }
[0mGET /api/sync/1c41e245-dee2-4055-8066-a64f630ea9ed/recovery?afterCursor=0&limit=100&deviceId=device-jGxUx8A3gtVAXBc8&enrollmentVersion=null&enrollmentVersion=null&checkpointId=0 [33m401[0m 0.398 ms - 79[0m
[ error ] API request failed { code: [32m'authentication_required'[39m, statusCode: [33m401[39m }
[0mGET /api/sync/1c41e245-dee2-4055-8066-a64f630ea9ed/recovery?afterCursor=0&limit=100&deviceId=device-jGxUx8A3gtVAXBc8&enrollmentVersion=AAA&checkpointId=0 [33m401[0m 0.176 ms - 79[0m
[ error ] API request failed { code: [32m'authentication_required'[39m, statusCode: [33m401[39m }
[0mGET /api/sync/1c41e245-dee2-4055-8066-a64f630ea9ed/recovery?afterCursor=0&limit=100&deviceId=device-jGxUx8A3gtVAXBc8&enrollmentVersion=null&checkpointId=0 [33m401[0m 0.196 ms - 79[0m
[ error ] API request failed { code: [32m'authentication_required'[39m, statusCode: [33m401[39m }
[0mGET /api/sync/1c41e245-dee2-4055-8066-a64f630ea9ed/recovery?afterCursor=0&limit=100&deviceId=device-jGxUx8A3gtVAXBc8&enrollmentVersion=false&checkpointId=0 [33m401[0m 0.196 ms - 79[0m
[ error ] API request failed { code: [32m'authentication_required'[39m, statusCode: [33m401[39m }
[0mGET /api/sync/1c41e245-dee2-4055-8066-a64f630ea9ed/recovery?afterCursor=0&limit=100&deviceId=device-jGxUx8A3gtVAXBc8&enrollmentVersion=2.5890419884777833e-42&checkpointId=0 [33m401[0m 0.190 ms - 79[0m
[ error ] API request failed { code: [32m'authentication_required'[39m, statusCode: [33m401[39m }
[0mGET /api/sync/1c41e245-dee2-4055-8066-a64f630ea9ed/recovery?afterCursor=0&limit=100&deviceId=device-jGxUx8A3gtVAXBc8&enrollmentVersion=9007199254740990&checkpointId=0 [33m401[0m 0.273 ms - 79[0m
[ error ] API request failed { code: [32m'authentication_required'[39m, statusCode: [33m401[39m }
[0mGET /api/sync/1c41e245-dee2-4055-8066-a64f630ea9ed/recovery?afterCursor=0&limit=100&deviceId=device-jGxUx8A3gtVAXBc8&enrollmentVersion=9007199254740991&checkpointId=0 [33m401[0m 0.227 ms - 79[0m
[ error ] API request failed { code: [32m'authentication_required'[39m, statusCode: [33m401[39m }
[0mGET /api/sync/1c41e245-dee2-4055-8066-a64f630ea9ed/recovery?afterCursor=0&limit=100&deviceId=device-jGxUx8A3gtVAXBc8&enrollmentVersion=1&checkpointId=0 [33m401[0m 0.257 ms - 79[0m
[ error ] API request failed { code: [32m'authentication_required'[39m, statusCode: [33m401[39m }
[0mGET /api/sync/1c41e245-dee2-4055-8066-a64f630ea9ed/recovery?afterCursor=0&limit=100&deviceId=&enrollmentVersion=2&checkpointId=0 [33m401[0m 0.360 ms - 79[0m
[ error ] API request failed { code: [32m'authentication_required'[39m, statusCode: [33m401[39m }
[0mGET /api/sync/1c41e245-dee2-4055-8066-a64f630ea9ed/recovery?afterCursor=0&limit=100&deviceId=00&enrollmentVersion=2&checkpointId=0 [33m401[0m 0.230 ms - 79[0m
[ error ] API request failed { code: [32m'authentication_required'[39m, statusCode: [33m401[39m }
[0mGET /api/sync/1c41e245-dee2-4055-8066-a64f630ea9ed/recovery?afterCursor=0&limit=100&deviceId=0&enrollmentVersion=2&checkpointId=0 [33m401[0m 0.267 ms - 79[0m
[ error ] API request failed { code: [32m'authentication_required'[39m, statusCode: [33m401[39m }
[0mGET /api/sync/1c41e245-dee2-4055-8066-a64f630ea9ed/recovery?afterCursor=0&limit=101&deviceId=device-jGxUx8A3gtVAXBc8&enrollmentVersion=2&checkpointId=0 [33m401[0m 0.286 ms - 79[0m
[ error ] API request failed { code: [32m'authentication_required'[39m, statusCode: [33m401[39m }
[0mGET /api/sync/1c41e245-dee2-4055-8066-a64f630ea9ed/recovery?afterCursor=0&limit=0&deviceId=device-jGxUx8A3gtVAXBc8&enrollmentVersion=2&checkpointId=0 [33m401[0m 0.260 ms - 79[0m
[ error ] API request failed { code: [32m'authentication_required'[39m, statusCode: [33m401[39m }
[0mGET /api/sync/1c41e245-dee2-4055-8066-a64f630ea9ed/recovery?afterCursor=0&limit=null&limit=null&deviceId=device-jGxUx8A3gtVAXBc8&enrollmentVersion=2&checkpointId=0 [33m401[0m 0.266 ms - 79[0m
[ error ] API request failed { code: [32m'authentication_required'[39m, statusCode: [33m401[39m }
[0mGET /api/sync/1c41e245-dee2-4055-8066-a64f630ea9ed/recovery?afterCursor=0&limit=AAA&deviceId=device-jGxUx8A3gtVAXBc8&enrollmentVersion=2&checkpointId=0 [33m401[0m 0.303 ms - 79[0m
[ error ] API request failed { code: [32m'authentication_required'[39m, statusCode: [33m401[39m }
[0mGET /api/sync/1c41e245-dee2-4055-8066-a64f630ea9ed/recovery?afterCursor=0&limit=null&deviceId=device-jGxUx8A3gtVAXBc8&enrollmentVersion=2&checkpointId=0 [33m401[0m 0.418 ms - 79[0m
[ error ] API request failed { code: [32m'authentication_required'[39m, statusCode: [33m401[39m }
[0mGET /api/sync/1c41e245-dee2-4055-8066-a64f630ea9ed/recovery?afterCursor=0&limit=false&deviceId=device-jGxUx8A3gtVAXBc8&enrollmentVersion=2&checkpointId=0 [33m401[0m 0.266 ms - 79[0m
[ error ] API request failed { code: [32m'authentication_required'[39m, statusCode: [33m401[39m }
[0mGET /api/sync/1c41e245-dee2-4055-8066-a64f630ea9ed/recovery?afterCursor=0&limit=2.5890419884777833e-42&deviceId=device-jGxUx8A3gtVAXBc8&enrollmentVersion=2&checkpointId=0 [33m401[0m 0.259 ms - 79[0m
[ error ] API request failed { code: [32m'authentication_required'[39m, statusCode: [33m401[39m }
[0mGET /api/sync/1c41e245-dee2-4055-8066-a64f630ea9ed/recovery?afterCursor=0&limit=99&deviceId=device-jGxUx8A3gtVAXBc8&enrollmentVersion=2&checkpointId=0 [33m401[0m 0.282 ms - 79[0m
[ error ] API request failed { code: [32m'authentication_required'[39m, statusCode: [33m401[39m }
[0mGET /api/sync/1c41e245-dee2-4055-8066-a64f630ea9ed/recovery?afterCursor=0&limit=2&deviceId=device-jGxUx8A3gtVAXBc8&enrollmentVersion=2&checkpointId=0 [33m401[0m 0.242 ms - 79[0m
[ error ] API request failed { code: [32m'authentication_required'[39m, statusCode: [33m401[39m }
[0mGET /api/sync/1c41e245-dee2-4055-8066-a64f630ea9ed/recovery?afterCursor=0&limit=1&deviceId=device-jGxUx8A3gtVAXBc8&enrollmentVersion=2&checkpointId=0 [33m401[0m 0.166 ms - 79[0m
[ error ] API request failed { code: [32m'authentication_required'[39m, statusCode: [33m401[39m }
[0mGET /api/sync/1c41e245-dee2-4055-8066-a64f630ea9ed/recovery?afterCursor=9007199254740992&limit=100&deviceId=device-jGxUx8A3gtVAXBc8&enrollmentVersion=2&checkpointId=0 [33m401[0m 0.152 ms - 79[0m
[ error ] API request failed { code: [32m'authentication_required'[39m, statusCode: [33m401[39m }
[0mGET /api/sync/1c41e245-dee2-4055-8066-a64f630ea9ed/recovery?afterCursor=-1&limit=100&deviceId=device-jGxUx8A3gtVAXBc8&enrollmentVersion=2&checkpointId=0 [33m401[0m 0.149 ms - 79[0m
[ error ] API request failed { code: [32m'authentication_required'[39m, statusCode: [33m401[39m }
[0mGET /api/sync/1c41e245-dee2-4055-8066-a64f630ea9ed/recovery?afterCursor=null&afterCursor=null&limit=100&deviceId=device-jGxUx8A3gtVAXBc8&enrollmentVersion=2&checkpointId=0 [33m401[0m 0.132 ms - 79[0m
[ error ] API request failed { code: [32m'authentication_required'[39m, statusCode: [33m401[39m }
[0mGET /api/sync/1c41e245-dee2-4055-8066-a64f630ea9ed/recovery?afterCursor=AAA&limit=100&deviceId=device-jGxUx8A3gtVAXBc8&enrollmentVersion=2&checkpointId=0 [33m401[0m 0.243 ms - 79[0m
[ error ] API request failed { code: [32m'authentication_required'[39m, statusCode: [33m401[39m }
[0mGET /api/sync/1c41e245-dee2-4055-8066-a64f630ea9ed/recovery?afterCursor=null&limit=100&deviceId=device-jGxUx8A3gtVAXBc8&enrollmentVersion=2&checkpointId=0 [33m401[0m 0.256 ms - 79[0m
[ error ] API request failed { code: [32m'authentication_required'[39m, statusCode: [33m401[39m }
[0mGET /api/sync/1c41e245-dee2-4055-8066-a64f630ea9ed/recovery?afterCursor=false&limit=100&deviceId=device-jGxUx8A3gtVAXBc8&enrollmentVersion=2&checkpointId=0 [33m401[0m 0.355 ms - 79[0m
[ error ] API request failed { code: [32m'authentication_required'[39m, statusCode: [33m401[39m }
[0mGET /api/sync/1c41e245-dee2-4055-8066-a64f630ea9ed/recovery?afterCursor=2.5890419884777833e-42&limit=100&deviceId=device-jGxUx8A3gtVAXBc8&enrollmentVersion=2&checkpointId=0 [33m401[0m 0.286 ms - 79[0m
[ error ] API request failed { code: [32m'authentication_required'[39m, statusCode: [33m401[39m }
[0mGET /api/sync/1c41e245-dee2-4055-8066-a64f630ea9ed/recovery?afterCursor=9007199254740990&limit=100&deviceId=device-jGxUx8A3gtVAXBc8&enrollmentVersion=2&checkpointId=0 [33m401[0m 0.255 ms - 79[0m
[ error ] API request failed { code: [32m'authentication_required'[39m, statusCode: [33m401[39m }
[0mGET /api/sync/1c41e245-dee2-4055-8066-a64f630ea9ed/recovery?afterCursor=9007199254740991&limit=100&deviceId=device-jGxUx8A3gtVAXBc8&enrollmentVersion=2&checkpointId=0 [33m401[0m 0.380 ms - 79[0m
[ error ] API request failed { code: [32m'authentication_required'[39m, statusCode: [33m401[39m }
[0mGET /api/sync/1c41e245-dee2-4055-8066-a64f630ea9ed/recovery?afterCursor=1&limit=100&deviceId=device-jGxUx8A3gtVAXBc8&enrollmentVersion=2&checkpointId=0 [33m401[0m 0.194 ms - 79[0m
[ error ] API request failed { code: [32m'authentication_required'[39m, statusCode: [33m401[39m }
[0mGET /api/sync/000000000000000000000000000000000000000000000000000000000000000000000000000000000000000000000000000000000000000000000000000000000000000000000000000000000000000000000000000000000000000000000000000000000/recovery?afterCursor=0&limit=100&deviceId=device-jGxUx8A3gtVAXBc8&enrollmentVersion=2&checkpointId=0 [33m401[0m 0.258 ms - 79[0m
[ error ] API request failed { code: [32m'authentication_required'[39m, statusCode: [33m401[39m }
[0mGET /api/sync/0000000000000000000000000000000000000000000000000000000000000000000000000000000000000000000000000000000000000000000000000000000000000000000000000000000000000000000000000000000000000000000000000000000/recovery?afterCursor=0&limit=100&deviceId=device-jGxUx8A3gtVAXBc8&enrollmentVersion=2&checkpointId=0 [33m401[0m 0.267 ms - 79[0m
[ error ] API request failed { code: [32m'authentication_required'[39m, statusCode: [33m401[39m }
[0mGET /api/sync/00000000000000000000000000000000000000000000000000000000000000000000000000000000000000000000000000000000000000000000000000000000000000000000000000000000000000000000000000000000000000000000000000000000/recovery?afterCursor=0&limit=100&deviceId=device-jGxUx8A3gtVAXBc8&enrollmentVersion=2&checkpointId=0 [33m401[0m 0.430 ms - 79[0m
[ error ] API request failed { code: [32m'authentication_required'[39m, statusCode: [33m401[39m }
[0mGET /api/sync/00/recovery?afterCursor=0&limit=100&deviceId=device-jGxUx8A3gtVAXBc8&enrollmentVersion=2&checkpointId=0 [33m401[0m 0.284 ms - 79[0m
[ error ] API request failed { code: [32m'authentication_required'[39m, statusCode: [33m401[39m }
[0mGET /api/sync/0/recovery?afterCursor=0&limit=100&deviceId=device-jGxUx8A3gtVAXBc8&enrollmentVersion=2&checkpointId=0 [33m401[0m 0.300 ms - 79[0m
[ error ] API request failed { code: [32m'authentication_required'[39m, statusCode: [33m401[39m }
[0mGET /api/sync/1c41e245-dee2-4055-8066-a64f630ea9ed/recovery?afterCursor=0&limit=100&deviceId=device-jGxUx8A3gtVAXBc8&enrollmentVersion=2&checkpointId=0 [33m401[0m 0.403 ms - 79[0m
