◇ injected env (0) from .env // tip: ⌘ custom filepath { path: '/custom/path/.env' }
◇ injected env (0) from .env // tip: ⌁ auth for agents [www.vestauth.com]
◇ injected env (0) from .env // tip: ⌘ enable debugging { debug: true }
◇ injected env (0) from .env // tip: ◈ secrets for agents [www.dotenvx.com]
[23:11:28.240] [32mINFO[39m (385164): [36mAPI Mounted[39m
    [35mpath[39m: "/api"
[23:11:28.240] [32mINFO[39m (385164): [36mRealtime runtime ready[39m
    [35mpath[39m: "/socket.io"
◇ injected env (0) from .env // tip: ⌁ auth for agents [www.vestauth.com]
[23:11:28.240] [32mINFO[39m (385164): [36mApp Mounted[39m
    [35mpath[39m: "/app"
[23:11:28.240] [32mINFO[39m (385164): [36mSite Mounted[39m
    [35mpath[39m: "/"
[23:11:28.240] [32mINFO[39m (385164): [36mGateway server ready[39m
    [35mhost[39m: "localhost"
    [35mport[39m: 8080
[0mDELETE /api/test/mailbox [32m204[0m 1.813 ms - -[0m
[0mPOST /api/auth/sign-up [32m201[0m 141.473 ms - 205[0m
[0mGET /api/test/mailbox/latest?email=pzs005-run-238-mt9mze78%40example.test&purpose=sign_up [32m200[0m 1.479 ms - 211[0m
[0mPOST /api/auth/sign-up/verify [32m200[0m 66.715 ms - 272[0m
[0mGET /api/auth/session [32m200[0m 0.829 ms - 307[0m
[0mPOST /api/projects [32m201[0m 7.049 ms - 388[0m
[0mPOST /api/sync/47823327-84f2-4758-8717-fb0f9b2f3eb3/devices [32m200[0m 6.443 ms - 397[0m
[0mPOST /api/sync/47823327-84f2-4758-8717-fb0f9b2f3eb3/devices/device-SQdBcYXH1_R1Q3kE/approval [32m200[0m 6.721 ms - 153[0m
[0mPOST /api/sync/47823327-84f2-4758-8717-fb0f9b2f3eb3/devices/device-SQdBcYXH1_R1Q3kE/enroll [32m200[0m 8.881 ms - 603[0m
[0mPOST /api/sync/47823327-84f2-4758-8717-fb0f9b2f3eb3/devices [32m200[0m 4.373 ms - 403[0m
[0mPOST /api/sync/47823327-84f2-4758-8717-fb0f9b2f3eb3/devices/device-rAvqa4YHidxwAa68/enroll [32m200[0m 4.401 ms - 597[0m
[0mPOST /api/webauthn/47823327-84f2-4758-8717-fb0f9b2f3eb3/recovery [32m201[0m 4.808 ms - 171[0m
[0mPOST /api/webauthn/47823327-84f2-4758-8717-fb0f9b2f3eb3/credentials [32m201[0m 5.679 ms - 260[0m
[0mPOST /api/auth/sign-up [32m201[0m 120.168 ms - 217[0m
[0mGET /api/test/mailbox/latest?email=openapi-passkey-unverified-mt9mze78%40example.test&purpose=sign_up [32m200[0m 0.536 ms - 223[0m
[0mPOST /api/auth/sign-up/verify [32m200[0m 51.067 ms - 284[0m
[0mGET /api/auth/session [32m200[0m 0.294 ms - 319[0m
[0mPOST /api/auth/sign-up [32m201[0m 104.654 ms - 217[0m
[0mGET /api/openapi.json [32m200[0m 15.882 ms - 141785[0m
[0mPOST /api/sync/47823327-84f2-4758-8717-fb0f9b2f3eb3/devices [32m200[0m 5.927 ms - 315[0m
[0mPOST /api/sync/47823327-84f2-4758-8717-fb0f9b2f3eb3/devices/device-mTje8a4GPBDRkuq2/enroll [32m200[0m 5.530 ms - 606[0m
[0mGET /api/projects/47823327-84f2-4758-8717-fb0f9b2f3eb3/workspace [32m200[0m 4.204 ms - 1949[0m
[ error ] API request failed { code: [32m'authentication_required'[39m, statusCode: [33m401[39m }
[0mGET /api/projects/47823327-84f2-4758-8717-fb0f9b2f3eb3/workspace [33m401[0m 3.344 ms - 79[0m
[ error ] API request failed { code: [32m'project_not_found'[39m, statusCode: [33m404[39m }
[0mGET /api/projects/47823327-84f2-4758-8717-fb0f9b2f3eb3/workspace [33m404[0m 3.590 ms - 72[0m
[ error ] API request failed { code: [32m'unauthorized'[39m, statusCode: [33m401[39m }
[0mGET /api/projects/47823327-84f2-4758-8717-fb0f9b2f3eb3/workspace [33m401[0m 0.932 ms - 66[0m
[ error ] API request failed { code: [32m'operational_workspace_unavailable'[39m, statusCode: [33m503[39m }
[0mGET /api/projects/47823327-84f2-4758-8717-fb0f9b2f3eb3/workspace [31m503[0m 0.707 ms - 99[0m
[ error ] API request failed { code: [32m'operational_workspace_error'[39m, statusCode: [33m500[39m }
[0mGET /api/projects/47823327-84f2-4758-8717-fb0f9b2f3eb3/workspace [31m500[0m 0.951 ms - 85[0m
[0mGET /api/projects/47823327-84f2-4758-8717-fb0f9b2f3eb3/workspace [31m502[0m 0.518 ms - 8[0m
[0mGET /api/projects/47823327-84f2-4758-8717-fb0f9b2f3eb3/workspace [32m200[0m 2.815 ms - 3310[0m
[0mGET /api/projects/47823327-84f2-4758-8717-fb0f9b2f3eb3/workspace [32m200[0m 3.393 ms - 1589[0m
[0mGET /api/projects/47823327-84f2-4758-8717-fb0f9b2f3eb3/workspace [32m200[0m 4.414 ms - 1949[0m
[0mGET /api/projects/47823327-84f2-4758-8717-fb0f9b2f3eb3/workspace [32m200[0m 3.324 ms - 2029[0m
[0mGET /api/projects/47823327-84f2-4758-8717-fb0f9b2f3eb3/workspace [32m200[0m 3.535 ms - 1933[0m
[0mGET /api/projects/47823327-84f2-4758-8717-fb0f9b2f3eb3/workspace [32m200[0m 3.699 ms - 1933[0m
[0mGET /api/projects/47823327-84f2-4758-8717-fb0f9b2f3eb3/workspace [32m200[0m 3.419 ms - 2020[0m
[0mGET /api/projects/47823327-84f2-4758-8717-fb0f9b2f3eb3/workspace [32m200[0m 3.614 ms - 2020[0m
[0mGET /api/capabilities/47823327-84f2-4758-8717-fb0f9b2f3eb3 [32m200[0m 4.763 ms - 454[0m
[0mGET /api/sync/47823327-84f2-4758-8717-fb0f9b2f3eb3/envelopes?deviceId=device-mTje8a4GPBDRkuq2&enrollmentVersion=3 [32m200[0m 5.088 ms - 58[0m
[0mPOST /api/capabilities/47823327-84f2-4758-8717-fb0f9b2f3eb3 [32m200[0m 7.318 ms - 256[0m
[0mPOST /api/capabilities/47823327-84f2-4758-8717-fb0f9b2f3eb3 [32m200[0m 6.321 ms - 262[0m
[0mPOST /api/sync/47823327-84f2-4758-8717-fb0f9b2f3eb3/envelopes [32m201[0m 5.855 ms - 481[0m
[ error ] API request failed { code: [32m'opaque_envelope_rejected'[39m, statusCode: [33m409[39m }
[0mPOST /api/sync/47823327-84f2-4758-8717-fb0f9b2f3eb3/envelopes [33m409[0m 7.067 ms - 84[0m
[ error ] API request failed { code: [32m'opaque_envelope_rejected'[39m, statusCode: [33m409[39m }
[0mPOST /api/sync/47823327-84f2-4758-8717-fb0f9b2f3eb3/envelopes [33m409[0m 6.673 ms - 84[0m
[ error ] API request failed { code: [32m'opaque_envelope_rejected'[39m, statusCode: [33m409[39m }
[0mPOST /api/sync/47823327-84f2-4758-8717-fb0f9b2f3eb3/envelopes [33m409[0m 6.260 ms - 84[0m
[ error ] API request failed { code: [32m'workspace_not_found'[39m, statusCode: [33m404[39m }
[0mPOST /api/sync/00000000-0000-4000-8000-000000000000/envelopes [33m404[0m 3.849 ms - 76[0m
[ error ] API request failed { code: [32m'invalid_request'[39m, statusCode: [33m400[39m }
[0mGET /api/sync/47823327-84f2-4758-8717-fb0f9b2f3eb3/envelopes [33m400[0m 1.787 ms - 223[0m
[ error ] API request failed { code: [32m'invalid_request'[39m, statusCode: [33m400[39m }
[0mPOST /api/sync/47823327-84f2-4758-8717-fb0f9b2f3eb3/envelopes [33m400[0m 0.923 ms - 177[0m
[ error ] API request failed { code: [32m'invalid_request'[39m, statusCode: [33m400[39m }
[0mPOST /api/sync/47823327-84f2-4758-8717-fb0f9b2f3eb3/envelopes [33m400[0m 1.095 ms - 267[0m
[ error ] API request failed { code: [32m'invalid_request'[39m, statusCode: [33m400[39m }
[0mPOST /api/sync/47823327-84f2-4758-8717-fb0f9b2f3eb3/envelopes [33m400[0m 1.246 ms - 177[0m
[ error ] API request failed { code: [32m'opaque_envelope_rejected'[39m, statusCode: [33m409[39m }
[0mPOST /api/sync/47823327-84f2-4758-8717-fb0f9b2f3eb3/envelopes [33m409[0m 6.182 ms - 84[0m
[ error ] API request failed { code: [32m'invalid_request'[39m, statusCode: [33m400[39m }
[0mPOST /api/sync/47823327-84f2-4758-8717-fb0f9b2f3eb3/envelopes [33m400[0m 1.219 ms - 229[0m
[ error ] API request failed { code: [32m'checkpoint_rejected'[39m, statusCode: [33m409[39m }
[0mPOST /api/sync/47823327-84f2-4758-8717-fb0f9b2f3eb3/checkpoints [33m409[0m 6.846 ms - 71[0m
[ error ] API request failed { code: [32m'checkpoint_rejected'[39m, statusCode: [33m409[39m }
[0mPOST /api/sync/47823327-84f2-4758-8717-fb0f9b2f3eb3/checkpoints [33m409[0m 6.346 ms - 71[0m
[ error ] API request failed { code: [32m'recovery_chain_unavailable'[39m, statusCode: [33m409[39m }
[0mGET /api/sync/47823327-84f2-4758-8717-fb0f9b2f3eb3/recovery?checkpointId=run-238-checkpoint&deviceId=device-rAvqa4YHidxwAa68&enrollmentVersion=1&afterCursor=0&limit=100 [33m409[0m 6.897 ms - 92[0m
[ error ] API request failed { code: [32m'recovery_chain_unavailable'[39m, statusCode: [33m409[39m }
[0mGET /api/sync/47823327-84f2-4758-8717-fb0f9b2f3eb3/recovery?checkpointId=run-238-missing&deviceId=device-rAvqa4YHidxwAa68&enrollmentVersion=1 [33m409[0m 4.204 ms - 92[0m
[ error ] API request failed { code: [32m'invalid_request'[39m, statusCode: [33m400[39m }
[0mGET /api/sync/47823327-84f2-4758-8717-fb0f9b2f3eb3/recovery?checkpointId=&deviceId=device-rAvqa4YHidxwAa68&enrollmentVersion=1 [33m400[0m 1.126 ms - 249[0m
[ error ] API request failed { code: [32m'device_lifecycle_rejected'[39m, statusCode: [33m409[39m }
[0mGET /api/sync/47823327-84f2-4758-8717-fb0f9b2f3eb3/envelopes?afterCursor=999999&limit=100&deviceId=device-rAvqa4YHidxwAa68&enrollmentVersion=1 [33m409[0m 4.978 ms - 90[0m
[ error ] API request failed { code: [32m'opaque_envelope_rejected'[39m, statusCode: [33m409[39m }
[0mPOST /api/sync/47823327-84f2-4758-8717-fb0f9b2f3eb3/envelopes [33m409[0m 4.741 ms - 84[0m
[ error ] API request failed { code: [32m'opaque_envelope_rejected'[39m, statusCode: [33m409[39m }
[0mPOST /api/sync/47823327-84f2-4758-8717-fb0f9b2f3eb3/envelopes [33m409[0m 5.944 ms - 84[0m
[ error ] API request failed { code: [32m'workspace_not_found'[39m, statusCode: [33m404[39m }
[0mGET /api/sync/47823327-84f2-4758-8717-fb0f9b2f3eb3/recovery?checkpointId=run-238-checkpoint&deviceId=device-rAvqa4YHidxwAa68&enrollmentVersion=1 [33m404[0m 2.589 ms - 76[0m
[0mPOST /api/sync/47823327-84f2-4758-8717-fb0f9b2f3eb3/devices/device-rAvqa4YHidxwAa68/revoke [32m200[0m 4.713 ms - 94[0m
[ error ] API request failed { code: [32m'device_lifecycle_rejected'[39m, statusCode: [33m409[39m }
[0mGET /api/sync/47823327-84f2-4758-8717-fb0f9b2f3eb3/envelopes?deviceId=device-rAvqa4YHidxwAa68&enrollmentVersion=1 [33m409[0m 4.890 ms - 90[0m
[ error ] API request failed { code: [32m'opaque_envelope_rejected'[39m, statusCode: [33m409[39m }
[0mPOST /api/sync/47823327-84f2-4758-8717-fb0f9b2f3eb3/envelopes [33m409[0m 5.355 ms - 84[0m
[0mPOST /api/auth/passkey/registration/begin [32m200[0m 11.850 ms - 696[0m
[ error ] API request failed { code: [32m'email_unverified'[39m, statusCode: [33m403[39m }
[0mPOST /api/auth/passkey/registration/begin [33m403[0m 2.490 ms - 88[0m
[ error ] API request failed { code: [32m'pin_required'[39m, statusCode: [33m403[39m }
[0mPOST /api/auth/passkey/registration/begin [33m403[0m 1.623 ms - 91[0m
[ error ] API request failed { code: [32m'email_unverified'[39m, statusCode: [33m403[39m }
[0mPOST /api/auth/passkey/authentication/begin [33m403[0m 2.277 ms - 88[0m
[ error ] API request failed { code: [32m'pin_required'[39m, statusCode: [33m403[39m }
[0mPOST /api/auth/passkey/authentication/begin [33m403[0m 1.962 ms - 91[0m
[0mPOST /api/auth/passkey/registration/begin [32m200[0m 7.956 ms - 696[0m
[ error ] API request failed { code: [32m'challenge_mismatch'[39m, statusCode: [33m400[39m }
[0mPOST /api/auth/passkey/registration/complete [33m400[0m 1.592 ms - 86[0m
[0mPOST /api/auth/passkey/registration/begin [32m200[0m 5.005 ms - 696[0m
[ error ] API request failed { code: [32m'challenge_expired'[39m, statusCode: [33m410[39m }
[0mPOST /api/auth/passkey/registration/complete [33m410[0m 11.984 ms - 85[0m
[0mPOST /api/auth/passkey/registration/begin [32m200[0m 5.414 ms - 696[0m
[0mPOST /api/auth/passkey/registration/complete [32m201[0m 10.667 ms - 245[0m
[0mPOST /api/auth/passkey/authentication/begin [32m200[0m 7.079 ms - 392[0m
[0mPOST /api/auth/passkey/authentication/complete [32m200[0m 17.672 ms - 360[0m
[ error ] API request failed { code: [32m'challenge_replayed'[39m, statusCode: [33m409[39m }
[0mPOST /api/auth/passkey/authentication/complete [33m409[0m 10.376 ms - 86[0m
[0mPOST /api/auth/passkey/authentication/begin [32m200[0m 7.154 ms - 392[0m
[ error ] API request failed { code: [32m'platform_error'[39m, statusCode: [33m401[39m }
[0mPOST /api/auth/passkey/authentication/complete [33m401[0m 3.306 ms - 82[0m
[0mPOST /api/auth/passkey/authentication/begin [32m200[0m 7.446 ms - 392[0m
[ error ] API request failed { code: [32m'platform_error'[39m, statusCode: [33m401[39m }
[0mPOST /api/auth/passkey/authentication/complete [33m401[0m 3.402 ms - 82[0m
[ error ] API request failed { code: [32m'credential_not_found'[39m, statusCode: [33m404[39m }
[0mPOST /api/auth/passkey/authentication/begin [33m404[0m 1.871 ms - 88[0m
[ error ] API request failed { code: [32m'credential_not_found'[39m, statusCode: [33m404[39m }
[0mPOST /api/auth/passkey/authentication/begin [33m404[0m 4.400 ms - 88[0m
[0mPOST /api/auth/passkey/registration/begin [32m200[0m 6.119 ms - 708[0m
[0mPOST /api/auth/passkey/registration/complete [32m201[0m 8.780 ms - 243[0m
[0mPOST /api/auth/passkey/authentication/begin [32m200[0m 7.311 ms - 392[0m
[ error ] API request failed { code: [32m'credential_not_found'[39m, statusCode: [33m401[39m }
[0mPOST /api/auth/passkey/authentication/complete [33m401[0m 3.174 ms - 88[0m
[0mGET /api/auth/passkey/credentials [32m200[0m 2.221 ms - 261[0m
[23:05:37.592] [32mINFO[39m (385782): [36mWorker runtime ready[39m
[ error ] API request failed { code: [32m'credential_not_found'[39m, statusCode: [33m404[39m }
[0mPATCH /api/auth/passkey/credentials/undefined [33m404[0m 1.897 ms - 88[0m
[ error ] API request failed { code: [32m'credential_not_found'[39m, statusCode: [33m404[39m }
[0mDELETE /api/auth/passkey/credentials/undefined [33m404[0m 2.035 ms - 88[0m
[ error ] API request failed { code: [32m'authentication_required'[39m, statusCode: [33m401[39m }
[0mPOST /api/auth/passkey/registration/begin [33m401[0m 3.535 ms - 84[0m
[0mGET /api/schemathesis-probe%5C%1B%01 [33m404[0m 11.200 ms - 170[0m
[ error ] API request failed { code: [32m'authentication_required'[39m, statusCode: [33m401[39m }
[0mPOST /api/sync/47823327-84f2-4758-8717-fb0f9b2f3eb3/checkpoints [33m401[0m 1.143 ms - 79[0m
[ error ] API request failed { code: [32m'authentication_required'[39m, statusCode: [33m401[39m }
[0mPOST /api/sync/47823327-84f2-4758-8717-fb0f9b2f3eb3/devices [33m401[0m 0.455 ms - 79[0m
[ error ] API request failed { code: [32m'authentication_required'[39m, statusCode: [33m401[39m }
[0mPOST /api/sync/47823327-84f2-4758-8717-fb0f9b2f3eb3/devices/recover [33m401[0m 0.485 ms - 79[0m
[ error ] API request failed { code: [32m'authentication_required'[39m, statusCode: [33m401[39m }
[0mPOST /api/sync/47823327-84f2-4758-8717-fb0f9b2f3eb3/devices/device-rAvqa4YHidxwAa68/approval [33m401[0m 3.261 ms - 79[0m
[ error ] API request failed { code: [32m'authentication_required'[39m, statusCode: [33m401[39m }
[0mPOST /api/sync/47823327-84f2-4758-8717-fb0f9b2f3eb3/devices/device-rAvqa4YHidxwAa68/enroll [33m401[0m 0.897 ms - 79[0m
[ error ] API request failed { code: [32m'authentication_required'[39m, statusCode: [33m401[39m }
[0mPOST /api/sync/47823327-84f2-4758-8717-fb0f9b2f3eb3/devices/device-rAvqa4YHidxwAa68/revoke [33m401[0m 0.877 ms - 79[0m
[ error ] API request failed { code: [32m'authentication_required'[39m, statusCode: [33m401[39m }
[0mPOST /api/sync/47823327-84f2-4758-8717-fb0f9b2f3eb3/envelopes [33m401[0m 1.085 ms - 79[0m
[ error ] API request failed { code: [32m'authentication_required'[39m, statusCode: [33m401[39m }
[0mPOST /api/sync/47823327-84f2-4758-8717-fb0f9b2f3eb3/envelopes [33m401[0m 0.685 ms - 79[0m
[ error ] API request failed { code: [32m'authentication_required'[39m, statusCode: [33m401[39m }
[0mGET /api/sync/47823327-84f2-4758-8717-fb0f9b2f3eb3/devices [33m401[0m 0.727 ms - 79[0m
[ error ] API request failed { code: [32m'authentication_required'[39m, statusCode: [33m401[39m }
[0mGET /api/sync/47823327-84f2-4758-8717-fb0f9b2f3eb3/devices/audit [33m401[0m 0.885 ms - 79[0m
[ error ] API request failed { code: [32m'authentication_required'[39m, statusCode: [33m401[39m }
[0mGET /api/sync/47823327-84f2-4758-8717-fb0f9b2f3eb3/envelopes?deviceId=device-rAvqa4YHidxwAa68&enrollmentVersion=1 [33m401[0m 0.773 ms - 79[0m
[ error ] API request failed { code: [32m'authentication_required'[39m, statusCode: [33m401[39m }
[0mGET /api/sync/47823327-84f2-4758-8717-fb0f9b2f3eb3/checkpoints/0?deviceId=device-rAvqa4YHidxwAa68&enrollmentVersion=1 [33m401[0m 0.862 ms - 79[0m
[ error ] API request failed { code: [32m'authentication_required'[39m, statusCode: [33m401[39m }
[0mGET /api/sync/47823327-84f2-4758-8717-fb0f9b2f3eb3/recovery?deviceId=device-rAvqa4YHidxwAa68&enrollmentVersion=1&checkpointId=0 [33m401[0m 0.623 ms - 79[0m
[0mTRACE /api/sync/47823327-84f2-4758-8717-fb0f9b2f3eb3/checkpoints [33m405[0m 0.306 ms - 78[0m
[0mQUERY /api/sync/47823327-84f2-4758-8717-fb0f9b2f3eb3/checkpoints [33m405[0m 0.186 ms - 78[0m
[0mPUT /api/sync/47823327-84f2-4758-8717-fb0f9b2f3eb3/checkpoints [33m405[0m 0.160 ms - 78[0m
[0mPATCH /api/sync/47823327-84f2-4758-8717-fb0f9b2f3eb3/checkpoints [33m405[0m 0.244 ms - 78[0m
[0mOPTIONS /api/sync/47823327-84f2-4758-8717-fb0f9b2f3eb3/checkpoints [33m405[0m 0.235 ms - 78[0m
[0mGET /api/sync/47823327-84f2-4758-8717-fb0f9b2f3eb3/checkpoints [33m405[0m 0.200 ms - 78[0m
[0mDELETE /api/sync/47823327-84f2-4758-8717-fb0f9b2f3eb3/checkpoints [33m405[0m 0.196 ms - 78[0m
[ error ] API request failed { code: [32m'authentication_required'[39m, statusCode: [33m401[39m }
[0mPOST /api/sync/000000000000000000000000000000000000000000000000000000000000000000000000000000000000000000000000000000000000000000000000000000000000000000000000000000000000000000000000000000000000000000000000000000000/checkpoints [33m401[0m 0.396 ms - 79[0m
[ error ] API request failed { code: [32m'authentication_required'[39m, statusCode: [33m401[39m }
[0mPOST /api/sync/0000000000000000000000000000000000000000000000000000000000000000000000000000000000000000000000000000000000000000000000000000000000000000000000000000000000000000000000000000000000000000000000000000000/checkpoints [33m401[0m 0.379 ms - 79[0m
[ error ] API request failed { code: [32m'authentication_required'[39m, statusCode: [33m401[39m }
[0mPOST /api/sync/00000000000000000000000000000000000000000000000000000000000000000000000000000000000000000000000000000000000000000000000000000000000000000000000000000000000000000000000000000000000000000000000000000000/checkpoints [33m401[0m 0.528 ms - 79[0m
[ error ] API request failed { code: [32m'authentication_required'[39m, statusCode: [33m401[39m }
[0mPOST /api/sync/00/checkpoints [33m401[0m 0.718 ms - 79[0m
[ error ] API request failed { code: [32m'authentication_required'[39m, statusCode: [33m401[39m }
[0mPOST /api/sync/0/checkpoints [33m401[0m 0.366 ms - 79[0m
[ error ] API request failed { code: [32m'authentication_required'[39m, statusCode: [33m401[39m }
[0mPOST /api/sync/47823327-84f2-4758-8717-fb0f9b2f3eb3/checkpoints [33m401[0m 0.529 ms - 79[0m
[ error ] API request failed { code: [32m'authentication_required'[39m, statusCode: [33m401[39m }
[0mPOST /api/sync/47823327-84f2-4758-8717-fb0f9b2f3eb3/checkpoints [33m401[0m 0.394 ms - 79[0m
[ error ] API request failed { code: [32m'authentication_required'[39m, statusCode: [33m401[39m }
[0mPOST /api/sync/47823327-84f2-4758-8717-fb0f9b2f3eb3/checkpoints [33m401[0m 0.366 ms - 79[0m
[ error ] API request failed { code: [32m'authentication_required'[39m, statusCode: [33m401[39m }
[0mPOST /api/sync/47823327-84f2-4758-8717-fb0f9b2f3eb3/checkpoints [33m401[0m 0.495 ms - 79[0m
[ error ] API request failed { code: [32m'authentication_required'[39m, statusCode: [33m401[39m }
[0mPOST /api/sync/47823327-84f2-4758-8717-fb0f9b2f3eb3/checkpoints [33m401[0m 0.701 ms - 79[0m
[ error ] API request failed { code: [32m'authentication_required'[39m, statusCode: [33m401[39m }
[0mPOST /api/sync/47823327-84f2-4758-8717-fb0f9b2f3eb3/checkpoints [33m401[0m 0.555 ms - 79[0m
[ error ] API request failed { code: [32m'authentication_required'[39m, statusCode: [33m401[39m }
[0mPOST /api/sync/47823327-84f2-4758-8717-fb0f9b2f3eb3/checkpoints [33m401[0m 0.384 ms - 79[0m
[ error ] API request failed { code: [32m'authentication_required'[39m, statusCode: [33m401[39m }
[0mPOST /api/sync/47823327-84f2-4758-8717-fb0f9b2f3eb3/checkpoints [33m401[0m 0.497 ms - 79[0m
[ error ] API request failed { code: [32m'authentication_required'[39m, statusCode: [33m401[39m }
[0mPOST /api/sync/47823327-84f2-4758-8717-fb0f9b2f3eb3/checkpoints [33m401[0m 0.351 ms - 79[0m
[ error ] API request failed { code: [32m'authentication_required'[39m, statusCode: [33m401[39m }
[0mPOST /api/sync/47823327-84f2-4758-8717-fb0f9b2f3eb3/checkpoints [33m401[0m 0.481 ms - 79[0m
[ error ] API request failed { code: [32m'authentication_required'[39m, statusCode: [33m401[39m }
[0mPOST /api/sync/47823327-84f2-4758-8717-fb0f9b2f3eb3/checkpoints [33m401[0m 0.359 ms - 79[0m
[ error ] API request failed { code: [32m'authentication_required'[39m, statusCode: [33m401[39m }
[0mPOST /api/sync/47823327-84f2-4758-8717-fb0f9b2f3eb3/checkpoints [33m401[0m 0.366 ms - 79[0m
[ error ] API request failed { code: [32m'authentication_required'[39m, statusCode: [33m401[39m }
[0mPOST /api/sync/47823327-84f2-4758-8717-fb0f9b2f3eb3/checkpoints [33m401[0m 0.449 ms - 79[0m
[ error ] API request failed { code: [32m'authentication_required'[39m, statusCode: [33m401[39m }
[0mPOST /api/sync/47823327-84f2-4758-8717-fb0f9b2f3eb3/checkpoints [33m401[0m 0.536 ms - 79[0m
[ error ] API request failed { code: [32m'authentication_required'[39m, statusCode: [33m401[39m }
[0mPOST /api/sync/47823327-84f2-4758-8717-fb0f9b2f3eb3/checkpoints [33m401[0m 0.684 ms - 79[0m
[ error ] API request failed { code: [32m'authentication_required'[39m, statusCode: [33m401[39m }
[0mPOST /api/sync/47823327-84f2-4758-8717-fb0f9b2f3eb3/checkpoints [33m401[0m 0.480 ms - 79[0m
[ error ] API request failed { code: [32m'authentication_required'[39m, statusCode: [33m401[39m }
[0mPOST /api/sync/47823327-84f2-4758-8717-fb0f9b2f3eb3/checkpoints [33m401[0m 0.481 ms - 79[0m
[ error ] API request failed { code: [32m'authentication_required'[39m, statusCode: [33m401[39m }
[0mPOST /api/sync/47823327-84f2-4758-8717-fb0f9b2f3eb3/checkpoints [33m401[0m 0.532 ms - 79[0m
[ error ] API request failed { code: [32m'authentication_required'[39m, statusCode: [33m401[39m }
[0mPOST /api/sync/47823327-84f2-4758-8717-fb0f9b2f3eb3/checkpoints [33m401[0m 0.586 ms - 79[0m
[ error ] API request failed { code: [32m'authentication_required'[39m, statusCode: [33m401[39m }
[0mPOST /api/sync/47823327-84f2-4758-8717-fb0f9b2f3eb3/checkpoints [33m401[0m 0.439 ms - 79[0m
[ error ] API request failed { code: [32m'authentication_required'[39m, statusCode: [33m401[39m }
[0mPOST /api/sync/47823327-84f2-4758-8717-fb0f9b2f3eb3/checkpoints [33m401[0m 1.558 ms - 79[0m
[ error ] API request failed { code: [32m'authentication_required'[39m, statusCode: [33m401[39m }
[0mPOST /api/sync/47823327-84f2-4758-8717-fb0f9b2f3eb3/checkpoints [33m401[0m 0.436 ms - 79[0m
[ error ] API request failed { code: [32m'authentication_required'[39m, statusCode: [33m401[39m }
[0mPOST /api/sync/47823327-84f2-4758-8717-fb0f9b2f3eb3/checkpoints [33m401[0m 0.521 ms - 79[0m
[ error ] API request failed { code: [32m'authentication_required'[39m, statusCode: [33m401[39m }
[0mPOST /api/sync/47823327-84f2-4758-8717-fb0f9b2f3eb3/checkpoints [33m401[0m 0.420 ms - 79[0m
[ error ] API request failed { code: [32m'authentication_required'[39m, statusCode: [33m401[39m }
[0mPOST /api/sync/47823327-84f2-4758-8717-fb0f9b2f3eb3/checkpoints [33m401[0m 0.444 ms - 79[0m
[ error ] API request failed { code: [32m'authentication_required'[39m, statusCode: [33m401[39m }
[0mPOST /api/sync/47823327-84f2-4758-8717-fb0f9b2f3eb3/checkpoints [33m401[0m 0.599 ms - 79[0m
[ error ] API request failed { code: [32m'authentication_required'[39m, statusCode: [33m401[39m }
[0mPOST /api/sync/47823327-84f2-4758-8717-fb0f9b2f3eb3/checkpoints [33m401[0m 0.716 ms - 79[0m
[ error ] API request failed { code: [32m'authentication_required'[39m, statusCode: [33m401[39m }
[0mPOST /api/sync/47823327-84f2-4758-8717-fb0f9b2f3eb3/checkpoints [33m401[0m 0.423 ms - 79[0m
[ error ] API request failed { code: [32m'authentication_required'[39m, statusCode: [33m401[39m }
[0mPOST /api/sync/47823327-84f2-4758-8717-fb0f9b2f3eb3/checkpoints [33m401[0m 0.385 ms - 79[0m
[ error ] API request failed { code: [32m'authentication_required'[39m, statusCode: [33m401[39m }
[0mPOST /api/sync/47823327-84f2-4758-8717-fb0f9b2f3eb3/checkpoints [33m401[0m 0.544 ms - 79[0m
[ error ] API request failed { code: [32m'authentication_required'[39m, statusCode: [33m401[39m }
[0mPOST /api/sync/47823327-84f2-4758-8717-fb0f9b2f3eb3/checkpoints [33m401[0m 0.514 ms - 79[0m
[ error ] API request failed { code: [32m'authentication_required'[39m, statusCode: [33m401[39m }
[0mPOST /api/sync/47823327-84f2-4758-8717-fb0f9b2f3eb3/checkpoints [33m401[0m 0.472 ms - 79[0m
[ error ] API request failed { code: [32m'authentication_required'[39m, statusCode: [33m401[39m }
[0mPOST /api/sync/47823327-84f2-4758-8717-fb0f9b2f3eb3/checkpoints [33m401[0m 0.417 ms - 79[0m
[ error ] API request failed { code: [32m'authentication_required'[39m, statusCode: [33m401[39m }
[0mPOST /api/sync/47823327-84f2-4758-8717-fb0f9b2f3eb3/checkpoints [33m401[0m 0.569 ms - 79[0m
[ error ] API request failed { code: [32m'authentication_required'[39m, statusCode: [33m401[39m }
[0mPOST /api/sync/47823327-84f2-4758-8717-fb0f9b2f3eb3/checkpoints [33m401[0m 0.393 ms - 79[0m
[ error ] API request failed { code: [32m'authentication_required'[39m, statusCode: [33m401[39m }
[0mPOST /api/sync/47823327-84f2-4758-8717-fb0f9b2f3eb3/checkpoints [33m401[0m 0.313 ms - 79[0m
[ error ] API request failed { code: [32m'authentication_required'[39m, statusCode: [33m401[39m }
[0mPOST /api/sync/47823327-84f2-4758-8717-fb0f9b2f3eb3/checkpoints [33m401[0m 0.495 ms - 79[0m
[ error ] API request failed { code: [32m'authentication_required'[39m, statusCode: [33m401[39m }
[0mPOST /api/sync/47823327-84f2-4758-8717-fb0f9b2f3eb3/checkpoints [33m401[0m 0.390 ms - 79[0m
[ error ] API request failed { code: [32m'authentication_required'[39m, statusCode: [33m401[39m }
[0mPOST /api/sync/47823327-84f2-4758-8717-fb0f9b2f3eb3/checkpoints [33m401[0m 0.383 ms - 79[0m
[ error ] API request failed { code: [32m'authentication_required'[39m, statusCode: [33m401[39m }
[0mPOST /api/sync/47823327-84f2-4758-8717-fb0f9b2f3eb3/checkpoints [33m401[0m 0.351 ms - 79[0m
[ error ] API request failed { code: [32m'authentication_required'[39m, statusCode: [33m401[39m }
[0mPOST /api/sync/47823327-84f2-4758-8717-fb0f9b2f3eb3/checkpoints [33m401[0m 0.380 ms - 79[0m
[ error ] API request failed { code: [32m'authentication_required'[39m, statusCode: [33m401[39m }
[0mPOST /api/sync/47823327-84f2-4758-8717-fb0f9b2f3eb3/checkpoints [33m401[0m 0.306 ms - 79[0m
[ error ] API request failed { code: [32m'authentication_required'[39m, statusCode: [33m401[39m }
[0mPOST /api/sync/47823327-84f2-4758-8717-fb0f9b2f3eb3/checkpoints [33m401[0m 0.370 ms - 79[0m
[ error ] API request failed { code: [32m'authentication_required'[39m, statusCode: [33m401[39m }
[0mPOST /api/sync/47823327-84f2-4758-8717-fb0f9b2f3eb3/checkpoints [33m401[0m 0.327 ms - 79[0m
[ error ] API request failed { code: [32m'authentication_required'[39m, statusCode: [33m401[39m }
[0mPOST /api/sync/47823327-84f2-4758-8717-fb0f9b2f3eb3/checkpoints [33m401[0m 0.429 ms - 79[0m
[ error ] API request failed { code: [32m'authentication_required'[39m, statusCode: [33m401[39m }
[0mPOST /api/sync/47823327-84f2-4758-8717-fb0f9b2f3eb3/checkpoints [33m401[0m 0.416 ms - 79[0m
[ error ] API request failed { code: [32m'authentication_required'[39m, statusCode: [33m401[39m }
[0mPOST /api/sync/47823327-84f2-4758-8717-fb0f9b2f3eb3/checkpoints [33m401[0m 0.411 ms - 79[0m
[ error ] API request failed { code: [32m'authentication_required'[39m, statusCode: [33m401[39m }
[0mPOST /api/sync/47823327-84f2-4758-8717-fb0f9b2f3eb3/checkpoints [33m401[0m 0.952 ms - 79[0m
[ error ] API request failed { code: [32m'authentication_required'[39m, statusCode: [33m401[39m }
[0mPOST /api/sync/47823327-84f2-4758-8717-fb0f9b2f3eb3/checkpoints [33m401[0m 0.525 ms - 79[0m
[ error ] API request failed { code: [32m'authentication_required'[39m, statusCode: [33m401[39m }
[0mPOST /api/sync/47823327-84f2-4758-8717-fb0f9b2f3eb3/checkpoints [33m401[0m 0.796 ms - 79[0m
[ error ] API request failed { code: [32m'authentication_required'[39m, statusCode: [33m401[39m }
[0mPOST /api/sync/47823327-84f2-4758-8717-fb0f9b2f3eb3/checkpoints [33m401[0m 0.647 ms - 79[0m
[ error ] API request failed { code: [32m'authentication_required'[39m, statusCode: [33m401[39m }
[0mPOST /api/sync/47823327-84f2-4758-8717-fb0f9b2f3eb3/checkpoints [33m401[0m 0.668 ms - 79[0m
[ error ] API request failed { code: [32m'authentication_required'[39m, statusCode: [33m401[39m }
[0mPOST /api/sync/47823327-84f2-4758-8717-fb0f9b2f3eb3/checkpoints [33m401[0m 0.415 ms - 79[0m
[ error ] API request failed { code: [32m'authentication_required'[39m, statusCode: [33m401[39m }
[0mPOST /api/sync/47823327-84f2-4758-8717-fb0f9b2f3eb3/checkpoints [33m401[0m 0.525 ms - 79[0m
[ error ] API request failed { code: [32m'authentication_required'[39m, statusCode: [33m401[39m }
[0mPOST /api/sync/47823327-84f2-4758-8717-fb0f9b2f3eb3/checkpoints [33m401[0m 0.444 ms - 79[0m
[ error ] API request failed { code: [32m'authentication_required'[39m, statusCode: [33m401[39m }
[0mPOST /api/sync/47823327-84f2-4758-8717-fb0f9b2f3eb3/checkpoints [33m401[0m 0.407 ms - 79[0m
[ error ] API request failed { code: [32m'authentication_required'[39m, statusCode: [33m401[39m }
[0mPOST /api/sync/47823327-84f2-4758-8717-fb0f9b2f3eb3/checkpoints [33m401[0m 0.415 ms - 79[0m
[ error ] API request failed { code: [32m'authentication_required'[39m, statusCode: [33m401[39m }
[0mPOST /api/sync/47823327-84f2-4758-8717-fb0f9b2f3eb3/checkpoints [33m401[0m 0.428 ms - 79[0m
[ error ] API request failed { code: [32m'authentication_required'[39m, statusCode: [33m401[39m }
[0mPOST /api/sync/47823327-84f2-4758-8717-fb0f9b2f3eb3/checkpoints [33m401[0m 0.604 ms - 79[0m
[ error ] API request failed { code: [32m'authentication_required'[39m, statusCode: [33m401[39m }
[0mPOST /api/sync/47823327-84f2-4758-8717-fb0f9b2f3eb3/checkpoints [33m401[0m 0.426 ms - 79[0m
[ error ] API request failed { code: [32m'authentication_required'[39m, statusCode: [33m401[39m }
[0mPOST /api/sync/47823327-84f2-4758-8717-fb0f9b2f3eb3/checkpoints [33m401[0m 0.477 ms - 79[0m
[ error ] API request failed { code: [32m'authentication_required'[39m, statusCode: [33m401[39m }
[0mPOST /api/sync/47823327-84f2-4758-8717-fb0f9b2f3eb3/checkpoints [33m401[0m 0.362 ms - 79[0m
[ error ] API request failed { code: [32m'authentication_required'[39m, statusCode: [33m401[39m }
[0mPOST /api/sync/47823327-84f2-4758-8717-fb0f9b2f3eb3/checkpoints [33m401[0m 0.450 ms - 79[0m
[ error ] API request failed { code: [32m'authentication_required'[39m, statusCode: [33m401[39m }
[0mPOST /api/sync/47823327-84f2-4758-8717-fb0f9b2f3eb3/checkpoints [33m401[0m 0.604 ms - 79[0m
[ error ] API request failed { code: [32m'authentication_required'[39m, statusCode: [33m401[39m }
[0mPOST /api/sync/47823327-84f2-4758-8717-fb0f9b2f3eb3/checkpoints [33m401[0m 0.445 ms - 79[0m
[ error ] API request failed { code: [32m'authentication_required'[39m, statusCode: [33m401[39m }
[0mPOST /api/sync/47823327-84f2-4758-8717-fb0f9b2f3eb3/checkpoints [33m401[0m 0.438 ms - 79[0m
[ error ] API request failed { code: [32m'authentication_required'[39m, statusCode: [33m401[39m }
[0mPOST /api/sync/47823327-84f2-4758-8717-fb0f9b2f3eb3/checkpoints [33m401[0m 0.473 ms - 79[0m
[ error ] API request failed { code: [32m'authentication_required'[39m, statusCode: [33m401[39m }
[0mPOST /api/sync/47823327-84f2-4758-8717-fb0f9b2f3eb3/checkpoints [33m401[0m 0.414 ms - 79[0m
[ error ] API request failed { code: [32m'authentication_required'[39m, statusCode: [33m401[39m }
[0mPOST /api/sync/47823327-84f2-4758-8717-fb0f9b2f3eb3/checkpoints [33m401[0m 0.496 ms - 79[0m
[ error ] API request failed { code: [32m'authentication_required'[39m, statusCode: [33m401[39m }
[0mPOST /api/sync/47823327-84f2-4758-8717-fb0f9b2f3eb3/checkpoints [33m401[0m 0.387 ms - 79[0m
[ error ] API request failed { code: [32m'authentication_required'[39m, statusCode: [33m401[39m }
[0mPOST /api/sync/47823327-84f2-4758-8717-fb0f9b2f3eb3/checkpoints [33m401[0m 0.453 ms - 79[0m
[ error ] API request failed { code: [32m'authentication_required'[39m, statusCode: [33m401[39m }
[0mPOST /api/sync/47823327-84f2-4758-8717-fb0f9b2f3eb3/checkpoints [33m401[0m 0.547 ms - 79[0m
[ error ] API request failed { code: [32m'authentication_required'[39m, statusCode: [33m401[39m }
[0mPOST /api/sync/47823327-84f2-4758-8717-fb0f9b2f3eb3/checkpoints [33m401[0m 0.528 ms - 79[0m
[ error ] API request failed { code: [32m'authentication_required'[39m, statusCode: [33m401[39m }
[0mPOST /api/sync/47823327-84f2-4758-8717-fb0f9b2f3eb3/checkpoints [33m401[0m 0.620 ms - 79[0m
[ error ] API request failed { code: [32m'authentication_required'[39m, statusCode: [33m401[39m }
[0mPOST /api/sync/47823327-84f2-4758-8717-fb0f9b2f3eb3/checkpoints [33m401[0m 0.432 ms - 79[0m
[ error ] API request failed { code: [32m'authentication_required'[39m, statusCode: [33m401[39m }
[0mPOST /api/sync/47823327-84f2-4758-8717-fb0f9b2f3eb3/checkpoints [33m401[0m 0.532 ms - 79[0m
[ error ] API request failed { code: [32m'authentication_required'[39m, statusCode: [33m401[39m }
[0mPOST /api/sync/47823327-84f2-4758-8717-fb0f9b2f3eb3/checkpoints [33m401[0m 0.435 ms - 79[0m
[ error ] API request failed { code: [32m'authentication_required'[39m, statusCode: [33m401[39m }
[0mPOST /api/sync/47823327-84f2-4758-8717-fb0f9b2f3eb3/checkpoints [33m401[0m 0.392 ms - 79[0m
[ error ] API request failed { code: [32m'authentication_required'[39m, statusCode: [33m401[39m }
[0mPOST /api/sync/47823327-84f2-4758-8717-fb0f9b2f3eb3/checkpoints [33m401[0m 0.306 ms - 79[0m
[ error ] API request failed { code: [32m'authentication_required'[39m, statusCode: [33m401[39m }
[0mPOST /api/sync/47823327-84f2-4758-8717-fb0f9b2f3eb3/checkpoints [33m401[0m 0.898 ms - 79[0m
[ error ] API request failed { code: [32m'authentication_required'[39m, statusCode: [33m401[39m }
[0mPOST /api/sync/47823327-84f2-4758-8717-fb0f9b2f3eb3/checkpoints [33m401[0m 0.493 ms - 79[0m
[ error ] API request failed { code: [32m'authentication_required'[39m, statusCode: [33m401[39m }
[0mPOST /api/sync/47823327-84f2-4758-8717-fb0f9b2f3eb3/checkpoints [33m401[0m 0.329 ms - 79[0m
[ error ] API request failed { code: [32m'authentication_required'[39m, statusCode: [33m401[39m }
[0mPOST /api/sync/47823327-84f2-4758-8717-fb0f9b2f3eb3/checkpoints [33m401[0m 0.353 ms - 79[0m
[ error ] API request failed { code: [32m'authentication_required'[39m, statusCode: [33m401[39m }
[0mPOST /api/sync/47823327-84f2-4758-8717-fb0f9b2f3eb3/checkpoints [33m401[0m 0.487 ms - 79[0m
[ error ] API request failed { code: [32m'authentication_required'[39m, statusCode: [33m401[39m }
[0mPOST /api/sync/47823327-84f2-4758-8717-fb0f9b2f3eb3/checkpoints [33m401[0m 0.562 ms - 79[0m
[ error ] API request failed { code: [32m'authentication_required'[39m, statusCode: [33m401[39m }
[0mPOST /api/sync/47823327-84f2-4758-8717-fb0f9b2f3eb3/checkpoints [33m401[0m 0.388 ms - 79[0m
[ error ] API request failed { code: [32m'authentication_required'[39m, statusCode: [33m401[39m }
[0mPOST /api/sync/47823327-84f2-4758-8717-fb0f9b2f3eb3/checkpoints [33m401[0m 0.455 ms - 79[0m
[ error ] API request failed { code: [32m'authentication_required'[39m, statusCode: [33m401[39m }
[0mPOST /api/sync/47823327-84f2-4758-8717-fb0f9b2f3eb3/checkpoints [33m401[0m 0.461 ms - 79[0m
[ error ] API request failed { code: [32m'authentication_required'[39m, statusCode: [33m401[39m }
[0mPOST /api/sync/47823327-84f2-4758-8717-fb0f9b2f3eb3/checkpoints [33m401[0m 0.634 ms - 79[0m
[ error ] API request failed { code: [32m'authentication_required'[39m, statusCode: [33m401[39m }
[0mPOST /api/sync/47823327-84f2-4758-8717-fb0f9b2f3eb3/checkpoints [33m401[0m 0.338 ms - 79[0m
[ error ] API request failed { code: [32m'authentication_required'[39m, statusCode: [33m401[39m }
[0mPOST /api/sync/47823327-84f2-4758-8717-fb0f9b2f3eb3/checkpoints [33m401[0m 0.496 ms - 79[0m
[ error ] API request failed { code: [32m'authentication_required'[39m, statusCode: [33m401[39m }
[0mPOST /api/sync/47823327-84f2-4758-8717-fb0f9b2f3eb3/checkpoints [33m401[0m 0.487 ms - 79[0m
[ error ] API request failed { code: [32m'authentication_required'[39m, statusCode: [33m401[39m }
[0mPOST /api/sync/47823327-84f2-4758-8717-fb0f9b2f3eb3/checkpoints [33m401[0m 0.747 ms - 79[0m
[ error ] API request failed { code: [32m'authentication_required'[39m, statusCode: [33m401[39m }
[0mPOST /api/sync/47823327-84f2-4758-8717-fb0f9b2f3eb3/checkpoints [33m401[0m 0.386 ms - 79[0m
[ error ] API request failed { code: [32m'authentication_required'[39m, statusCode: [33m401[39m }
[0mPOST /api/sync/47823327-84f2-4758-8717-fb0f9b2f3eb3/checkpoints [33m401[0m 0.395 ms - 79[0m
[ error ] API request failed { code: [32m'authentication_required'[39m, statusCode: [33m401[39m }
[0mPOST /api/sync/47823327-84f2-4758-8717-fb0f9b2f3eb3/checkpoints [33m401[0m 0.422 ms - 79[0m
[ error ] API request failed { code: [32m'authentication_required'[39m, statusCode: [33m401[39m }
[0mPOST /api/sync/47823327-84f2-4758-8717-fb0f9b2f3eb3/checkpoints [33m401[0m 0.417 ms - 79[0m
[ error ] API request failed { code: [32m'authentication_required'[39m, statusCode: [33m401[39m }
[0mPOST /api/sync/47823327-84f2-4758-8717-fb0f9b2f3eb3/checkpoints [33m401[0m 0.390 ms - 79[0m
[ error ] API request failed { code: [32m'authentication_required'[39m, statusCode: [33m401[39m }
[0mPOST /api/sync/47823327-84f2-4758-8717-fb0f9b2f3eb3/checkpoints [33m401[0m 0.389 ms - 79[0m
[ error ] API request failed { code: [32m'authentication_required'[39m, statusCode: [33m401[39m }
[0mPOST /api/sync/47823327-84f2-4758-8717-fb0f9b2f3eb3/checkpoints [33m401[0m 0.391 ms - 79[0m
[ error ] API request failed { code: [32m'authentication_required'[39m, statusCode: [33m401[39m }
[0mPOST /api/sync/47823327-84f2-4758-8717-fb0f9b2f3eb3/checkpoints [33m401[0m 0.451 ms - 79[0m
[ error ] API request failed { code: [32m'authentication_required'[39m, statusCode: [33m401[39m }
[0mPOST /api/sync/47823327-84f2-4758-8717-fb0f9b2f3eb3/checkpoints [33m401[0m 0.702 ms - 79[0m
[ error ] API request failed { code: [32m'authentication_required'[39m, statusCode: [33m401[39m }
[0mPOST /api/sync/47823327-84f2-4758-8717-fb0f9b2f3eb3/checkpoints [33m401[0m 0.504 ms - 79[0m
[ error ] API request failed { code: [32m'authentication_required'[39m, statusCode: [33m401[39m }
[0mPOST /api/sync/47823327-84f2-4758-8717-fb0f9b2f3eb3/checkpoints [33m401[0m 0.431 ms - 79[0m
[ error ] API request failed { code: [32m'authentication_required'[39m, statusCode: [33m401[39m }
[0mPOST /api/sync/47823327-84f2-4758-8717-fb0f9b2f3eb3/checkpoints [33m401[0m 0.405 ms - 79[0m
[ error ] API request failed { code: [32m'authentication_required'[39m, statusCode: [33m401[39m }
[0mPOST /api/sync/47823327-84f2-4758-8717-fb0f9b2f3eb3/checkpoints [33m401[0m 0.582 ms - 79[0m
[ error ] API request failed { code: [32m'authentication_required'[39m, statusCode: [33m401[39m }
[0mPOST /api/sync/47823327-84f2-4758-8717-fb0f9b2f3eb3/checkpoints [33m401[0m 0.531 ms - 79[0m
[ error ] API request failed { code: [32m'authentication_required'[39m, statusCode: [33m401[39m }
[0mPOST /api/sync/47823327-84f2-4758-8717-fb0f9b2f3eb3/checkpoints [33m401[0m 0.357 ms - 79[0m
[ error ] API request failed { code: [32m'authentication_required'[39m, statusCode: [33m401[39m }
[0mPOST /api/sync/47823327-84f2-4758-8717-fb0f9b2f3eb3/checkpoints [33m401[0m 0.420 ms - 79[0m
[ error ] API request failed { code: [32m'authentication_required'[39m, statusCode: [33m401[39m }
[0mPOST /api/sync/47823327-84f2-4758-8717-fb0f9b2f3eb3/checkpoints [33m401[0m 0.422 ms - 79[0m
[ error ] API request failed { code: [32m'authentication_required'[39m, statusCode: [33m401[39m }
[0mPOST /api/sync/47823327-84f2-4758-8717-fb0f9b2f3eb3/checkpoints [33m401[0m 0.401 ms - 79[0m
[ error ] API request failed { code: [32m'authentication_required'[39m, statusCode: [33m401[39m }
[0mPOST /api/sync/47823327-84f2-4758-8717-fb0f9b2f3eb3/checkpoints [33m401[0m 0.571 ms - 79[0m
[ error ] API request failed { code: [32m'authentication_required'[39m, statusCode: [33m401[39m }
[0mPOST /api/sync/47823327-84f2-4758-8717-fb0f9b2f3eb3/checkpoints [33m401[0m 0.505 ms - 79[0m
[ error ] API request failed { code: [32m'authentication_required'[39m, statusCode: [33m401[39m }
[0mPOST /api/sync/47823327-84f2-4758-8717-fb0f9b2f3eb3/checkpoints [33m401[0m 0.483 ms - 79[0m
[ error ] API request failed { code: [32m'authentication_required'[39m, statusCode: [33m401[39m }
[0mPOST /api/sync/47823327-84f2-4758-8717-fb0f9b2f3eb3/checkpoints [33m401[0m 0.484 ms - 79[0m
[ error ] API request failed { code: [32m'authentication_required'[39m, statusCode: [33m401[39m }
[0mPOST /api/sync/47823327-84f2-4758-8717-fb0f9b2f3eb3/checkpoints [33m401[0m 0.498 ms - 79[0m
[ error ] API request failed { code: [32m'authentication_required'[39m, statusCode: [33m401[39m }
[0mPOST /api/sync/47823327-84f2-4758-8717-fb0f9b2f3eb3/checkpoints [33m401[0m 0.488 ms - 79[0m
[ error ] API request failed { code: [32m'authentication_required'[39m, statusCode: [33m401[39m }
[0mPOST /api/sync/47823327-84f2-4758-8717-fb0f9b2f3eb3/checkpoints [33m401[0m 0.543 ms - 79[0m
[ error ] API request failed { code: [32m'authentication_required'[39m, statusCode: [33m401[39m }
[0mPOST /api/sync/47823327-84f2-4758-8717-fb0f9b2f3eb3/checkpoints [33m401[0m 0.560 ms - 79[0m
[ error ] API request failed { code: [32m'authentication_required'[39m, statusCode: [33m401[39m }
[0mPOST /api/sync/47823327-84f2-4758-8717-fb0f9b2f3eb3/checkpoints [33m401[0m 0.514 ms - 79[0m
[ error ] API request failed { code: [32m'authentication_required'[39m, statusCode: [33m401[39m }
[0mPOST /api/sync/47823327-84f2-4758-8717-fb0f9b2f3eb3/checkpoints [33m401[0m 0.480 ms - 79[0m
[ error ] API request failed { code: [32m'authentication_required'[39m, statusCode: [33m401[39m }
[0mPOST /api/sync/47823327-84f2-4758-8717-fb0f9b2f3eb3/checkpoints [33m401[0m 0.510 ms - 79[0m
[ error ] API request failed { code: [32m'authentication_required'[39m, statusCode: [33m401[39m }
[0mPOST /api/sync/47823327-84f2-4758-8717-fb0f9b2f3eb3/checkpoints [33m401[0m 0.741 ms - 79[0m
[ error ] API request failed { code: [32m'authentication_required'[39m, statusCode: [33m401[39m }
[0mPOST /api/sync/47823327-84f2-4758-8717-fb0f9b2f3eb3/checkpoints [33m401[0m 0.528 ms - 79[0m
[ error ] API request failed { code: [32m'authentication_required'[39m, statusCode: [33m401[39m }
[0mPOST /api/sync/47823327-84f2-4758-8717-fb0f9b2f3eb3/checkpoints [33m401[0m 0.524 ms - 79[0m
[ error ] API request failed { code: [32m'authentication_required'[39m, statusCode: [33m401[39m }
[0mPOST /api/sync/47823327-84f2-4758-8717-fb0f9b2f3eb3/checkpoints [33m401[0m 0.510 ms - 79[0m
[ error ] API request failed { code: [32m'authentication_required'[39m, statusCode: [33m401[39m }
[0mPOST /api/sync/47823327-84f2-4758-8717-fb0f9b2f3eb3/checkpoints [33m401[0m 0.789 ms - 79[0m
[ error ] API request failed { code: [32m'authentication_required'[39m, statusCode: [33m401[39m }
[0mPOST /api/sync/47823327-84f2-4758-8717-fb0f9b2f3eb3/checkpoints [33m401[0m 0.409 ms - 79[0m
[ error ] API request failed { code: [32m'authentication_required'[39m, statusCode: [33m401[39m }
[0mPOST /api/sync/47823327-84f2-4758-8717-fb0f9b2f3eb3/checkpoints [33m401[0m 0.371 ms - 79[0m
[ error ] API request failed { code: [32m'authentication_required'[39m, statusCode: [33m401[39m }
[0mPOST /api/sync/47823327-84f2-4758-8717-fb0f9b2f3eb3/checkpoints [33m401[0m 0.379 ms - 79[0m
[ error ] API request failed { code: [32m'authentication_required'[39m, statusCode: [33m401[39m }
[0mPOST /api/sync/47823327-84f2-4758-8717-fb0f9b2f3eb3/checkpoints [33m401[0m 0.540 ms - 79[0m
[ error ] API request failed { code: [32m'authentication_required'[39m, statusCode: [33m401[39m }
[0mPOST /api/sync/47823327-84f2-4758-8717-fb0f9b2f3eb3/checkpoints [33m401[0m 0.517 ms - 79[0m
[ error ] API request failed { code: [32m'authentication_required'[39m, statusCode: [33m401[39m }
[0mPOST /api/sync/47823327-84f2-4758-8717-fb0f9b2f3eb3/checkpoints [33m401[0m 0.349 ms - 79[0m
[ error ] API request failed { code: [32m'authentication_required'[39m, statusCode: [33m401[39m }
[0mPOST /api/sync/47823327-84f2-4758-8717-fb0f9b2f3eb3/checkpoints [33m401[0m 0.423 ms - 79[0m
[ error ] API request failed { code: [32m'authentication_required'[39m, statusCode: [33m401[39m }
[0mPOST /api/sync/47823327-84f2-4758-8717-fb0f9b2f3eb3/checkpoints [33m401[0m 0.365 ms - 79[0m
[ error ] API request failed { code: [32m'authentication_required'[39m, statusCode: [33m401[39m }
[0mPOST /api/sync/47823327-84f2-4758-8717-fb0f9b2f3eb3/checkpoints [33m401[0m 0.378 ms - 79[0m
[ error ] API request failed { code: [32m'authentication_required'[39m, statusCode: [33m401[39m }
[0mPOST /api/sync/47823327-84f2-4758-8717-fb0f9b2f3eb3/checkpoints [33m401[0m 0.336 ms - 79[0m
[ error ] API request failed { code: [32m'authentication_required'[39m, statusCode: [33m401[39m }
[0mPOST /api/sync/47823327-84f2-4758-8717-fb0f9b2f3eb3/checkpoints [33m401[0m 0.356 ms - 79[0m
[ error ] API request failed { code: [32m'authentication_required'[39m, statusCode: [33m401[39m }
[0mPOST /api/sync/47823327-84f2-4758-8717-fb0f9b2f3eb3/checkpoints [33m401[0m 0.459 ms - 79[0m
[ error ] API request failed { code: [32m'authentication_required'[39m, statusCode: [33m401[39m }
[0mPOST /api/sync/47823327-84f2-4758-8717-fb0f9b2f3eb3/checkpoints [33m401[0m 0.390 ms - 79[0m
[ error ] API request failed { code: [32m'authentication_required'[39m, statusCode: [33m401[39m }
[0mPOST /api/sync/47823327-84f2-4758-8717-fb0f9b2f3eb3/checkpoints [33m401[0m 0.369 ms - 79[0m
[ error ] API request failed { code: [32m'authentication_required'[39m, statusCode: [33m401[39m }
[0mPOST /api/sync/47823327-84f2-4758-8717-fb0f9b2f3eb3/checkpoints [33m401[0m 0.408 ms - 79[0m
[ error ] API request failed { code: [32m'authentication_required'[39m, statusCode: [33m401[39m }
[0mPOST /api/sync/47823327-84f2-4758-8717-fb0f9b2f3eb3/checkpoints [33m401[0m 0.342 ms - 79[0m
[ error ] API request failed { code: [32m'authentication_required'[39m, statusCode: [33m401[39m }
[0mPOST /api/sync/47823327-84f2-4758-8717-fb0f9b2f3eb3/checkpoints [33m401[0m 0.418 ms - 79[0m
[ error ] API request failed { code: [32m'authentication_required'[39m, statusCode: [33m401[39m }
[0mPOST /api/sync/47823327-84f2-4758-8717-fb0f9b2f3eb3/checkpoints [33m401[0m 0.316 ms - 79[0m
[ error ] API request failed { code: [32m'authentication_required'[39m, statusCode: [33m401[39m }
[0mPOST /api/sync/47823327-84f2-4758-8717-fb0f9b2f3eb3/checkpoints [33m401[0m 0.381 ms - 79[0m
[ error ] API request failed { code: [32m'authentication_required'[39m, statusCode: [33m401[39m }
[0mPOST /api/sync/47823327-84f2-4758-8717-fb0f9b2f3eb3/checkpoints [33m401[0m 0.558 ms - 79[0m
[ error ] API request failed { code: [32m'authentication_required'[39m, statusCode: [33m401[39m }
[0mPOST /api/sync/47823327-84f2-4758-8717-fb0f9b2f3eb3/checkpoints [33m401[0m 0.505 ms - 79[0m
[ error ] API request failed { code: [32m'authentication_required'[39m, statusCode: [33m401[39m }
[0mPOST /api/sync/47823327-84f2-4758-8717-fb0f9b2f3eb3/checkpoints [33m401[0m 0.824 ms - 79[0m
[ error ] API request failed { code: [32m'authentication_required'[39m, statusCode: [33m401[39m }
[0mPOST /api/sync/47823327-84f2-4758-8717-fb0f9b2f3eb3/checkpoints [33m401[0m 0.510 ms - 79[0m
[ error ] API request failed { code: [32m'authentication_required'[39m, statusCode: [33m401[39m }
[0mPOST /api/sync/47823327-84f2-4758-8717-fb0f9b2f3eb3/checkpoints [33m401[0m 0.937 ms - 79[0m
[ error ] API request failed { code: [32m'authentication_required'[39m, statusCode: [33m401[39m }
[0mPOST /api/sync/47823327-84f2-4758-8717-fb0f9b2f3eb3/checkpoints [33m401[0m 0.466 ms - 79[0m
[ error ] API request failed { code: [32m'authentication_required'[39m, statusCode: [33m401[39m }
[0mPOST /api/sync/47823327-84f2-4758-8717-fb0f9b2f3eb3/checkpoints [33m401[0m 0.511 ms - 79[0m
[ error ] API request failed { code: [32m'authentication_required'[39m, statusCode: [33m401[39m }
[0mPOST /api/sync/47823327-84f2-4758-8717-fb0f9b2f3eb3/checkpoints [33m401[0m 0.400 ms - 79[0m
[ error ] API request failed { code: [32m'authentication_required'[39m, statusCode: [33m401[39m }
[0mPOST /api/sync/47823327-84f2-4758-8717-fb0f9b2f3eb3/checkpoints [33m401[0m 0.402 ms - 79[0m
[ error ] API request failed { code: [32m'authentication_required'[39m, statusCode: [33m401[39m }
[0mPOST /api/sync/47823327-84f2-4758-8717-fb0f9b2f3eb3/checkpoints [33m401[0m 0.354 ms - 79[0m
[ error ] API request failed { code: [32m'invalid_request'[39m, statusCode: [33m400[39m }
[ error ] API request failed { code: [32m'invalid_request'[39m, statusCode: [33m400[39m }
[ error ] API request failed { code: [32m'invalid_request'[39m, statusCode: [33m400[39m }
[ error ] API request failed { code: [32m'invalid_request'[39m, statusCode: [33m400[39m }
[ error ] API request failed { code: [32m'authentication_required'[39m, statusCode: [33m401[39m }
[0mPOST /api/sync/47823327-84f2-4758-8717-fb0f9b2f3eb3/checkpoints [33m401[0m 0.343 ms - 79[0m
[ error ] API request failed { code: [32m'authentication_required'[39m, statusCode: [33m401[39m }
[0mPOST /api/sync/47823327-84f2-4758-8717-fb0f9b2f3eb3/checkpoints [33m401[0m 0.350 ms - 79[0m
[ error ] API request failed { code: [32m'authentication_required'[39m, statusCode: [33m401[39m }
[0mPOST /api/sync/47823327-84f2-4758-8717-fb0f9b2f3eb3/checkpoints [33m401[0m 0.346 ms - 79[0m
[ error ] API request failed { code: [32m'authentication_required'[39m, statusCode: [33m401[39m }
[0mPOST /api/sync/47823327-84f2-4758-8717-fb0f9b2f3eb3/checkpoints [33m401[0m 0.366 ms - 79[0m
[ error ] API request failed { code: [32m'authentication_required'[39m, statusCode: [33m401[39m }
[0mPOST /api/sync/47823327-84f2-4758-8717-fb0f9b2f3eb3/checkpoints [33m401[0m 0.508 ms - 79[0m
[ error ] API request failed { code: [32m'authentication_required'[39m, statusCode: [33m401[39m }
[0mPOST /api/sync/47823327-84f2-4758-8717-fb0f9b2f3eb3/checkpoints [33m401[0m 0.398 ms - 79[0m
[ error ] API request failed { code: [32m'authentication_required'[39m, statusCode: [33m401[39m }
[0mPOST /api/sync/47823327-84f2-4758-8717-fb0f9b2f3eb3/checkpoints [33m401[0m 0.436 ms - 79[0m
[ error ] API request failed { code: [32m'authentication_required'[39m, statusCode: [33m401[39m }
[0mPOST /api/sync/47823327-84f2-4758-8717-fb0f9b2f3eb3/checkpoints [33m401[0m 0.409 ms - 79[0m
[ error ] API request failed { code: [32m'authentication_required'[39m, statusCode: [33m401[39m }
[0mPOST /api/sync/47823327-84f2-4758-8717-fb0f9b2f3eb3/checkpoints [33m401[0m 0.364 ms - 79[0m
[ error ] API request failed { code: [32m'authentication_required'[39m, statusCode: [33m401[39m }
[0mPOST /api/sync/47823327-84f2-4758-8717-fb0f9b2f3eb3/checkpoints [33m401[0m 0.402 ms - 79[0m
[ error ] API request failed { code: [32m'authentication_required'[39m, statusCode: [33m401[39m }
[0mPOST /api/sync/47823327-84f2-4758-8717-fb0f9b2f3eb3/checkpoints [33m401[0m 0.401 ms - 79[0m
[ error ] API request failed { code: [32m'authentication_required'[39m, statusCode: [33m401[39m }
[0mPOST /api/sync/47823327-84f2-4758-8717-fb0f9b2f3eb3/checkpoints [33m401[0m 0.442 ms - 79[0m
[ error ] API request failed { code: [32m'authentication_required'[39m, statusCode: [33m401[39m }
[0mPOST /api/sync/47823327-84f2-4758-8717-fb0f9b2f3eb3/checkpoints [33m401[0m 0.729 ms - 79[0m
[ error ] API request failed { code: [32m'authentication_required'[39m, statusCode: [33m401[39m }
[0mPOST /api/sync/47823327-84f2-4758-8717-fb0f9b2f3eb3/checkpoints [33m401[0m 0.491 ms - 79[0m
[ error ] API request failed { code: [32m'authentication_required'[39m, statusCode: [33m401[39m }
[0mPOST /api/sync/47823327-84f2-4758-8717-fb0f9b2f3eb3/checkpoints [33m401[0m 0.823 ms - 79[0m
[ error ] API request failed { code: [32m'authentication_required'[39m, statusCode: [33m401[39m }
[0mPOST /api/sync/47823327-84f2-4758-8717-fb0f9b2f3eb3/checkpoints [33m401[0m 0.424 ms - 79[0m
[ error ] API request failed { code: [32m'authentication_required'[39m, statusCode: [33m401[39m }
[0mPOST /api/sync/47823327-84f2-4758-8717-fb0f9b2f3eb3/checkpoints [33m401[0m 0.484 ms - 79[0m
[ error ] API request failed { code: [32m'authentication_required'[39m, statusCode: [33m401[39m }
[0mPOST /api/sync/47823327-84f2-4758-8717-fb0f9b2f3eb3/checkpoints [33m401[0m 0.392 ms - 79[0m
[ error ] API request failed { code: [32m'authentication_required'[39m, statusCode: [33m401[39m }
[0mPOST /api/sync/47823327-84f2-4758-8717-fb0f9b2f3eb3/checkpoints [33m401[0m 0.775 ms - 79[0m
[ error ] API request failed { code: [32m'authentication_required'[39m, statusCode: [33m401[39m }
[0mPOST /api/sync/47823327-84f2-4758-8717-fb0f9b2f3eb3/checkpoints [33m401[0m 0.427 ms - 79[0m
[ error ] API request failed { code: [32m'authentication_required'[39m, statusCode: [33m401[39m }
[0mPOST /api/sync/47823327-84f2-4758-8717-fb0f9b2f3eb3/checkpoints [33m401[0m 0.401 ms - 79[0m
[ error ] API request failed { code: [32m'authentication_required'[39m, statusCode: [33m401[39m }
[0mPOST /api/sync/47823327-84f2-4758-8717-fb0f9b2f3eb3/checkpoints [33m401[0m 0.395 ms - 79[0m
[ error ] API request failed { code: [32m'authentication_required'[39m, statusCode: [33m401[39m }
[0mPOST /api/sync/47823327-84f2-4758-8717-fb0f9b2f3eb3/checkpoints [33m401[0m 0.680 ms - 79[0m
[ error ] API request failed { code: [32m'authentication_required'[39m, statusCode: [33m401[39m }
[0mPOST /api/sync/47823327-84f2-4758-8717-fb0f9b2f3eb3/checkpoints [33m401[0m 0.497 ms - 79[0m
[ error ] API request failed { code: [32m'authentication_required'[39m, statusCode: [33m401[39m }
[0mPOST /api/sync/47823327-84f2-4758-8717-fb0f9b2f3eb3/checkpoints [33m401[0m 0.566 ms - 79[0m
[ error ] API request failed { code: [32m'authentication_required'[39m, statusCode: [33m401[39m }
[0mPOST /api/sync/47823327-84f2-4758-8717-fb0f9b2f3eb3/checkpoints [33m401[0m 0.565 ms - 79[0m
[ error ] API request failed { code: [32m'authentication_required'[39m, statusCode: [33m401[39m }
[0mPOST /api/sync/47823327-84f2-4758-8717-fb0f9b2f3eb3/checkpoints [33m401[0m 0.705 ms - 79[0m
[ error ] API request failed { code: [32m'authentication_required'[39m, statusCode: [33m401[39m }
[0mPOST /api/sync/47823327-84f2-4758-8717-fb0f9b2f3eb3/checkpoints [33m401[0m 0.410 ms - 79[0m
[ error ] API request failed { code: [32m'authentication_required'[39m, statusCode: [33m401[39m }
[0mPOST /api/sync/47823327-84f2-4758-8717-fb0f9b2f3eb3/checkpoints [33m401[0m 0.354 ms - 79[0m
[ error ] API request failed { code: [32m'authentication_required'[39m, statusCode: [33m401[39m }
[0mPOST /api/sync/47823327-84f2-4758-8717-fb0f9b2f3eb3/checkpoints [33m401[0m 1.453 ms - 79[0m
[ error ] API request failed { code: [32m'authentication_required'[39m, statusCode: [33m401[39m }
[0mPOST /api/sync/47823327-84f2-4758-8717-fb0f9b2f3eb3/checkpoints [33m401[0m 0.378 ms - 79[0m
[ error ] API request failed { code: [32m'authentication_required'[39m, statusCode: [33m401[39m }
[0mPOST /api/sync/47823327-84f2-4758-8717-fb0f9b2f3eb3/checkpoints [33m401[0m 0.345 ms - 79[0m
[ error ] API request failed { code: [32m'authentication_required'[39m, statusCode: [33m401[39m }
[0mPOST /api/sync/47823327-84f2-4758-8717-fb0f9b2f3eb3/checkpoints [33m401[0m 0.558 ms - 79[0m
[ error ] API request failed { code: [32m'authentication_required'[39m, statusCode: [33m401[39m }
[0mPOST /api/sync/47823327-84f2-4758-8717-fb0f9b2f3eb3/checkpoints [33m401[0m 0.367 ms - 79[0m
[0mTRACE /api/sync/47823327-84f2-4758-8717-fb0f9b2f3eb3/devices [33m405[0m 0.169 ms - 78[0m
[0mQUERY /api/sync/47823327-84f2-4758-8717-fb0f9b2f3eb3/devices [33m405[0m 0.422 ms - 78[0m
[0mPUT /api/sync/47823327-84f2-4758-8717-fb0f9b2f3eb3/devices [33m405[0m 0.247 ms - 78[0m
[0mPATCH /api/sync/47823327-84f2-4758-8717-fb0f9b2f3eb3/devices [33m405[0m 0.305 ms - 78[0m
[0mOPTIONS /api/sync/47823327-84f2-4758-8717-fb0f9b2f3eb3/devices [33m405[0m 0.188 ms - 78[0m
[0mDELETE /api/sync/47823327-84f2-4758-8717-fb0f9b2f3eb3/devices [33m405[0m 0.180 ms - 78[0m
[ error ] API request failed { code: [32m'authentication_required'[39m, statusCode: [33m401[39m }
[0mPOST /api/sync/000000000000000000000000000000000000000000000000000000000000000000000000000000000000000000000000000000000000000000000000000000000000000000000000000000000000000000000000000000000000000000000000000000000/devices [33m401[0m 0.348 ms - 79[0m
[ error ] API request failed { code: [32m'authentication_required'[39m, statusCode: [33m401[39m }
[0mPOST /api/sync/0000000000000000000000000000000000000000000000000000000000000000000000000000000000000000000000000000000000000000000000000000000000000000000000000000000000000000000000000000000000000000000000000000000/devices [33m401[0m 0.346 ms - 79[0m
[ error ] API request failed { code: [32m'authentication_required'[39m, statusCode: [33m401[39m }
[0mPOST /api/sync/00000000000000000000000000000000000000000000000000000000000000000000000000000000000000000000000000000000000000000000000000000000000000000000000000000000000000000000000000000000000000000000000000000000/devices [33m401[0m 0.384 ms - 79[0m
[ error ] API request failed { code: [32m'authentication_required'[39m, statusCode: [33m401[39m }
[0mPOST /api/sync/00/devices [33m401[0m 0.342 ms - 79[0m
[ error ] API request failed { code: [32m'authentication_required'[39m, statusCode: [33m401[39m }
[0mPOST /api/sync/0/devices [33m401[0m 0.404 ms - 79[0m
[ error ] API request failed { code: [32m'authentication_required'[39m, statusCode: [33m401[39m }
[0mPOST /api/sync/47823327-84f2-4758-8717-fb0f9b2f3eb3/devices [33m401[0m 0.342 ms - 79[0m
[ error ] API request failed { code: [32m'authentication_required'[39m, statusCode: [33m401[39m }
[0mPOST /api/sync/47823327-84f2-4758-8717-fb0f9b2f3eb3/devices [33m401[0m 0.535 ms - 79[0m
[ error ] API request failed { code: [32m'authentication_required'[39m, statusCode: [33m401[39m }
[0mPOST /api/sync/47823327-84f2-4758-8717-fb0f9b2f3eb3/devices [33m401[0m 0.362 ms - 79[0m
[ error ] API request failed { code: [32m'authentication_required'[39m, statusCode: [33m401[39m }
[0mPOST /api/sync/47823327-84f2-4758-8717-fb0f9b2f3eb3/devices [33m401[0m 0.409 ms - 79[0m
[ error ] API request failed { code: [32m'authentication_required'[39m, statusCode: [33m401[39m }
[0mPOST /api/sync/47823327-84f2-4758-8717-fb0f9b2f3eb3/devices [33m401[0m 0.545 ms - 79[0m
[ error ] API request failed { code: [32m'authentication_required'[39m, statusCode: [33m401[39m }
[0mPOST /api/sync/47823327-84f2-4758-8717-fb0f9b2f3eb3/devices [33m401[0m 0.399 ms - 79[0m
[ error ] API request failed { code: [32m'authentication_required'[39m, statusCode: [33m401[39m }
[0mPOST /api/sync/47823327-84f2-4758-8717-fb0f9b2f3eb3/devices [33m401[0m 0.301 ms - 79[0m
[ error ] API request failed { code: [32m'authentication_required'[39m, statusCode: [33m401[39m }
[0mPOST /api/sync/47823327-84f2-4758-8717-fb0f9b2f3eb3/devices [33m401[0m 0.388 ms - 79[0m
[ error ] API request failed { code: [32m'authentication_required'[39m, statusCode: [33m401[39m }
[0mPOST /api/sync/47823327-84f2-4758-8717-fb0f9b2f3eb3/devices [33m401[0m 0.467 ms - 79[0m
[ error ] API request failed { code: [32m'authentication_required'[39m, statusCode: [33m401[39m }
[0mPOST /api/sync/47823327-84f2-4758-8717-fb0f9b2f3eb3/devices [33m401[0m 0.361 ms - 79[0m
[ error ] API request failed { code: [32m'authentication_required'[39m, statusCode: [33m401[39m }
[0mPOST /api/sync/47823327-84f2-4758-8717-fb0f9b2f3eb3/devices [33m401[0m 0.369 ms - 79[0m
[ error ] API request failed { code: [32m'authentication_required'[39m, statusCode: [33m401[39m }
[0mPOST /api/sync/47823327-84f2-4758-8717-fb0f9b2f3eb3/devices [33m401[0m 0.312 ms - 79[0m
[ error ] API request failed { code: [32m'authentication_required'[39m, statusCode: [33m401[39m }
[0mPOST /api/sync/47823327-84f2-4758-8717-fb0f9b2f3eb3/devices [33m401[0m 0.299 ms - 79[0m
[ error ] API request failed { code: [32m'authentication_required'[39m, statusCode: [33m401[39m }
[0mPOST /api/sync/47823327-84f2-4758-8717-fb0f9b2f3eb3/devices [33m401[0m 0.448 ms - 79[0m
[ error ] API request failed { code: [32m'authentication_required'[39m, statusCode: [33m401[39m }
[0mPOST /api/sync/47823327-84f2-4758-8717-fb0f9b2f3eb3/devices [33m401[0m 0.342 ms - 79[0m
[ error ] API request failed { code: [32m'authentication_required'[39m, statusCode: [33m401[39m }
[0mPOST /api/sync/47823327-84f2-4758-8717-fb0f9b2f3eb3/devices [33m401[0m 0.506 ms - 79[0m
[ error ] API request failed { code: [32m'invalid_request'[39m, statusCode: [33m400[39m }
[ error ] API request failed { code: [32m'invalid_request'[39m, statusCode: [33m400[39m }
[ error ] API request failed { code: [32m'invalid_request'[39m, statusCode: [33m400[39m }
[ error ] API request failed { code: [32m'invalid_request'[39m, statusCode: [33m400[39m }
[ error ] API request failed { code: [32m'authentication_required'[39m, statusCode: [33m401[39m }
[0mPOST /api/sync/47823327-84f2-4758-8717-fb0f9b2f3eb3/devices [33m401[0m 0.374 ms - 79[0m
[ error ] API request failed { code: [32m'authentication_required'[39m, statusCode: [33m401[39m }
[0mPOST /api/sync/47823327-84f2-4758-8717-fb0f9b2f3eb3/devices [33m401[0m 0.341 ms - 79[0m
[ error ] API request failed { code: [32m'authentication_required'[39m, statusCode: [33m401[39m }
[0mPOST /api/sync/47823327-84f2-4758-8717-fb0f9b2f3eb3/devices [33m401[0m 0.275 ms - 79[0m
[ error ] API request failed { code: [32m'authentication_required'[39m, statusCode: [33m401[39m }
[0mPOST /api/sync/47823327-84f2-4758-8717-fb0f9b2f3eb3/devices [33m401[0m 0.489 ms - 79[0m
[ error ] API request failed { code: [32m'authentication_required'[39m, statusCode: [33m401[39m }
[0mPOST /api/sync/47823327-84f2-4758-8717-fb0f9b2f3eb3/devices [33m401[0m 0.455 ms - 79[0m
[0mTRACE /api/sync/47823327-84f2-4758-8717-fb0f9b2f3eb3/devices/recover [33m405[0m 0.152 ms - 78[0m
[0mQUERY /api/sync/47823327-84f2-4758-8717-fb0f9b2f3eb3/devices/recover [33m405[0m 0.227 ms - 78[0m
[0mPUT /api/sync/47823327-84f2-4758-8717-fb0f9b2f3eb3/devices/recover [33m405[0m 0.153 ms - 78[0m
[0mPATCH /api/sync/47823327-84f2-4758-8717-fb0f9b2f3eb3/devices/recover [33m405[0m 0.231 ms - 78[0m
[0mOPTIONS /api/sync/47823327-84f2-4758-8717-fb0f9b2f3eb3/devices/recover [33m405[0m 0.185 ms - 78[0m
[0mGET /api/sync/47823327-84f2-4758-8717-fb0f9b2f3eb3/devices/recover [33m405[0m 0.259 ms - 78[0m
[0mDELETE /api/sync/47823327-84f2-4758-8717-fb0f9b2f3eb3/devices/recover [33m405[0m 0.201 ms - 78[0m
[ error ] API request failed { code: [32m'authentication_required'[39m, statusCode: [33m401[39m }
[0mPOST /api/sync/000000000000000000000000000000000000000000000000000000000000000000000000000000000000000000000000000000000000000000000000000000000000000000000000000000000000000000000000000000000000000000000000000000000/devices/recover [33m401[0m 0.545 ms - 79[0m
[ error ] API request failed { code: [32m'authentication_required'[39m, statusCode: [33m401[39m }
[0mPOST /api/sync/0000000000000000000000000000000000000000000000000000000000000000000000000000000000000000000000000000000000000000000000000000000000000000000000000000000000000000000000000000000000000000000000000000000/devices/recover [33m401[0m 0.867 ms - 79[0m
[ error ] API request failed { code: [32m'authentication_required'[39m, statusCode: [33m401[39m }
[0mPOST /api/sync/00000000000000000000000000000000000000000000000000000000000000000000000000000000000000000000000000000000000000000000000000000000000000000000000000000000000000000000000000000000000000000000000000000000/devices/recover [33m401[0m 0.467 ms - 79[0m
[ error ] API request failed { code: [32m'authentication_required'[39m, statusCode: [33m401[39m }
[0mPOST /api/sync/00/devices/recover [33m401[0m 0.431 ms - 79[0m
[ error ] API request failed { code: [32m'authentication_required'[39m, statusCode: [33m401[39m }
[0mPOST /api/sync/0/devices/recover [33m401[0m 0.465 ms - 79[0m
[ error ] API request failed { code: [32m'authentication_required'[39m, statusCode: [33m401[39m }
[0mPOST /api/sync/47823327-84f2-4758-8717-fb0f9b2f3eb3/devices/recover [33m401[0m 0.416 ms - 79[0m
[ error ] API request failed { code: [32m'authentication_required'[39m, statusCode: [33m401[39m }
[0mPOST /api/sync/47823327-84f2-4758-8717-fb0f9b2f3eb3/devices/recover [33m401[0m 0.775 ms - 79[0m
[ error ] API request failed { code: [32m'authentication_required'[39m, statusCode: [33m401[39m }
[0mPOST /api/sync/47823327-84f2-4758-8717-fb0f9b2f3eb3/devices/recover [33m401[0m 0.415 ms - 79[0m
[ error ] API request failed { code: [32m'authentication_required'[39m, statusCode: [33m401[39m }
[0mPOST /api/sync/47823327-84f2-4758-8717-fb0f9b2f3eb3/devices/recover [33m401[0m 0.397 ms - 79[0m
[ error ] API request failed { code: [32m'authentication_required'[39m, statusCode: [33m401[39m }
[0mPOST /api/sync/47823327-84f2-4758-8717-fb0f9b2f3eb3/devices/recover [33m401[0m 0.369 ms - 79[0m
[ error ] API request failed { code: [32m'authentication_required'[39m, statusCode: [33m401[39m }
[0mPOST /api/sync/47823327-84f2-4758-8717-fb0f9b2f3eb3/devices/recover [33m401[0m 0.481 ms - 79[0m
[ error ] API request failed { code: [32m'authentication_required'[39m, statusCode: [33m401[39m }
[0mPOST /api/sync/47823327-84f2-4758-8717-fb0f9b2f3eb3/devices/recover [33m401[0m 0.389 ms - 79[0m
[ error ] API request failed { code: [32m'authentication_required'[39m, statusCode: [33m401[39m }
[0mPOST /api/sync/47823327-84f2-4758-8717-fb0f9b2f3eb3/devices/recover [33m401[0m 0.400 ms - 79[0m
[ error ] API request failed { code: [32m'authentication_required'[39m, statusCode: [33m401[39m }
[0mPOST /api/sync/47823327-84f2-4758-8717-fb0f9b2f3eb3/devices/recover [33m401[0m 0.378 ms - 79[0m
[ error ] API request failed { code: [32m'authentication_required'[39m, statusCode: [33m401[39m }
[0mPOST /api/sync/47823327-84f2-4758-8717-fb0f9b2f3eb3/devices/recover [33m401[0m 0.409 ms - 79[0m
[ error ] API request failed { code: [32m'authentication_required'[39m, statusCode: [33m401[39m }
[0mPOST /api/sync/47823327-84f2-4758-8717-fb0f9b2f3eb3/devices/recover [33m401[0m 0.676 ms - 79[0m
[ error ] API request failed { code: [32m'authentication_required'[39m, statusCode: [33m401[39m }
[0mPOST /api/sync/47823327-84f2-4758-8717-fb0f9b2f3eb3/devices/recover [33m401[0m 3.633 ms - 79[0m
[ error ] API request failed { code: [32m'authentication_required'[39m, statusCode: [33m401[39m }
[0mPOST /api/sync/47823327-84f2-4758-8717-fb0f9b2f3eb3/devices/recover [33m401[0m 0.455 ms - 79[0m
[ error ] API request failed { code: [32m'authentication_required'[39m, statusCode: [33m401[39m }
[0mPOST /api/sync/47823327-84f2-4758-8717-fb0f9b2f3eb3/devices/recover [33m401[0m 0.617 ms - 79[0m
[ error ] API request failed { code: [32m'authentication_required'[39m, statusCode: [33m401[39m }
[0mPOST /api/sync/47823327-84f2-4758-8717-fb0f9b2f3eb3/devices/recover [33m401[0m 0.542 ms - 79[0m
[ error ] API request failed { code: [32m'authentication_required'[39m, statusCode: [33m401[39m }
[0mPOST /api/sync/47823327-84f2-4758-8717-fb0f9b2f3eb3/devices/recover [33m401[0m 0.565 ms - 79[0m
[ error ] API request failed { code: [32m'authentication_required'[39m, statusCode: [33m401[39m }
[0mPOST /api/sync/47823327-84f2-4758-8717-fb0f9b2f3eb3/devices/recover [33m401[0m 0.520 ms - 79[0m
[ error ] API request failed { code: [32m'authentication_required'[39m, statusCode: [33m401[39m }
[0mPOST /api/sync/47823327-84f2-4758-8717-fb0f9b2f3eb3/devices/recover [33m401[0m 0.515 ms - 79[0m
[ error ] API request failed { code: [32m'authentication_required'[39m, statusCode: [33m401[39m }
[0mPOST /api/sync/47823327-84f2-4758-8717-fb0f9b2f3eb3/devices/recover [33m401[0m 0.563 ms - 79[0m
[ error ] API request failed { code: [32m'authentication_required'[39m, statusCode: [33m401[39m }
[0mPOST /api/sync/47823327-84f2-4758-8717-fb0f9b2f3eb3/devices/recover [33m401[0m 0.737 ms - 79[0m
[ error ] API request failed { code: [32m'authentication_required'[39m, statusCode: [33m401[39m }
[0mPOST /api/sync/47823327-84f2-4758-8717-fb0f9b2f3eb3/devices/recover [33m401[0m 0.547 ms - 79[0m
[ error ] API request failed { code: [32m'authentication_required'[39m, statusCode: [33m401[39m }
[0mPOST /api/sync/47823327-84f2-4758-8717-fb0f9b2f3eb3/devices/recover [33m401[0m 0.592 ms - 79[0m
[ error ] API request failed { code: [32m'authentication_required'[39m, statusCode: [33m401[39m }
[0mPOST /api/sync/47823327-84f2-4758-8717-fb0f9b2f3eb3/devices/recover [33m401[0m 0.868 ms - 79[0m
[ error ] API request failed { code: [32m'authentication_required'[39m, statusCode: [33m401[39m }
[0mPOST /api/sync/47823327-84f2-4758-8717-fb0f9b2f3eb3/devices/recover [33m401[0m 0.706 ms - 79[0m
[ error ] API request failed { code: [32m'authentication_required'[39m, statusCode: [33m401[39m }
[0mPOST /api/sync/47823327-84f2-4758-8717-fb0f9b2f3eb3/devices/recover [33m401[0m 0.619 ms - 79[0m
[ error ] API request failed { code: [32m'authentication_required'[39m, statusCode: [33m401[39m }
[0mPOST /api/sync/47823327-84f2-4758-8717-fb0f9b2f3eb3/devices/recover [33m401[0m 0.426 ms - 79[0m
[ error ] API request failed { code: [32m'authentication_required'[39m, statusCode: [33m401[39m }
[0mPOST /api/sync/47823327-84f2-4758-8717-fb0f9b2f3eb3/devices/recover [33m401[0m 0.373 ms - 79[0m
[ error ] API request failed { code: [32m'authentication_required'[39m, statusCode: [33m401[39m }
[0mPOST /api/sync/47823327-84f2-4758-8717-fb0f9b2f3eb3/devices/recover [33m401[0m 0.372 ms - 79[0m
[ error ] API request failed { code: [32m'authentication_required'[39m, statusCode: [33m401[39m }
[0mPOST /api/sync/47823327-84f2-4758-8717-fb0f9b2f3eb3/devices/recover [33m401[0m 0.437 ms - 79[0m
[ error ] API request failed { code: [32m'authentication_required'[39m, statusCode: [33m401[39m }
[0mPOST /api/sync/47823327-84f2-4758-8717-fb0f9b2f3eb3/devices/recover [33m401[0m 0.369 ms - 79[0m
[ error ] API request failed { code: [32m'authentication_required'[39m, statusCode: [33m401[39m }
[0mPOST /api/sync/47823327-84f2-4758-8717-fb0f9b2f3eb3/devices/recover [33m401[0m 0.473 ms - 79[0m
[ error ] API request failed { code: [32m'authentication_required'[39m, statusCode: [33m401[39m }
[0mPOST /api/sync/47823327-84f2-4758-8717-fb0f9b2f3eb3/devices/recover [33m401[0m 0.417 ms - 79[0m
[ error ] API request failed { code: [32m'authentication_required'[39m, statusCode: [33m401[39m }
[0mPOST /api/sync/47823327-84f2-4758-8717-fb0f9b2f3eb3/devices/recover [33m401[0m 0.572 ms - 79[0m
[ error ] API request failed { code: [32m'authentication_required'[39m, statusCode: [33m401[39m }
[0mPOST /api/sync/47823327-84f2-4758-8717-fb0f9b2f3eb3/devices/recover [33m401[0m 0.429 ms - 79[0m
[ error ] API request failed { code: [32m'authentication_required'[39m, statusCode: [33m401[39m }
[0mPOST /api/sync/47823327-84f2-4758-8717-fb0f9b2f3eb3/devices/recover [33m401[0m 0.458 ms - 79[0m
[ error ] API request failed { code: [32m'authentication_required'[39m, statusCode: [33m401[39m }
[0mPOST /api/sync/47823327-84f2-4758-8717-fb0f9b2f3eb3/devices/recover [33m401[0m 0.438 ms - 79[0m
[ error ] API request failed { code: [32m'authentication_required'[39m, statusCode: [33m401[39m }
[0mPOST /api/sync/47823327-84f2-4758-8717-fb0f9b2f3eb3/devices/recover [33m401[0m 0.551 ms - 79[0m
[ error ] API request failed { code: [32m'authentication_required'[39m, statusCode: [33m401[39m }
[0mPOST /api/sync/47823327-84f2-4758-8717-fb0f9b2f3eb3/devices/recover [33m401[0m 0.384 ms - 79[0m
[ error ] API request failed { code: [32m'authentication_required'[39m, statusCode: [33m401[39m }
[0mPOST /api/sync/47823327-84f2-4758-8717-fb0f9b2f3eb3/devices/recover [33m401[0m 0.406 ms - 79[0m
[ error ] API request failed { code: [32m'authentication_required'[39m, statusCode: [33m401[39m }
[0mPOST /api/sync/47823327-84f2-4758-8717-fb0f9b2f3eb3/devices/recover [33m401[0m 0.351 ms - 79[0m
[ error ] API request failed { code: [32m'authentication_required'[39m, statusCode: [33m401[39m }
[0mPOST /api/sync/47823327-84f2-4758-8717-fb0f9b2f3eb3/devices/recover [33m401[0m 0.389 ms - 79[0m
[ error ] API request failed { code: [32m'authentication_required'[39m, statusCode: [33m401[39m }
[0mPOST /api/sync/47823327-84f2-4758-8717-fb0f9b2f3eb3/devices/recover [33m401[0m 0.611 ms - 79[0m
[ error ] API request failed { code: [32m'authentication_required'[39m, statusCode: [33m401[39m }
[0mPOST /api/sync/47823327-84f2-4758-8717-fb0f9b2f3eb3/devices/recover [33m401[0m 0.377 ms - 79[0m
[ error ] API request failed { code: [32m'authentication_required'[39m, statusCode: [33m401[39m }
[0mPOST /api/sync/47823327-84f2-4758-8717-fb0f9b2f3eb3/devices/recover [33m401[0m 0.466 ms - 79[0m
[ error ] API request failed { code: [32m'authentication_required'[39m, statusCode: [33m401[39m }
[0mPOST /api/sync/47823327-84f2-4758-8717-fb0f9b2f3eb3/devices/recover [33m401[0m 0.477 ms - 79[0m
[ error ] API request failed { code: [32m'authentication_required'[39m, statusCode: [33m401[39m }
[0mPOST /api/sync/47823327-84f2-4758-8717-fb0f9b2f3eb3/devices/recover [33m401[0m 0.395 ms - 79[0m
[ error ] API request failed { code: [32m'authentication_required'[39m, statusCode: [33m401[39m }
[0mPOST /api/sync/47823327-84f2-4758-8717-fb0f9b2f3eb3/devices/recover [33m401[0m 0.377 ms - 79[0m
[ error ] API request failed { code: [32m'authentication_required'[39m, statusCode: [33m401[39m }
[0mPOST /api/sync/47823327-84f2-4758-8717-fb0f9b2f3eb3/devices/recover [33m401[0m 0.319 ms - 79[0m
[ error ] API request failed { code: [32m'authentication_required'[39m, statusCode: [33m401[39m }
[0mPOST /api/sync/47823327-84f2-4758-8717-fb0f9b2f3eb3/devices/recover [33m401[0m 0.275 ms - 79[0m
[ error ] API request failed { code: [32m'authentication_required'[39m, statusCode: [33m401[39m }
[0mPOST /api/sync/47823327-84f2-4758-8717-fb0f9b2f3eb3/devices/recover [33m401[0m 0.282 ms - 79[0m
[ error ] API request failed { code: [32m'authentication_required'[39m, statusCode: [33m401[39m }
[0mPOST /api/sync/47823327-84f2-4758-8717-fb0f9b2f3eb3/devices/recover [33m401[0m 0.326 ms - 79[0m
[ error ] API request failed { code: [32m'authentication_required'[39m, statusCode: [33m401[39m }
[0mPOST /api/sync/47823327-84f2-4758-8717-fb0f9b2f3eb3/devices/recover [33m401[0m 0.437 ms - 79[0m
[ error ] API request failed { code: [32m'authentication_required'[39m, statusCode: [33m401[39m }
[0mPOST /api/sync/47823327-84f2-4758-8717-fb0f9b2f3eb3/devices/recover [33m401[0m 0.376 ms - 79[0m
[ error ] API request failed { code: [32m'authentication_required'[39m, statusCode: [33m401[39m }
[0mPOST /api/sync/47823327-84f2-4758-8717-fb0f9b2f3eb3/devices/recover [33m401[0m 0.395 ms - 79[0m
[ error ] API request failed { code: [32m'authentication_required'[39m, statusCode: [33m401[39m }
[0mPOST /api/sync/47823327-84f2-4758-8717-fb0f9b2f3eb3/devices/recover [33m401[0m 0.322 ms - 79[0m
[ error ] API request failed { code: [32m'authentication_required'[39m, statusCode: [33m401[39m }
[0mPOST /api/sync/47823327-84f2-4758-8717-fb0f9b2f3eb3/devices/recover [33m401[0m 0.304 ms - 79[0m
[ error ] API request failed { code: [32m'authentication_required'[39m, statusCode: [33m401[39m }
[0mPOST /api/sync/47823327-84f2-4758-8717-fb0f9b2f3eb3/devices/recover [33m401[0m 0.256 ms - 79[0m
[ error ] API request failed { code: [32m'authentication_required'[39m, statusCode: [33m401[39m }
[0mPOST /api/sync/47823327-84f2-4758-8717-fb0f9b2f3eb3/devices/recover [33m401[0m 0.332 ms - 79[0m
[ error ] API request failed { code: [32m'authentication_required'[39m, statusCode: [33m401[39m }
[0mPOST /api/sync/47823327-84f2-4758-8717-fb0f9b2f3eb3/devices/recover [33m401[0m 0.659 ms - 79[0m
[ error ] API request failed { code: [32m'authentication_required'[39m, statusCode: [33m401[39m }
[0mPOST /api/sync/47823327-84f2-4758-8717-fb0f9b2f3eb3/devices/recover [33m401[0m 0.697 ms - 79[0m
[ error ] API request failed { code: [32m'authentication_required'[39m, statusCode: [33m401[39m }
[0mPOST /api/sync/47823327-84f2-4758-8717-fb0f9b2f3eb3/devices/recover [33m401[0m 0.343 ms - 79[0m
[ error ] API request failed { code: [32m'authentication_required'[39m, statusCode: [33m401[39m }
[0mPOST /api/sync/47823327-84f2-4758-8717-fb0f9b2f3eb3/devices/recover [33m401[0m 0.350 ms - 79[0m
[ error ] API request failed { code: [32m'authentication_required'[39m, statusCode: [33m401[39m }
[0mPOST /api/sync/47823327-84f2-4758-8717-fb0f9b2f3eb3/devices/recover [33m401[0m 0.367 ms - 79[0m
[ error ] API request failed { code: [32m'authentication_required'[39m, statusCode: [33m401[39m }
[0mPOST /api/sync/47823327-84f2-4758-8717-fb0f9b2f3eb3/devices/recover [33m401[0m 0.415 ms - 79[0m
[ error ] API request failed { code: [32m'authentication_required'[39m, statusCode: [33m401[39m }
[0mPOST /api/sync/47823327-84f2-4758-8717-fb0f9b2f3eb3/devices/recover [33m401[0m 0.266 ms - 79[0m
[ error ] API request failed { code: [32m'authentication_required'[39m, statusCode: [33m401[39m }
[0mPOST /api/sync/47823327-84f2-4758-8717-fb0f9b2f3eb3/devices/recover [33m401[0m 0.240 ms - 79[0m
[ error ] API request failed { code: [32m'authentication_required'[39m, statusCode: [33m401[39m }
[0mPOST /api/sync/47823327-84f2-4758-8717-fb0f9b2f3eb3/devices/recover [33m401[0m 0.302 ms - 79[0m
[ error ] API request failed { code: [32m'authentication_required'[39m, statusCode: [33m401[39m }
[0mPOST /api/sync/47823327-84f2-4758-8717-fb0f9b2f3eb3/devices/recover [33m401[0m 0.315 ms - 79[0m
[ error ] API request failed { code: [32m'authentication_required'[39m, statusCode: [33m401[39m }
[0mPOST /api/sync/47823327-84f2-4758-8717-fb0f9b2f3eb3/devices/recover [33m401[0m 0.619 ms - 79[0m
[ error ] API request failed { code: [32m'authentication_required'[39m, statusCode: [33m401[39m }
[0mPOST /api/sync/47823327-84f2-4758-8717-fb0f9b2f3eb3/devices/recover [33m401[0m 0.358 ms - 79[0m
[ error ] API request failed { code: [32m'authentication_required'[39m, statusCode: [33m401[39m }
[0mPOST /api/sync/47823327-84f2-4758-8717-fb0f9b2f3eb3/devices/recover [33m401[0m 0.350 ms - 79[0m
[ error ] API request failed { code: [32m'authentication_required'[39m, statusCode: [33m401[39m }
[0mPOST /api/sync/47823327-84f2-4758-8717-fb0f9b2f3eb3/devices/recover [33m401[0m 0.301 ms - 79[0m
[ error ] API request failed { code: [32m'authentication_required'[39m, statusCode: [33m401[39m }
[0mPOST /api/sync/47823327-84f2-4758-8717-fb0f9b2f3eb3/devices/recover [33m401[0m 0.453 ms - 79[0m
[ error ] API request failed { code: [32m'authentication_required'[39m, statusCode: [33m401[39m }
[0mPOST /api/sync/47823327-84f2-4758-8717-fb0f9b2f3eb3/devices/recover [33m401[0m 0.375 ms - 79[0m
[ error ] API request failed { code: [32m'authentication_required'[39m, statusCode: [33m401[39m }
[0mPOST /api/sync/47823327-84f2-4758-8717-fb0f9b2f3eb3/devices/recover [33m401[0m 0.559 ms - 79[0m
[ error ] API request failed { code: [32m'authentication_required'[39m, statusCode: [33m401[39m }
[0mPOST /api/sync/47823327-84f2-4758-8717-fb0f9b2f3eb3/devices/recover [33m401[0m 0.375 ms - 79[0m
[ error ] API request failed { code: [32m'authentication_required'[39m, statusCode: [33m401[39m }
[0mPOST /api/sync/47823327-84f2-4758-8717-fb0f9b2f3eb3/devices/recover [33m401[0m 0.643 ms - 79[0m
[ error ] API request failed { code: [32m'authentication_required'[39m, statusCode: [33m401[39m }
[0mPOST /api/sync/47823327-84f2-4758-8717-fb0f9b2f3eb3/devices/recover [33m401[0m 0.799 ms - 79[0m
[ error ] API request failed { code: [32m'authentication_required'[39m, statusCode: [33m401[39m }
[0mPOST /api/sync/47823327-84f2-4758-8717-fb0f9b2f3eb3/devices/recover [33m401[0m 0.389 ms - 79[0m
[ error ] API request failed { code: [32m'authentication_required'[39m, statusCode: [33m401[39m }
[0mPOST /api/sync/47823327-84f2-4758-8717-fb0f9b2f3eb3/devices/recover [33m401[0m 0.370 ms - 79[0m
[ error ] API request failed { code: [32m'authentication_required'[39m, statusCode: [33m401[39m }
[0mPOST /api/sync/47823327-84f2-4758-8717-fb0f9b2f3eb3/devices/recover [33m401[0m 0.455 ms - 79[0m
[ error ] API request failed { code: [32m'authentication_required'[39m, statusCode: [33m401[39m }
[0mPOST /api/sync/47823327-84f2-4758-8717-fb0f9b2f3eb3/devices/recover [33m401[0m 0.425 ms - 79[0m
[ error ] API request failed { code: [32m'authentication_required'[39m, statusCode: [33m401[39m }
[0mPOST /api/sync/47823327-84f2-4758-8717-fb0f9b2f3eb3/devices/recover [33m401[0m 0.647 ms - 79[0m
[ error ] API request failed { code: [32m'authentication_required'[39m, statusCode: [33m401[39m }
[0mPOST /api/sync/47823327-84f2-4758-8717-fb0f9b2f3eb3/devices/recover [33m401[0m 0.659 ms - 79[0m
[ error ] API request failed { code: [32m'authentication_required'[39m, statusCode: [33m401[39m }
[0mPOST /api/sync/47823327-84f2-4758-8717-fb0f9b2f3eb3/devices/recover [33m401[0m 0.473 ms - 79[0m
[ error ] API request failed { code: [32m'authentication_required'[39m, statusCode: [33m401[39m }
[0mPOST /api/sync/47823327-84f2-4758-8717-fb0f9b2f3eb3/devices/recover [33m401[0m 0.419 ms - 79[0m
[ error ] API request failed { code: [32m'authentication_required'[39m, statusCode: [33m401[39m }
[0mPOST /api/sync/47823327-84f2-4758-8717-fb0f9b2f3eb3/devices/recover [33m401[0m 0.396 ms - 79[0m
[ error ] API request failed { code: [32m'authentication_required'[39m, statusCode: [33m401[39m }
[0mPOST /api/sync/47823327-84f2-4758-8717-fb0f9b2f3eb3/devices/recover [33m401[0m 0.504 ms - 79[0m
[ error ] API request failed { code: [32m'authentication_required'[39m, statusCode: [33m401[39m }
[0mPOST /api/sync/47823327-84f2-4758-8717-fb0f9b2f3eb3/devices/recover [33m401[0m 0.344 ms - 79[0m
[ error ] API request failed { code: [32m'authentication_required'[39m, statusCode: [33m401[39m }
[0mPOST /api/sync/47823327-84f2-4758-8717-fb0f9b2f3eb3/devices/recover [33m401[0m 0.553 ms - 79[0m
[ error ] API request failed { code: [32m'authentication_required'[39m, statusCode: [33m401[39m }
[0mPOST /api/sync/47823327-84f2-4758-8717-fb0f9b2f3eb3/devices/recover [33m401[0m 0.421 ms - 79[0m
[ error ] API request failed { code: [32m'authentication_required'[39m, statusCode: [33m401[39m }
[0mPOST /api/sync/47823327-84f2-4758-8717-fb0f9b2f3eb3/devices/recover [33m401[0m 0.382 ms - 79[0m
[ error ] API request failed { code: [32m'authentication_required'[39m, statusCode: [33m401[39m }
[0mPOST /api/sync/47823327-84f2-4758-8717-fb0f9b2f3eb3/devices/recover [33m401[0m 0.442 ms - 79[0m
[ error ] API request failed { code: [32m'authentication_required'[39m, statusCode: [33m401[39m }
[0mPOST /api/sync/47823327-84f2-4758-8717-fb0f9b2f3eb3/devices/recover [33m401[0m 0.407 ms - 79[0m
[ error ] API request failed { code: [32m'authentication_required'[39m, statusCode: [33m401[39m }
[0mPOST /api/sync/47823327-84f2-4758-8717-fb0f9b2f3eb3/devices/recover [33m401[0m 0.713 ms - 79[0m
[ error ] API request failed { code: [32m'authentication_required'[39m, statusCode: [33m401[39m }
[0mPOST /api/sync/47823327-84f2-4758-8717-fb0f9b2f3eb3/devices/recover [33m401[0m 0.422 ms - 79[0m
[ error ] API request failed { code: [32m'authentication_required'[39m, statusCode: [33m401[39m }
[0mPOST /api/sync/47823327-84f2-4758-8717-fb0f9b2f3eb3/devices/recover [33m401[0m 1.108 ms - 79[0m
[ error ] API request failed { code: [32m'authentication_required'[39m, statusCode: [33m401[39m }
[0mPOST /api/sync/47823327-84f2-4758-8717-fb0f9b2f3eb3/devices/recover [33m401[0m 0.475 ms - 79[0m
[ error ] API request failed { code: [32m'authentication_required'[39m, statusCode: [33m401[39m }
[0mPOST /api/sync/47823327-84f2-4758-8717-fb0f9b2f3eb3/devices/recover [33m401[0m 0.515 ms - 79[0m
[ error ] API request failed { code: [32m'authentication_required'[39m, statusCode: [33m401[39m }
[0mPOST /api/sync/47823327-84f2-4758-8717-fb0f9b2f3eb3/devices/recover [33m401[0m 0.601 ms - 79[0m
[ error ] API request failed { code: [32m'authentication_required'[39m, statusCode: [33m401[39m }
[0mPOST /api/sync/47823327-84f2-4758-8717-fb0f9b2f3eb3/devices/recover [33m401[0m 0.416 ms - 79[0m
[ error ] API request failed { code: [32m'authentication_required'[39m, statusCode: [33m401[39m }
[0mPOST /api/sync/47823327-84f2-4758-8717-fb0f9b2f3eb3/devices/recover [33m401[0m 0.440 ms - 79[0m
[ error ] API request failed { code: [32m'authentication_required'[39m, statusCode: [33m401[39m }
[0mPOST /api/sync/47823327-84f2-4758-8717-fb0f9b2f3eb3/devices/recover [33m401[0m 0.345 ms - 79[0m
[ error ] API request failed { code: [32m'authentication_required'[39m, statusCode: [33m401[39m }
[0mPOST /api/sync/47823327-84f2-4758-8717-fb0f9b2f3eb3/devices/recover [33m401[0m 0.357 ms - 79[0m
[ error ] API request failed { code: [32m'authentication_required'[39m, statusCode: [33m401[39m }
[0mPOST /api/sync/47823327-84f2-4758-8717-fb0f9b2f3eb3/devices/recover [33m401[0m 0.526 ms - 79[0m
[ error ] API request failed { code: [32m'authentication_required'[39m, statusCode: [33m401[39m }
[0mPOST /api/sync/47823327-84f2-4758-8717-fb0f9b2f3eb3/devices/recover [33m401[0m 0.460 ms - 79[0m
[ error ] API request failed { code: [32m'authentication_required'[39m, statusCode: [33m401[39m }
[0mPOST /api/sync/47823327-84f2-4758-8717-fb0f9b2f3eb3/devices/recover [33m401[0m 0.496 ms - 79[0m
[ error ] API request failed { code: [32m'authentication_required'[39m, statusCode: [33m401[39m }
[0mPOST /api/sync/47823327-84f2-4758-8717-fb0f9b2f3eb3/devices/recover [33m401[0m 0.332 ms - 79[0m
[ error ] API request failed { code: [32m'authentication_required'[39m, statusCode: [33m401[39m }
[0mPOST /api/sync/47823327-84f2-4758-8717-fb0f9b2f3eb3/devices/recover [33m401[0m 0.358 ms - 79[0m
[ error ] API request failed { code: [32m'authentication_required'[39m, statusCode: [33m401[39m }
[0mPOST /api/sync/47823327-84f2-4758-8717-fb0f9b2f3eb3/devices/recover [33m401[0m 0.361 ms - 79[0m
[ error ] API request failed { code: [32m'authentication_required'[39m, statusCode: [33m401[39m }
[0mPOST /api/sync/47823327-84f2-4758-8717-fb0f9b2f3eb3/devices/recover [33m401[0m 0.408 ms - 79[0m
[ error ] API request failed { code: [32m'authentication_required'[39m, statusCode: [33m401[39m }
[0mPOST /api/sync/47823327-84f2-4758-8717-fb0f9b2f3eb3/devices/recover [33m401[0m 0.295 ms - 79[0m
[ error ] API request failed { code: [32m'authentication_required'[39m, statusCode: [33m401[39m }
[0mPOST /api/sync/47823327-84f2-4758-8717-fb0f9b2f3eb3/devices/recover [33m401[0m 0.470 ms - 79[0m
[ error ] API request failed { code: [32m'authentication_required'[39m, statusCode: [33m401[39m }
[0mPOST /api/sync/47823327-84f2-4758-8717-fb0f9b2f3eb3/devices/recover [33m401[0m 0.353 ms - 79[0m
[ error ] API request failed { code: [32m'authentication_required'[39m, statusCode: [33m401[39m }
[0mPOST /api/sync/47823327-84f2-4758-8717-fb0f9b2f3eb3/devices/recover [33m401[0m 0.530 ms - 79[0m
[ error ] API request failed { code: [32m'authentication_required'[39m, statusCode: [33m401[39m }
[0mPOST /api/sync/47823327-84f2-4758-8717-fb0f9b2f3eb3/devices/recover [33m401[0m 0.363 ms - 79[0m
[ error ] API request failed { code: [32m'authentication_required'[39m, statusCode: [33m401[39m }
[0mPOST /api/sync/47823327-84f2-4758-8717-fb0f9b2f3eb3/devices/recover [33m401[0m 0.332 ms - 79[0m
[ error ] API request failed { code: [32m'authentication_required'[39m, statusCode: [33m401[39m }
[0mPOST /api/sync/47823327-84f2-4758-8717-fb0f9b2f3eb3/devices/recover [33m401[0m 0.417 ms - 79[0m
[ error ] API request failed { code: [32m'authentication_required'[39m, statusCode: [33m401[39m }
[0mPOST /api/sync/47823327-84f2-4758-8717-fb0f9b2f3eb3/devices/recover [33m401[0m 0.428 ms - 79[0m
[ error ] API request failed { code: [32m'authentication_required'[39m, statusCode: [33m401[39m }
[0mPOST /api/sync/47823327-84f2-4758-8717-fb0f9b2f3eb3/devices/recover [33m401[0m 0.459 ms - 79[0m
[ error ] API request failed { code: [32m'authentication_required'[39m, statusCode: [33m401[39m }
[0mPOST /api/sync/47823327-84f2-4758-8717-fb0f9b2f3eb3/devices/recover [33m401[0m 0.439 ms - 79[0m
[ error ] API request failed { code: [32m'authentication_required'[39m, statusCode: [33m401[39m }
[0mPOST /api/sync/47823327-84f2-4758-8717-fb0f9b2f3eb3/devices/recover [33m401[0m 0.482 ms - 79[0m
[ error ] API request failed { code: [32m'authentication_required'[39m, statusCode: [33m401[39m }
[0mPOST /api/sync/47823327-84f2-4758-8717-fb0f9b2f3eb3/devices/recover [33m401[0m 0.495 ms - 79[0m
[ error ] API request failed { code: [32m'authentication_required'[39m, statusCode: [33m401[39m }
[0mPOST /api/sync/47823327-84f2-4758-8717-fb0f9b2f3eb3/devices/recover [33m401[0m 0.359 ms - 79[0m
[ error ] API request failed { code: [32m'authentication_required'[39m, statusCode: [33m401[39m }
[0mPOST /api/sync/47823327-84f2-4758-8717-fb0f9b2f3eb3/devices/recover [33m401[0m 0.765 ms - 79[0m
[ error ] API request failed { code: [32m'authentication_required'[39m, statusCode: [33m401[39m }
[0mPOST /api/sync/47823327-84f2-4758-8717-fb0f9b2f3eb3/devices/recover [33m401[0m 0.614 ms - 79[0m
[ error ] API request failed { code: [32m'authentication_required'[39m, statusCode: [33m401[39m }
[0mPOST /api/sync/47823327-84f2-4758-8717-fb0f9b2f3eb3/devices/recover [33m401[0m 0.547 ms - 79[0m
[ error ] API request failed { code: [32m'authentication_required'[39m, statusCode: [33m401[39m }
[0mPOST /api/sync/47823327-84f2-4758-8717-fb0f9b2f3eb3/devices/recover [33m401[0m 0.521 ms - 79[0m
[ error ] API request failed { code: [32m'authentication_required'[39m, statusCode: [33m401[39m }
[0mPOST /api/sync/47823327-84f2-4758-8717-fb0f9b2f3eb3/devices/recover [33m401[0m 0.732 ms - 79[0m
[ error ] API request failed { code: [32m'authentication_required'[39m, statusCode: [33m401[39m }
[0mPOST /api/sync/47823327-84f2-4758-8717-fb0f9b2f3eb3/devices/recover [33m401[0m 0.469 ms - 79[0m
[ error ] API request failed { code: [32m'authentication_required'[39m, statusCode: [33m401[39m }
[0mPOST /api/sync/47823327-84f2-4758-8717-fb0f9b2f3eb3/devices/recover [33m401[0m 0.505 ms - 79[0m
[ error ] API request failed { code: [32m'authentication_required'[39m, statusCode: [33m401[39m }
[0mPOST /api/sync/47823327-84f2-4758-8717-fb0f9b2f3eb3/devices/recover [33m401[0m 0.452 ms - 79[0m
[ error ] API request failed { code: [32m'authentication_required'[39m, statusCode: [33m401[39m }
[0mPOST /api/sync/47823327-84f2-4758-8717-fb0f9b2f3eb3/devices/recover [33m401[0m 0.586 ms - 79[0m
[ error ] API request failed { code: [32m'authentication_required'[39m, statusCode: [33m401[39m }
[0mPOST /api/sync/47823327-84f2-4758-8717-fb0f9b2f3eb3/devices/recover [33m401[0m 0.752 ms - 79[0m
[ error ] API request failed { code: [32m'authentication_required'[39m, statusCode: [33m401[39m }
[0mPOST /api/sync/47823327-84f2-4758-8717-fb0f9b2f3eb3/devices/recover [33m401[0m 0.350 ms - 79[0m
[ error ] API request failed { code: [32m'authentication_required'[39m, statusCode: [33m401[39m }
[0mPOST /api/sync/47823327-84f2-4758-8717-fb0f9b2f3eb3/devices/recover [33m401[0m 0.552 ms - 79[0m
[ error ] API request failed { code: [32m'authentication_required'[39m, statusCode: [33m401[39m }
[0mPOST /api/sync/47823327-84f2-4758-8717-fb0f9b2f3eb3/devices/recover [33m401[0m 0.622 ms - 79[0m
[ error ] API request failed { code: [32m'authentication_required'[39m, statusCode: [33m401[39m }
[0mPOST /api/sync/47823327-84f2-4758-8717-fb0f9b2f3eb3/devices/recover [33m401[0m 0.402 ms - 79[0m
[ error ] API request failed { code: [32m'authentication_required'[39m, statusCode: [33m401[39m }
[0mPOST /api/sync/47823327-84f2-4758-8717-fb0f9b2f3eb3/devices/recover [33m401[0m 0.408 ms - 79[0m
[ error ] API request failed { code: [32m'authentication_required'[39m, statusCode: [33m401[39m }
[0mPOST /api/sync/47823327-84f2-4758-8717-fb0f9b2f3eb3/devices/recover [33m401[0m 0.411 ms - 79[0m
[ error ] API request failed { code: [32m'authentication_required'[39m, statusCode: [33m401[39m }
[0mPOST /api/sync/47823327-84f2-4758-8717-fb0f9b2f3eb3/devices/recover [33m401[0m 0.418 ms - 79[0m
[ error ] API request failed { code: [32m'authentication_required'[39m, statusCode: [33m401[39m }
[0mPOST /api/sync/47823327-84f2-4758-8717-fb0f9b2f3eb3/devices/recover [33m401[0m 0.399 ms - 79[0m
[ error ] API request failed { code: [32m'authentication_required'[39m, statusCode: [33m401[39m }
[0mPOST /api/sync/47823327-84f2-4758-8717-fb0f9b2f3eb3/devices/recover [33m401[0m 0.534 ms - 79[0m
[ error ] API request failed { code: [32m'authentication_required'[39m, statusCode: [33m401[39m }
[0mPOST /api/sync/47823327-84f2-4758-8717-fb0f9b2f3eb3/devices/recover [33m401[0m 0.437 ms - 79[0m
[ error ] API request failed { code: [32m'authentication_required'[39m, statusCode: [33m401[39m }
[0mPOST /api/sync/47823327-84f2-4758-8717-fb0f9b2f3eb3/devices/recover [33m401[0m 0.523 ms - 79[0m
[ error ] API request failed { code: [32m'authentication_required'[39m, statusCode: [33m401[39m }
[0mPOST /api/sync/47823327-84f2-4758-8717-fb0f9b2f3eb3/devices/recover [33m401[0m 0.464 ms - 79[0m
[ error ] API request failed { code: [32m'authentication_required'[39m, statusCode: [33m401[39m }
[0mPOST /api/sync/47823327-84f2-4758-8717-fb0f9b2f3eb3/devices/recover [33m401[0m 0.438 ms - 79[0m
[ error ] API request failed { code: [32m'invalid_request'[39m, statusCode: [33m400[39m }
[ error ] API request failed { code: [32m'invalid_request'[39m, statusCode: [33m400[39m }
[ error ] API request failed { code: [32m'invalid_request'[39m, statusCode: [33m400[39m }
[ error ] API request failed { code: [32m'invalid_request'[39m, statusCode: [33m400[39m }
[ error ] API request failed { code: [32m'authentication_required'[39m, statusCode: [33m401[39m }
[0mPOST /api/sync/47823327-84f2-4758-8717-fb0f9b2f3eb3/devices/recover [33m401[0m 0.436 ms - 79[0m
[ error ] API request failed { code: [32m'authentication_required'[39m, statusCode: [33m401[39m }
[0mPOST /api/sync/47823327-84f2-4758-8717-fb0f9b2f3eb3/devices/recover [33m401[0m 0.476 ms - 79[0m
[ error ] API request failed { code: [32m'authentication_required'[39m, statusCode: [33m401[39m }
[0mPOST /api/sync/47823327-84f2-4758-8717-fb0f9b2f3eb3/devices/recover [33m401[0m 0.470 ms - 79[0m
[ error ] API request failed { code: [32m'authentication_required'[39m, statusCode: [33m401[39m }
[0mPOST /api/sync/47823327-84f2-4758-8717-fb0f9b2f3eb3/devices/recover [33m401[0m 0.758 ms - 79[0m
[ error ] API request failed { code: [32m'authentication_required'[39m, statusCode: [33m401[39m }
[0mPOST /api/sync/47823327-84f2-4758-8717-fb0f9b2f3eb3/devices/recover [33m401[0m 0.770 ms - 79[0m
[ error ] API request failed { code: [32m'authentication_required'[39m, statusCode: [33m401[39m }
[0mPOST /api/sync/47823327-84f2-4758-8717-fb0f9b2f3eb3/devices/recover [33m401[0m 0.396 ms - 79[0m
[ error ] API request failed { code: [32m'authentication_required'[39m, statusCode: [33m401[39m }
[0mPOST /api/sync/47823327-84f2-4758-8717-fb0f9b2f3eb3/devices/recover [33m401[0m 0.383 ms - 79[0m
[ error ] API request failed { code: [32m'authentication_required'[39m, statusCode: [33m401[39m }
[0mPOST /api/sync/47823327-84f2-4758-8717-fb0f9b2f3eb3/devices/recover [33m401[0m 0.369 ms - 79[0m
[ error ] API request failed { code: [32m'authentication_required'[39m, statusCode: [33m401[39m }
[0mPOST /api/sync/47823327-84f2-4758-8717-fb0f9b2f3eb3/devices/recover [33m401[0m 0.388 ms - 79[0m
[ error ] API request failed { code: [32m'authentication_required'[39m, statusCode: [33m401[39m }
[0mPOST /api/sync/47823327-84f2-4758-8717-fb0f9b2f3eb3/devices/recover [33m401[0m 0.541 ms - 79[0m
[ error ] API request failed { code: [32m'authentication_required'[39m, statusCode: [33m401[39m }
[0mPOST /api/sync/47823327-84f2-4758-8717-fb0f9b2f3eb3/devices/recover [33m401[0m 0.442 ms - 79[0m
[ error ] API request failed { code: [32m'authentication_required'[39m, statusCode: [33m401[39m }
[0mPOST /api/sync/47823327-84f2-4758-8717-fb0f9b2f3eb3/devices/recover [33m401[0m 0.482 ms - 79[0m
[ error ] API request failed { code: [32m'authentication_required'[39m, statusCode: [33m401[39m }
[0mPOST /api/sync/47823327-84f2-4758-8717-fb0f9b2f3eb3/devices/recover [33m401[0m 0.418 ms - 79[0m
[ error ] API request failed { code: [32m'authentication_required'[39m, statusCode: [33m401[39m }
[0mPOST /api/sync/47823327-84f2-4758-8717-fb0f9b2f3eb3/devices/recover [33m401[0m 0.484 ms - 79[0m
[ error ] API request failed { code: [32m'authentication_required'[39m, statusCode: [33m401[39m }
[0mPOST /api/sync/47823327-84f2-4758-8717-fb0f9b2f3eb3/devices/recover [33m401[0m 0.384 ms - 79[0m
[ error ] API request failed { code: [32m'authentication_required'[39m, statusCode: [33m401[39m }
[0mPOST /api/sync/47823327-84f2-4758-8717-fb0f9b2f3eb3/devices/recover [33m401[0m 0.496 ms - 79[0m
[ error ] API request failed { code: [32m'authentication_required'[39m, statusCode: [33m401[39m }
[0mPOST /api/sync/47823327-84f2-4758-8717-fb0f9b2f3eb3/devices/recover [33m401[0m 0.459 ms - 79[0m
[ error ] API request failed { code: [32m'authentication_required'[39m, statusCode: [33m401[39m }
[0mPOST /api/sync/47823327-84f2-4758-8717-fb0f9b2f3eb3/devices/recover [33m401[0m 0.626 ms - 79[0m
[ error ] API request failed { code: [32m'authentication_required'[39m, statusCode: [33m401[39m }
[0mPOST /api/sync/47823327-84f2-4758-8717-fb0f9b2f3eb3/devices/recover [33m401[0m 0.428 ms - 79[0m
[ error ] API request failed { code: [32m'authentication_required'[39m, statusCode: [33m401[39m }
[0mPOST /api/sync/47823327-84f2-4758-8717-fb0f9b2f3eb3/devices/recover [33m401[0m 0.444 ms - 79[0m
[ error ] API request failed { code: [32m'authentication_required'[39m, statusCode: [33m401[39m }
[0mPOST /api/sync/47823327-84f2-4758-8717-fb0f9b2f3eb3/devices/recover [33m401[0m 0.591 ms - 79[0m
[ error ] API request failed { code: [32m'authentication_required'[39m, statusCode: [33m401[39m }
[0mPOST /api/sync/47823327-84f2-4758-8717-fb0f9b2f3eb3/devices/recover [33m401[0m 0.350 ms - 79[0m
[ error ] API request failed { code: [32m'authentication_required'[39m, statusCode: [33m401[39m }
[0mPOST /api/sync/47823327-84f2-4758-8717-fb0f9b2f3eb3/devices/recover [33m401[0m 0.434 ms - 79[0m
[ error ] API request failed { code: [32m'authentication_required'[39m, statusCode: [33m401[39m }
[0mPOST /api/sync/47823327-84f2-4758-8717-fb0f9b2f3eb3/devices/recover [33m401[0m 0.369 ms - 79[0m
[ error ] API request failed { code: [32m'authentication_required'[39m, statusCode: [33m401[39m }
[0mPOST /api/sync/47823327-84f2-4758-8717-fb0f9b2f3eb3/devices/recover [33m401[0m 0.492 ms - 79[0m
[ error ] API request failed { code: [32m'authentication_required'[39m, statusCode: [33m401[39m }
[0mPOST /api/sync/47823327-84f2-4758-8717-fb0f9b2f3eb3/devices/recover [33m401[0m 0.342 ms - 79[0m
[ error ] API request failed { code: [32m'authentication_required'[39m, statusCode: [33m401[39m }
[0mPOST /api/sync/47823327-84f2-4758-8717-fb0f9b2f3eb3/devices/recover [33m401[0m 0.584 ms - 79[0m
[ error ] API request failed { code: [32m'authentication_required'[39m, statusCode: [33m401[39m }
[0mPOST /api/sync/47823327-84f2-4758-8717-fb0f9b2f3eb3/devices/recover [33m401[0m 0.393 ms - 79[0m
[0mTRACE /api/sync/47823327-84f2-4758-8717-fb0f9b2f3eb3/devices/device-rAvqa4YHidxwAa68/approval [33m405[0m 0.136 ms - 78[0m
[0mQUERY /api/sync/47823327-84f2-4758-8717-fb0f9b2f3eb3/devices/device-rAvqa4YHidxwAa68/approval [33m405[0m 0.138 ms - 78[0m
[0mPUT /api/sync/47823327-84f2-4758-8717-fb0f9b2f3eb3/devices/device-rAvqa4YHidxwAa68/approval [33m405[0m 0.124 ms - 78[0m
[0mPATCH /api/sync/47823327-84f2-4758-8717-fb0f9b2f3eb3/devices/device-rAvqa4YHidxwAa68/approval [33m405[0m 0.179 ms - 78[0m
[0mOPTIONS /api/sync/47823327-84f2-4758-8717-fb0f9b2f3eb3/devices/device-rAvqa4YHidxwAa68/approval [33m405[0m 0.214 ms - 78[0m
[0mGET /api/sync/47823327-84f2-4758-8717-fb0f9b2f3eb3/devices/device-rAvqa4YHidxwAa68/approval [33m405[0m 0.177 ms - 78[0m
[0mDELETE /api/sync/47823327-84f2-4758-8717-fb0f9b2f3eb3/devices/device-rAvqa4YHidxwAa68/approval [33m405[0m 0.187 ms - 78[0m
[ error ] API request failed { code: [32m'authentication_required'[39m, statusCode: [33m401[39m }
[0mPOST /api/sync/47823327-84f2-4758-8717-fb0f9b2f3eb3/devices/000000000000000000000000000000000000000000000000000000000000000000000000000000000000000000000000000000000000000000000000000000000000000000000000000000000000000000000000000000000000000000000000000000000/approval [33m401[0m 0.335 ms - 79[0m
[ error ] API request failed { code: [32m'authentication_required'[39m, statusCode: [33m401[39m }
[0mPOST /api/sync/47823327-84f2-4758-8717-fb0f9b2f3eb3/devices/0000000000000000000000000000000000000000000000000000000000000000000000000000000000000000000000000000000000000000000000000000000000000000000000000000000000000000000000000000000000000000000000000000000/approval [33m401[0m 0.422 ms - 79[0m
[ error ] API request failed { code: [32m'authentication_required'[39m, statusCode: [33m401[39m }
[0mPOST /api/sync/47823327-84f2-4758-8717-fb0f9b2f3eb3/devices/00000000000000000000000000000000000000000000000000000000000000000000000000000000000000000000000000000000000000000000000000000000000000000000000000000000000000000000000000000000000000000000000000000000/approval [33m401[0m 0.523 ms - 79[0m
[ error ] API request failed { code: [32m'authentication_required'[39m, statusCode: [33m401[39m }
[0mPOST /api/sync/47823327-84f2-4758-8717-fb0f9b2f3eb3/devices/00/approval [33m401[0m 0.569 ms - 79[0m
[ error ] API request failed { code: [32m'authentication_required'[39m, statusCode: [33m401[39m }
[0mPOST /api/sync/47823327-84f2-4758-8717-fb0f9b2f3eb3/devices/0/approval [33m401[0m 0.558 ms - 79[0m
[ error ] API request failed { code: [32m'authentication_required'[39m, statusCode: [33m401[39m }
[0mPOST /api/sync/000000000000000000000000000000000000000000000000000000000000000000000000000000000000000000000000000000000000000000000000000000000000000000000000000000000000000000000000000000000000000000000000000000000/devices/device-rAvqa4YHidxwAa68/approval [33m401[0m 0.532 ms - 79[0m
[ error ] API request failed { code: [32m'authentication_required'[39m, statusCode: [33m401[39m }
[0mPOST /api/sync/0000000000000000000000000000000000000000000000000000000000000000000000000000000000000000000000000000000000000000000000000000000000000000000000000000000000000000000000000000000000000000000000000000000/devices/device-rAvqa4YHidxwAa68/approval [33m401[0m 0.408 ms - 79[0m
[ error ] API request failed { code: [32m'authentication_required'[39m, statusCode: [33m401[39m }
[0mPOST /api/sync/00000000000000000000000000000000000000000000000000000000000000000000000000000000000000000000000000000000000000000000000000000000000000000000000000000000000000000000000000000000000000000000000000000000/devices/device-rAvqa4YHidxwAa68/approval [33m401[0m 0.403 ms - 79[0m
[ error ] API request failed { code: [32m'authentication_required'[39m, statusCode: [33m401[39m }
[0mPOST /api/sync/00/devices/device-rAvqa4YHidxwAa68/approval [33m401[0m 0.545 ms - 79[0m
[ error ] API request failed { code: [32m'authentication_required'[39m, statusCode: [33m401[39m }
[0mPOST /api/sync/0/devices/device-rAvqa4YHidxwAa68/approval [33m401[0m 0.353 ms - 79[0m
[ error ] API request failed { code: [32m'authentication_required'[39m, statusCode: [33m401[39m }
[0mPOST /api/sync/47823327-84f2-4758-8717-fb0f9b2f3eb3/devices/device-rAvqa4YHidxwAa68/approval [33m401[0m 0.316 ms - 79[0m
[ error ] API request failed { code: [32m'authentication_required'[39m, statusCode: [33m401[39m }
[0mPOST /api/sync/47823327-84f2-4758-8717-fb0f9b2f3eb3/devices/device-rAvqa4YHidxwAa68/approval [33m401[0m 0.329 ms - 79[0m
[ error ] API request failed { code: [32m'authentication_required'[39m, statusCode: [33m401[39m }
[0mPOST /api/sync/47823327-84f2-4758-8717-fb0f9b2f3eb3/devices/device-rAvqa4YHidxwAa68/approval [33m401[0m 0.627 ms - 79[0m
[ error ] API request failed { code: [32m'authentication_required'[39m, statusCode: [33m401[39m }
[0mPOST /api/sync/47823327-84f2-4758-8717-fb0f9b2f3eb3/devices/device-rAvqa4YHidxwAa68/approval [33m401[0m 0.649 ms - 79[0m
[ error ] API request failed { code: [32m'authentication_required'[39m, statusCode: [33m401[39m }
[0mPOST /api/sync/47823327-84f2-4758-8717-fb0f9b2f3eb3/devices/device-rAvqa4YHidxwAa68/approval [33m401[0m 0.399 ms - 79[0m
[ error ] API request failed { code: [32m'authentication_required'[39m, statusCode: [33m401[39m }
[0mPOST /api/sync/47823327-84f2-4758-8717-fb0f9b2f3eb3/devices/device-rAvqa4YHidxwAa68/approval [33m401[0m 0.697 ms - 79[0m
[ error ] API request failed { code: [32m'authentication_required'[39m, statusCode: [33m401[39m }
[0mPOST /api/sync/47823327-84f2-4758-8717-fb0f9b2f3eb3/devices/device-rAvqa4YHidxwAa68/approval [33m401[0m 0.350 ms - 79[0m
[ error ] API request failed { code: [32m'authentication_required'[39m, statusCode: [33m401[39m }
[0mPOST /api/sync/47823327-84f2-4758-8717-fb0f9b2f3eb3/devices/device-rAvqa4YHidxwAa68/approval [33m401[0m 0.373 ms - 79[0m
[ error ] API request failed { code: [32m'invalid_request'[39m, statusCode: [33m400[39m }
[ error ] API request failed { code: [32m'invalid_request'[39m, statusCode: [33m400[39m }
[ error ] API request failed { code: [32m'invalid_request'[39m, statusCode: [33m400[39m }
[ error ] API request failed { code: [32m'invalid_request'[39m, statusCode: [33m400[39m }
[ error ] API request failed { code: [32m'authentication_required'[39m, statusCode: [33m401[39m }
[0mPOST /api/sync/47823327-84f2-4758-8717-fb0f9b2f3eb3/devices/device-rAvqa4YHidxwAa68/approval [33m401[0m 0.343 ms - 79[0m
[ error ] API request failed { code: [32m'authentication_required'[39m, statusCode: [33m401[39m }
[0mPOST /api/sync/47823327-84f2-4758-8717-fb0f9b2f3eb3/devices/device-rAvqa4YHidxwAa68/approval [33m401[0m 0.361 ms - 79[0m
[0mTRACE /api/sync/47823327-84f2-4758-8717-fb0f9b2f3eb3/devices/device-rAvqa4YHidxwAa68/enroll [33m405[0m 0.352 ms - 78[0m
[0mQUERY /api/sync/47823327-84f2-4758-8717-fb0f9b2f3eb3/devices/device-rAvqa4YHidxwAa68/enroll [33m405[0m 0.157 ms - 78[0m
[0mPUT /api/sync/47823327-84f2-4758-8717-fb0f9b2f3eb3/devices/device-rAvqa4YHidxwAa68/enroll [33m405[0m 0.261 ms - 78[0m
[0mPATCH /api/sync/47823327-84f2-4758-8717-fb0f9b2f3eb3/devices/device-rAvqa4YHidxwAa68/enroll [33m405[0m 0.154 ms - 78[0m
[0mOPTIONS /api/sync/47823327-84f2-4758-8717-fb0f9b2f3eb3/devices/device-rAvqa4YHidxwAa68/enroll [33m405[0m 0.234 ms - 78[0m
[0mGET /api/sync/47823327-84f2-4758-8717-fb0f9b2f3eb3/devices/device-rAvqa4YHidxwAa68/enroll [33m405[0m 0.262 ms - 78[0m
[0mDELETE /api/sync/47823327-84f2-4758-8717-fb0f9b2f3eb3/devices/device-rAvqa4YHidxwAa68/enroll [33m405[0m 0.408 ms - 78[0m
[ error ] API request failed { code: [32m'authentication_required'[39m, statusCode: [33m401[39m }
[0mPOST /api/sync/47823327-84f2-4758-8717-fb0f9b2f3eb3/devices/000000000000000000000000000000000000000000000000000000000000000000000000000000000000000000000000000000000000000000000000000000000000000000000000000000000000000000000000000000000000000000000000000000000/enroll [33m401[0m 0.467 ms - 79[0m
[ error ] API request failed { code: [32m'authentication_required'[39m, statusCode: [33m401[39m }
[0mPOST /api/sync/47823327-84f2-4758-8717-fb0f9b2f3eb3/devices/0000000000000000000000000000000000000000000000000000000000000000000000000000000000000000000000000000000000000000000000000000000000000000000000000000000000000000000000000000000000000000000000000000000/enroll [33m401[0m 0.414 ms - 79[0m
[ error ] API request failed { code: [32m'authentication_required'[39m, statusCode: [33m401[39m }
[0mPOST /api/sync/47823327-84f2-4758-8717-fb0f9b2f3eb3/devices/00000000000000000000000000000000000000000000000000000000000000000000000000000000000000000000000000000000000000000000000000000000000000000000000000000000000000000000000000000000000000000000000000000000/enroll [33m401[0m 0.535 ms - 79[0m
[ error ] API request failed { code: [32m'authentication_required'[39m, statusCode: [33m401[39m }
[0mPOST /api/sync/47823327-84f2-4758-8717-fb0f9b2f3eb3/devices/00/enroll [33m401[0m 0.687 ms - 79[0m
[ error ] API request failed { code: [32m'authentication_required'[39m, statusCode: [33m401[39m }
[0mPOST /api/sync/47823327-84f2-4758-8717-fb0f9b2f3eb3/devices/0/enroll [33m401[0m 0.831 ms - 79[0m
[ error ] API request failed { code: [32m'authentication_required'[39m, statusCode: [33m401[39m }
[0mPOST /api/sync/000000000000000000000000000000000000000000000000000000000000000000000000000000000000000000000000000000000000000000000000000000000000000000000000000000000000000000000000000000000000000000000000000000000/devices/device-rAvqa4YHidxwAa68/enroll [33m401[0m 0.444 ms - 79[0m
[ error ] API request failed { code: [32m'authentication_required'[39m, statusCode: [33m401[39m }
[0mPOST /api/sync/0000000000000000000000000000000000000000000000000000000000000000000000000000000000000000000000000000000000000000000000000000000000000000000000000000000000000000000000000000000000000000000000000000000/devices/device-rAvqa4YHidxwAa68/enroll [33m401[0m 0.412 ms - 79[0m
[ error ] API request failed { code: [32m'authentication_required'[39m, statusCode: [33m401[39m }
[0mPOST /api/sync/00000000000000000000000000000000000000000000000000000000000000000000000000000000000000000000000000000000000000000000000000000000000000000000000000000000000000000000000000000000000000000000000000000000/devices/device-rAvqa4YHidxwAa68/enroll [33m401[0m 0.523 ms - 79[0m
[ error ] API request failed { code: [32m'authentication_required'[39m, statusCode: [33m401[39m }
[0mPOST /api/sync/00/devices/device-rAvqa4YHidxwAa68/enroll [33m401[0m 0.755 ms - 79[0m
[ error ] API request failed { code: [32m'authentication_required'[39m, statusCode: [33m401[39m }
[0mPOST /api/sync/0/devices/device-rAvqa4YHidxwAa68/enroll [33m401[0m 0.356 ms - 79[0m
[ error ] API request failed { code: [32m'authentication_required'[39m, statusCode: [33m401[39m }
[0mPOST /api/sync/47823327-84f2-4758-8717-fb0f9b2f3eb3/devices/device-rAvqa4YHidxwAa68/enroll [33m401[0m 0.280 ms - 79[0m
[ error ] API request failed { code: [32m'authentication_required'[39m, statusCode: [33m401[39m }
[0mPOST /api/sync/47823327-84f2-4758-8717-fb0f9b2f3eb3/devices/device-rAvqa4YHidxwAa68/enroll [33m401[0m 0.414 ms - 79[0m
[ error ] API request failed { code: [32m'authentication_required'[39m, statusCode: [33m401[39m }
[0mPOST /api/sync/47823327-84f2-4758-8717-fb0f9b2f3eb3/devices/device-rAvqa4YHidxwAa68/enroll [33m401[0m 0.563 ms - 79[0m
[ error ] API request failed { code: [32m'authentication_required'[39m, statusCode: [33m401[39m }
[0mPOST /api/sync/47823327-84f2-4758-8717-fb0f9b2f3eb3/devices/device-rAvqa4YHidxwAa68/enroll [33m401[0m 0.641 ms - 79[0m
[ error ] API request failed { code: [32m'authentication_required'[39m, statusCode: [33m401[39m }
[0mPOST /api/sync/47823327-84f2-4758-8717-fb0f9b2f3eb3/devices/device-rAvqa4YHidxwAa68/enroll [33m401[0m 0.537 ms - 79[0m
[ error ] API request failed { code: [32m'authentication_required'[39m, statusCode: [33m401[39m }
[0mPOST /api/sync/47823327-84f2-4758-8717-fb0f9b2f3eb3/devices/device-rAvqa4YHidxwAa68/enroll [33m401[0m 0.428 ms - 79[0m
[ error ] API request failed { code: [32m'authentication_required'[39m, statusCode: [33m401[39m }
[0mPOST /api/sync/47823327-84f2-4758-8717-fb0f9b2f3eb3/devices/device-rAvqa4YHidxwAa68/enroll [33m401[0m 0.571 ms - 79[0m
[ error ] API request failed { code: [32m'authentication_required'[39m, statusCode: [33m401[39m }
[0mPOST /api/sync/47823327-84f2-4758-8717-fb0f9b2f3eb3/devices/device-rAvqa4YHidxwAa68/enroll [33m401[0m 0.335 ms - 79[0m
[ error ] API request failed { code: [32m'authentication_required'[39m, statusCode: [33m401[39m }
[0mPOST /api/sync/47823327-84f2-4758-8717-fb0f9b2f3eb3/devices/device-rAvqa4YHidxwAa68/enroll [33m401[0m 0.344 ms - 79[0m
[ error ] API request failed { code: [32m'authentication_required'[39m, statusCode: [33m401[39m }
[0mPOST /api/sync/47823327-84f2-4758-8717-fb0f9b2f3eb3/devices/device-rAvqa4YHidxwAa68/enroll [33m401[0m 0.319 ms - 79[0m
[ error ] API request failed { code: [32m'authentication_required'[39m, statusCode: [33m401[39m }
[0mPOST /api/sync/47823327-84f2-4758-8717-fb0f9b2f3eb3/devices/device-rAvqa4YHidxwAa68/enroll [33m401[0m 0.439 ms - 79[0m
[ error ] API request failed { code: [32m'authentication_required'[39m, statusCode: [33m401[39m }
[0mPOST /api/sync/47823327-84f2-4758-8717-fb0f9b2f3eb3/devices/device-rAvqa4YHidxwAa68/enroll [33m401[0m 0.361 ms - 79[0m
[ error ] API request failed { code: [32m'authentication_required'[39m, statusCode: [33m401[39m }
[0mPOST /api/sync/47823327-84f2-4758-8717-fb0f9b2f3eb3/devices/device-rAvqa4YHidxwAa68/enroll [33m401[0m 0.392 ms - 79[0m
[ error ] API request failed { code: [32m'authentication_required'[39m, statusCode: [33m401[39m }
[0mPOST /api/sync/47823327-84f2-4758-8717-fb0f9b2f3eb3/devices/device-rAvqa4YHidxwAa68/enroll [33m401[0m 0.432 ms - 79[0m
[ error ] API request failed { code: [32m'authentication_required'[39m, statusCode: [33m401[39m }
[0mPOST /api/sync/47823327-84f2-4758-8717-fb0f9b2f3eb3/devices/device-rAvqa4YHidxwAa68/enroll [33m401[0m 0.337 ms - 79[0m
[ error ] API request failed { code: [32m'authentication_required'[39m, statusCode: [33m401[39m }
[0mPOST /api/sync/47823327-84f2-4758-8717-fb0f9b2f3eb3/devices/device-rAvqa4YHidxwAa68/enroll [33m401[0m 0.432 ms - 79[0m
[ error ] API request failed { code: [32m'authentication_required'[39m, statusCode: [33m401[39m }
[0mPOST /api/sync/47823327-84f2-4758-8717-fb0f9b2f3eb3/devices/device-rAvqa4YHidxwAa68/enroll [33m401[0m 0.508 ms - 79[0m
[ error ] API request failed { code: [32m'authentication_required'[39m, statusCode: [33m401[39m }
[0mPOST /api/sync/47823327-84f2-4758-8717-fb0f9b2f3eb3/devices/device-rAvqa4YHidxwAa68/enroll [33m401[0m 0.341 ms - 79[0m
[ error ] API request failed { code: [32m'authentication_required'[39m, statusCode: [33m401[39m }
[0mPOST /api/sync/47823327-84f2-4758-8717-fb0f9b2f3eb3/devices/device-rAvqa4YHidxwAa68/enroll [33m401[0m 0.407 ms - 79[0m
[ error ] API request failed { code: [32m'authentication_required'[39m, statusCode: [33m401[39m }
[0mPOST /api/sync/47823327-84f2-4758-8717-fb0f9b2f3eb3/devices/device-rAvqa4YHidxwAa68/enroll [33m401[0m 0.684 ms - 79[0m
[ error ] API request failed { code: [32m'authentication_required'[39m, statusCode: [33m401[39m }
[0mPOST /api/sync/47823327-84f2-4758-8717-fb0f9b2f3eb3/devices/device-rAvqa4YHidxwAa68/enroll [33m401[0m 0.390 ms - 79[0m
[ error ] API request failed { code: [32m'authentication_required'[39m, statusCode: [33m401[39m }
[0mPOST /api/sync/47823327-84f2-4758-8717-fb0f9b2f3eb3/devices/device-rAvqa4YHidxwAa68/enroll [33m401[0m 0.385 ms - 79[0m
[ error ] API request failed { code: [32m'authentication_required'[39m, statusCode: [33m401[39m }
[0mPOST /api/sync/47823327-84f2-4758-8717-fb0f9b2f3eb3/devices/device-rAvqa4YHidxwAa68/enroll [33m401[0m 0.458 ms - 79[0m
[ error ] API request failed { code: [32m'authentication_required'[39m, statusCode: [33m401[39m }
[0mPOST /api/sync/47823327-84f2-4758-8717-fb0f9b2f3eb3/devices/device-rAvqa4YHidxwAa68/enroll [33m401[0m 0.386 ms - 79[0m
[ error ] API request failed { code: [32m'authentication_required'[39m, statusCode: [33m401[39m }
[0mPOST /api/sync/47823327-84f2-4758-8717-fb0f9b2f3eb3/devices/device-rAvqa4YHidxwAa68/enroll [33m401[0m 0.626 ms - 79[0m
[ error ] API request failed { code: [32m'authentication_required'[39m, statusCode: [33m401[39m }
[0mPOST /api/sync/47823327-84f2-4758-8717-fb0f9b2f3eb3/devices/device-rAvqa4YHidxwAa68/enroll [33m401[0m 0.365 ms - 79[0m
[ error ] API request failed { code: [32m'authentication_required'[39m, statusCode: [33m401[39m }
[0mPOST /api/sync/47823327-84f2-4758-8717-fb0f9b2f3eb3/devices/device-rAvqa4YHidxwAa68/enroll [33m401[0m 0.445 ms - 79[0m
[ error ] API request failed { code: [32m'authentication_required'[39m, statusCode: [33m401[39m }
[0mPOST /api/sync/47823327-84f2-4758-8717-fb0f9b2f3eb3/devices/device-rAvqa4YHidxwAa68/enroll [33m401[0m 0.350 ms - 79[0m
[ error ] API request failed { code: [32m'authentication_required'[39m, statusCode: [33m401[39m }
[0mPOST /api/sync/47823327-84f2-4758-8717-fb0f9b2f3eb3/devices/device-rAvqa4YHidxwAa68/enroll [33m401[0m 0.391 ms - 79[0m
[ error ] API request failed { code: [32m'authentication_required'[39m, statusCode: [33m401[39m }
[0mPOST /api/sync/47823327-84f2-4758-8717-fb0f9b2f3eb3/devices/device-rAvqa4YHidxwAa68/enroll [33m401[0m 0.561 ms - 79[0m
[ error ] API request failed { code: [32m'authentication_required'[39m, statusCode: [33m401[39m }
[0mPOST /api/sync/47823327-84f2-4758-8717-fb0f9b2f3eb3/devices/device-rAvqa4YHidxwAa68/enroll [33m401[0m 0.454 ms - 79[0m
[ error ] API request failed { code: [32m'authentication_required'[39m, statusCode: [33m401[39m }
[0mPOST /api/sync/47823327-84f2-4758-8717-fb0f9b2f3eb3/devices/device-rAvqa4YHidxwAa68/enroll [33m401[0m 1.168 ms - 79[0m
[ error ] API request failed { code: [32m'authentication_required'[39m, statusCode: [33m401[39m }
[0mPOST /api/sync/47823327-84f2-4758-8717-fb0f9b2f3eb3/devices/device-rAvqa4YHidxwAa68/enroll [33m401[0m 0.467 ms - 79[0m
[ error ] API request failed { code: [32m'authentication_required'[39m, statusCode: [33m401[39m }
[0mPOST /api/sync/47823327-84f2-4758-8717-fb0f9b2f3eb3/devices/device-rAvqa4YHidxwAa68/enroll [33m401[0m 0.576 ms - 79[0m
[ error ] API request failed { code: [32m'authentication_required'[39m, statusCode: [33m401[39m }
[0mPOST /api/sync/47823327-84f2-4758-8717-fb0f9b2f3eb3/devices/device-rAvqa4YHidxwAa68/enroll [33m401[0m 0.360 ms - 79[0m
[ error ] API request failed { code: [32m'authentication_required'[39m, statusCode: [33m401[39m }
[0mPOST /api/sync/47823327-84f2-4758-8717-fb0f9b2f3eb3/devices/device-rAvqa4YHidxwAa68/enroll [33m401[0m 0.542 ms - 79[0m
[ error ] API request failed { code: [32m'authentication_required'[39m, statusCode: [33m401[39m }
[0mPOST /api/sync/47823327-84f2-4758-8717-fb0f9b2f3eb3/devices/device-rAvqa4YHidxwAa68/enroll [33m401[0m 0.487 ms - 79[0m
[ error ] API request failed { code: [32m'authentication_required'[39m, statusCode: [33m401[39m }
[0mPOST /api/sync/47823327-84f2-4758-8717-fb0f9b2f3eb3/devices/device-rAvqa4YHidxwAa68/enroll [33m401[0m 0.720 ms - 79[0m
[ error ] API request failed { code: [32m'authentication_required'[39m, statusCode: [33m401[39m }
[0mPOST /api/sync/47823327-84f2-4758-8717-fb0f9b2f3eb3/devices/device-rAvqa4YHidxwAa68/enroll [33m401[0m 0.637 ms - 79[0m
[ error ] API request failed { code: [32m'authentication_required'[39m, statusCode: [33m401[39m }
[0mPOST /api/sync/47823327-84f2-4758-8717-fb0f9b2f3eb3/devices/device-rAvqa4YHidxwAa68/enroll [33m401[0m 0.536 ms - 79[0m
[ error ] API request failed { code: [32m'authentication_required'[39m, statusCode: [33m401[39m }
[0mPOST /api/sync/47823327-84f2-4758-8717-fb0f9b2f3eb3/devices/device-rAvqa4YHidxwAa68/enroll [33m401[0m 1.488 ms - 79[0m
[ error ] API request failed { code: [32m'authentication_required'[39m, statusCode: [33m401[39m }
[0mPOST /api/sync/47823327-84f2-4758-8717-fb0f9b2f3eb3/devices/device-rAvqa4YHidxwAa68/enroll [33m401[0m 0.835 ms - 79[0m
[ error ] API request failed { code: [32m'authentication_required'[39m, statusCode: [33m401[39m }
[0mPOST /api/sync/47823327-84f2-4758-8717-fb0f9b2f3eb3/devices/device-rAvqa4YHidxwAa68/enroll [33m401[0m 0.902 ms - 79[0m
[ error ] API request failed { code: [32m'authentication_required'[39m, statusCode: [33m401[39m }
[0mPOST /api/sync/47823327-84f2-4758-8717-fb0f9b2f3eb3/devices/device-rAvqa4YHidxwAa68/enroll [33m401[0m 0.761 ms - 79[0m
[ error ] API request failed { code: [32m'authentication_required'[39m, statusCode: [33m401[39m }
[0mPOST /api/sync/47823327-84f2-4758-8717-fb0f9b2f3eb3/devices/device-rAvqa4YHidxwAa68/enroll [33m401[0m 0.538 ms - 79[0m
[ error ] API request failed { code: [32m'authentication_required'[39m, statusCode: [33m401[39m }
[0mPOST /api/sync/47823327-84f2-4758-8717-fb0f9b2f3eb3/devices/device-rAvqa4YHidxwAa68/enroll [33m401[0m 0.841 ms - 79[0m
[ error ] API request failed { code: [32m'authentication_required'[39m, statusCode: [33m401[39m }
[0mPOST /api/sync/47823327-84f2-4758-8717-fb0f9b2f3eb3/devices/device-rAvqa4YHidxwAa68/enroll [33m401[0m 0.868 ms - 79[0m
[ error ] API request failed { code: [32m'authentication_required'[39m, statusCode: [33m401[39m }
[0mPOST /api/sync/47823327-84f2-4758-8717-fb0f9b2f3eb3/devices/device-rAvqa4YHidxwAa68/enroll [33m401[0m 0.914 ms - 79[0m
[ error ] API request failed { code: [32m'authentication_required'[39m, statusCode: [33m401[39m }
[0mPOST /api/sync/47823327-84f2-4758-8717-fb0f9b2f3eb3/devices/device-rAvqa4YHidxwAa68/enroll [33m401[0m 0.667 ms - 79[0m
[ error ] API request failed { code: [32m'authentication_required'[39m, statusCode: [33m401[39m }
[0mPOST /api/sync/47823327-84f2-4758-8717-fb0f9b2f3eb3/devices/device-rAvqa4YHidxwAa68/enroll [33m401[0m 0.858 ms - 79[0m
[ error ] API request failed { code: [32m'authentication_required'[39m, statusCode: [33m401[39m }
[0mPOST /api/sync/47823327-84f2-4758-8717-fb0f9b2f3eb3/devices/device-rAvqa4YHidxwAa68/enroll [33m401[0m 0.513 ms - 79[0m
[ error ] API request failed { code: [32m'authentication_required'[39m, statusCode: [33m401[39m }
[0mPOST /api/sync/47823327-84f2-4758-8717-fb0f9b2f3eb3/devices/device-rAvqa4YHidxwAa68/enroll [33m401[0m 0.947 ms - 79[0m
[ error ] API request failed { code: [32m'authentication_required'[39m, statusCode: [33m401[39m }
[0mPOST /api/sync/47823327-84f2-4758-8717-fb0f9b2f3eb3/devices/device-rAvqa4YHidxwAa68/enroll [33m401[0m 0.464 ms - 79[0m
[ error ] API request failed { code: [32m'authentication_required'[39m, statusCode: [33m401[39m }
[0mPOST /api/sync/47823327-84f2-4758-8717-fb0f9b2f3eb3/devices/device-rAvqa4YHidxwAa68/enroll [33m401[0m 0.862 ms - 79[0m
[ error ] API request failed { code: [32m'authentication_required'[39m, statusCode: [33m401[39m }
[0mPOST /api/sync/47823327-84f2-4758-8717-fb0f9b2f3eb3/devices/device-rAvqa4YHidxwAa68/enroll [33m401[0m 0.540 ms - 79[0m
[ error ] API request failed { code: [32m'authentication_required'[39m, statusCode: [33m401[39m }
[0mPOST /api/sync/47823327-84f2-4758-8717-fb0f9b2f3eb3/devices/device-rAvqa4YHidxwAa68/enroll [33m401[0m 0.996 ms - 79[0m
[ error ] API request failed { code: [32m'authentication_required'[39m, statusCode: [33m401[39m }
[0mPOST /api/sync/47823327-84f2-4758-8717-fb0f9b2f3eb3/devices/device-rAvqa4YHidxwAa68/enroll [33m401[0m 0.923 ms - 79[0m
[ error ] API request failed { code: [32m'authentication_required'[39m, statusCode: [33m401[39m }
[0mPOST /api/sync/47823327-84f2-4758-8717-fb0f9b2f3eb3/devices/device-rAvqa4YHidxwAa68/enroll [33m401[0m 1.313 ms - 79[0m
[ error ] API request failed { code: [32m'authentication_required'[39m, statusCode: [33m401[39m }
[0mPOST /api/sync/47823327-84f2-4758-8717-fb0f9b2f3eb3/devices/device-rAvqa4YHidxwAa68/enroll [33m401[0m 0.734 ms - 79[0m
[ error ] API request failed { code: [32m'authentication_required'[39m, statusCode: [33m401[39m }
[0mPOST /api/sync/47823327-84f2-4758-8717-fb0f9b2f3eb3/devices/device-rAvqa4YHidxwAa68/enroll [33m401[0m 0.725 ms - 79[0m
[ error ] API request failed { code: [32m'authentication_required'[39m, statusCode: [33m401[39m }
[0mPOST /api/sync/47823327-84f2-4758-8717-fb0f9b2f3eb3/devices/device-rAvqa4YHidxwAa68/enroll [33m401[0m 0.795 ms - 79[0m
[ error ] API request failed { code: [32m'authentication_required'[39m, statusCode: [33m401[39m }
[0mPOST /api/sync/47823327-84f2-4758-8717-fb0f9b2f3eb3/devices/device-rAvqa4YHidxwAa68/enroll [33m401[0m 0.564 ms - 79[0m
[ error ] API request failed { code: [32m'authentication_required'[39m, statusCode: [33m401[39m }
[0mPOST /api/sync/47823327-84f2-4758-8717-fb0f9b2f3eb3/devices/device-rAvqa4YHidxwAa68/enroll [33m401[0m 0.836 ms - 79[0m
[ error ] API request failed { code: [32m'authentication_required'[39m, statusCode: [33m401[39m }
[0mPOST /api/sync/47823327-84f2-4758-8717-fb0f9b2f3eb3/devices/device-rAvqa4YHidxwAa68/enroll [33m401[0m 0.390 ms - 79[0m
[ error ] API request failed { code: [32m'authentication_required'[39m, statusCode: [33m401[39m }
[0mPOST /api/sync/47823327-84f2-4758-8717-fb0f9b2f3eb3/devices/device-rAvqa4YHidxwAa68/enroll [33m401[0m 0.407 ms - 79[0m
[ error ] API request failed { code: [32m'authentication_required'[39m, statusCode: [33m401[39m }
[0mPOST /api/sync/47823327-84f2-4758-8717-fb0f9b2f3eb3/devices/device-rAvqa4YHidxwAa68/enroll [33m401[0m 0.427 ms - 79[0m
[ error ] API request failed { code: [32m'authentication_required'[39m, statusCode: [33m401[39m }
[0mPOST /api/sync/47823327-84f2-4758-8717-fb0f9b2f3eb3/devices/device-rAvqa4YHidxwAa68/enroll [33m401[0m 0.401 ms - 79[0m
[ error ] API request failed { code: [32m'authentication_required'[39m, statusCode: [33m401[39m }
[0mPOST /api/sync/47823327-84f2-4758-8717-fb0f9b2f3eb3/devices/device-rAvqa4YHidxwAa68/enroll [33m401[0m 0.622 ms - 79[0m
[ error ] API request failed { code: [32m'authentication_required'[39m, statusCode: [33m401[39m }
[0mPOST /api/sync/47823327-84f2-4758-8717-fb0f9b2f3eb3/devices/device-rAvqa4YHidxwAa68/enroll [33m401[0m 0.362 ms - 79[0m
[ error ] API request failed { code: [32m'authentication_required'[39m, statusCode: [33m401[39m }
[0mPOST /api/sync/47823327-84f2-4758-8717-fb0f9b2f3eb3/devices/device-rAvqa4YHidxwAa68/enroll [33m401[0m 0.352 ms - 79[0m
[ error ] API request failed { code: [32m'authentication_required'[39m, statusCode: [33m401[39m }
[0mPOST /api/sync/47823327-84f2-4758-8717-fb0f9b2f3eb3/devices/device-rAvqa4YHidxwAa68/enroll [33m401[0m 0.585 ms - 79[0m
[ error ] API request failed { code: [32m'authentication_required'[39m, statusCode: [33m401[39m }
[0mPOST /api/sync/47823327-84f2-4758-8717-fb0f9b2f3eb3/devices/device-rAvqa4YHidxwAa68/enroll [33m401[0m 0.384 ms - 79[0m
[ error ] API request failed { code: [32m'authentication_required'[39m, statusCode: [33m401[39m }
[0mPOST /api/sync/47823327-84f2-4758-8717-fb0f9b2f3eb3/devices/device-rAvqa4YHidxwAa68/enroll [33m401[0m 0.397 ms - 79[0m
[ error ] API request failed { code: [32m'authentication_required'[39m, statusCode: [33m401[39m }
[0mPOST /api/sync/47823327-84f2-4758-8717-fb0f9b2f3eb3/devices/device-rAvqa4YHidxwAa68/enroll [33m401[0m 0.603 ms - 79[0m
[ error ] API request failed { code: [32m'authentication_required'[39m, statusCode: [33m401[39m }
[0mPOST /api/sync/47823327-84f2-4758-8717-fb0f9b2f3eb3/devices/device-rAvqa4YHidxwAa68/enroll [33m401[0m 0.393 ms - 79[0m
[ error ] API request failed { code: [32m'authentication_required'[39m, statusCode: [33m401[39m }
[0mPOST /api/sync/47823327-84f2-4758-8717-fb0f9b2f3eb3/devices/device-rAvqa4YHidxwAa68/enroll [33m401[0m 0.666 ms - 79[0m
[ error ] API request failed { code: [32m'authentication_required'[39m, statusCode: [33m401[39m }
[0mPOST /api/sync/47823327-84f2-4758-8717-fb0f9b2f3eb3/devices/device-rAvqa4YHidxwAa68/enroll [33m401[0m 0.445 ms - 79[0m
[ error ] API request failed { code: [32m'authentication_required'[39m, statusCode: [33m401[39m }
[0mPOST /api/sync/47823327-84f2-4758-8717-fb0f9b2f3eb3/devices/device-rAvqa4YHidxwAa68/enroll [33m401[0m 0.373 ms - 79[0m
[ error ] API request failed { code: [32m'authentication_required'[39m, statusCode: [33m401[39m }
[0mPOST /api/sync/47823327-84f2-4758-8717-fb0f9b2f3eb3/devices/device-rAvqa4YHidxwAa68/enroll [33m401[0m 0.653 ms - 79[0m
[ error ] API request failed { code: [32m'authentication_required'[39m, statusCode: [33m401[39m }
[0mPOST /api/sync/47823327-84f2-4758-8717-fb0f9b2f3eb3/devices/device-rAvqa4YHidxwAa68/enroll [33m401[0m 0.839 ms - 79[0m
[ error ] API request failed { code: [32m'authentication_required'[39m, statusCode: [33m401[39m }
[0mPOST /api/sync/47823327-84f2-4758-8717-fb0f9b2f3eb3/devices/device-rAvqa4YHidxwAa68/enroll [33m401[0m 0.518 ms - 79[0m
[ error ] API request failed { code: [32m'authentication_required'[39m, statusCode: [33m401[39m }
[0mPOST /api/sync/47823327-84f2-4758-8717-fb0f9b2f3eb3/devices/device-rAvqa4YHidxwAa68/enroll [33m401[0m 0.757 ms - 79[0m
[ error ] API request failed { code: [32m'authentication_required'[39m, statusCode: [33m401[39m }
[0mPOST /api/sync/47823327-84f2-4758-8717-fb0f9b2f3eb3/devices/device-rAvqa4YHidxwAa68/enroll [33m401[0m 0.303 ms - 79[0m
[ error ] API request failed { code: [32m'authentication_required'[39m, statusCode: [33m401[39m }
[0mPOST /api/sync/47823327-84f2-4758-8717-fb0f9b2f3eb3/devices/device-rAvqa4YHidxwAa68/enroll [33m401[0m 0.344 ms - 79[0m
[ error ] API request failed { code: [32m'authentication_required'[39m, statusCode: [33m401[39m }
[0mPOST /api/sync/47823327-84f2-4758-8717-fb0f9b2f3eb3/devices/device-rAvqa4YHidxwAa68/enroll [33m401[0m 0.235 ms - 79[0m
[ error ] API request failed { code: [32m'authentication_required'[39m, statusCode: [33m401[39m }
[0mPOST /api/sync/47823327-84f2-4758-8717-fb0f9b2f3eb3/devices/device-rAvqa4YHidxwAa68/enroll [33m401[0m 0.220 ms - 79[0m
[ error ] API request failed { code: [32m'authentication_required'[39m, statusCode: [33m401[39m }
[0mPOST /api/sync/47823327-84f2-4758-8717-fb0f9b2f3eb3/devices/device-rAvqa4YHidxwAa68/enroll [33m401[0m 0.964 ms - 79[0m
[ error ] API request failed { code: [32m'authentication_required'[39m, statusCode: [33m401[39m }
[0mPOST /api/sync/47823327-84f2-4758-8717-fb0f9b2f3eb3/devices/device-rAvqa4YHidxwAa68/enroll [33m401[0m 0.340 ms - 79[0m
[ error ] API request failed { code: [32m'authentication_required'[39m, statusCode: [33m401[39m }
[0mPOST /api/sync/47823327-84f2-4758-8717-fb0f9b2f3eb3/devices/device-rAvqa4YHidxwAa68/enroll [33m401[0m 0.293 ms - 79[0m
[ error ] API request failed { code: [32m'authentication_required'[39m, statusCode: [33m401[39m }
[0mPOST /api/sync/47823327-84f2-4758-8717-fb0f9b2f3eb3/devices/device-rAvqa4YHidxwAa68/enroll [33m401[0m 0.272 ms - 79[0m
[ error ] API request failed { code: [32m'authentication_required'[39m, statusCode: [33m401[39m }
[0mPOST /api/sync/47823327-84f2-4758-8717-fb0f9b2f3eb3/devices/device-rAvqa4YHidxwAa68/enroll [33m401[0m 0.242 ms - 79[0m
[ error ] API request failed { code: [32m'authentication_required'[39m, statusCode: [33m401[39m }
[0mPOST /api/sync/47823327-84f2-4758-8717-fb0f9b2f3eb3/devices/device-rAvqa4YHidxwAa68/enroll [33m401[0m 0.257 ms - 79[0m
[ error ] API request failed { code: [32m'authentication_required'[39m, statusCode: [33m401[39m }
[0mPOST /api/sync/47823327-84f2-4758-8717-fb0f9b2f3eb3/devices/device-rAvqa4YHidxwAa68/enroll [33m401[0m 0.296 ms - 79[0m
[ error ] API request failed { code: [32m'authentication_required'[39m, statusCode: [33m401[39m }
[0mPOST /api/sync/47823327-84f2-4758-8717-fb0f9b2f3eb3/devices/device-rAvqa4YHidxwAa68/enroll [33m401[0m 0.308 ms - 79[0m
[ error ] API request failed { code: [32m'authentication_required'[39m, statusCode: [33m401[39m }
[0mPOST /api/sync/47823327-84f2-4758-8717-fb0f9b2f3eb3/devices/device-rAvqa4YHidxwAa68/enroll [33m401[0m 0.413 ms - 79[0m
[ error ] API request failed { code: [32m'authentication_required'[39m, statusCode: [33m401[39m }
[0mPOST /api/sync/47823327-84f2-4758-8717-fb0f9b2f3eb3/devices/device-rAvqa4YHidxwAa68/enroll [33m401[0m 0.391 ms - 79[0m
[ error ] API request failed { code: [32m'authentication_required'[39m, statusCode: [33m401[39m }
[0mPOST /api/sync/47823327-84f2-4758-8717-fb0f9b2f3eb3/devices/device-rAvqa4YHidxwAa68/enroll [33m401[0m 0.300 ms - 79[0m
[ error ] API request failed { code: [32m'authentication_required'[39m, statusCode: [33m401[39m }
[0mPOST /api/sync/47823327-84f2-4758-8717-fb0f9b2f3eb3/devices/device-rAvqa4YHidxwAa68/enroll [33m401[0m 0.314 ms - 79[0m
[ error ] API request failed { code: [32m'authentication_required'[39m, statusCode: [33m401[39m }
[0mPOST /api/sync/47823327-84f2-4758-8717-fb0f9b2f3eb3/devices/device-rAvqa4YHidxwAa68/enroll [33m401[0m 0.350 ms - 79[0m
[ error ] API request failed { code: [32m'authentication_required'[39m, statusCode: [33m401[39m }
[0mPOST /api/sync/47823327-84f2-4758-8717-fb0f9b2f3eb3/devices/device-rAvqa4YHidxwAa68/enroll [33m401[0m 0.832 ms - 79[0m
[ error ] API request failed { code: [32m'authentication_required'[39m, statusCode: [33m401[39m }
[0mPOST /api/sync/47823327-84f2-4758-8717-fb0f9b2f3eb3/devices/device-rAvqa4YHidxwAa68/enroll [33m401[0m 0.477 ms - 79[0m
[ error ] API request failed { code: [32m'authentication_required'[39m, statusCode: [33m401[39m }
[0mPOST /api/sync/47823327-84f2-4758-8717-fb0f9b2f3eb3/devices/device-rAvqa4YHidxwAa68/enroll [33m401[0m 0.506 ms - 79[0m
[ error ] API request failed { code: [32m'authentication_required'[39m, statusCode: [33m401[39m }
[0mPOST /api/sync/47823327-84f2-4758-8717-fb0f9b2f3eb3/devices/device-rAvqa4YHidxwAa68/enroll [33m401[0m 0.357 ms - 79[0m
[ error ] API request failed { code: [32m'authentication_required'[39m, statusCode: [33m401[39m }
[0mPOST /api/sync/47823327-84f2-4758-8717-fb0f9b2f3eb3/devices/device-rAvqa4YHidxwAa68/enroll [33m401[0m 0.376 ms - 79[0m
[ error ] API request failed { code: [32m'authentication_required'[39m, statusCode: [33m401[39m }
[0mPOST /api/sync/47823327-84f2-4758-8717-fb0f9b2f3eb3/devices/device-rAvqa4YHidxwAa68/enroll [33m401[0m 0.401 ms - 79[0m
[ error ] API request failed { code: [32m'authentication_required'[39m, statusCode: [33m401[39m }
[0mPOST /api/sync/47823327-84f2-4758-8717-fb0f9b2f3eb3/devices/device-rAvqa4YHidxwAa68/enroll [33m401[0m 0.388 ms - 79[0m
[ error ] API request failed { code: [32m'authentication_required'[39m, statusCode: [33m401[39m }
[0mPOST /api/sync/47823327-84f2-4758-8717-fb0f9b2f3eb3/devices/device-rAvqa4YHidxwAa68/enroll [33m401[0m 0.373 ms - 79[0m
[ error ] API request failed { code: [32m'authentication_required'[39m, statusCode: [33m401[39m }
[0mPOST /api/sync/47823327-84f2-4758-8717-fb0f9b2f3eb3/devices/device-rAvqa4YHidxwAa68/enroll [33m401[0m 0.496 ms - 79[0m
[ error ] API request failed { code: [32m'authentication_required'[39m, statusCode: [33m401[39m }
[0mPOST /api/sync/47823327-84f2-4758-8717-fb0f9b2f3eb3/devices/device-rAvqa4YHidxwAa68/enroll [33m401[0m 0.449 ms - 79[0m
[ error ] API request failed { code: [32m'authentication_required'[39m, statusCode: [33m401[39m }
[0mPOST /api/sync/47823327-84f2-4758-8717-fb0f9b2f3eb3/devices/device-rAvqa4YHidxwAa68/enroll [33m401[0m 0.436 ms - 79[0m
[ error ] API request failed { code: [32m'authentication_required'[39m, statusCode: [33m401[39m }
[0mPOST /api/sync/47823327-84f2-4758-8717-fb0f9b2f3eb3/devices/device-rAvqa4YHidxwAa68/enroll [33m401[0m 0.334 ms - 79[0m
[ error ] API request failed { code: [32m'authentication_required'[39m, statusCode: [33m401[39m }
[0mPOST /api/sync/47823327-84f2-4758-8717-fb0f9b2f3eb3/devices/device-rAvqa4YHidxwAa68/enroll [33m401[0m 0.332 ms - 79[0m
[ error ] API request failed { code: [32m'authentication_required'[39m, statusCode: [33m401[39m }
[0mPOST /api/sync/47823327-84f2-4758-8717-fb0f9b2f3eb3/devices/device-rAvqa4YHidxwAa68/enroll [33m401[0m 0.362 ms - 79[0m
[ error ] API request failed { code: [32m'authentication_required'[39m, statusCode: [33m401[39m }
[0mPOST /api/sync/47823327-84f2-4758-8717-fb0f9b2f3eb3/devices/device-rAvqa4YHidxwAa68/enroll [33m401[0m 0.323 ms - 79[0m
[ error ] API request failed { code: [32m'authentication_required'[39m, statusCode: [33m401[39m }
[0mPOST /api/sync/47823327-84f2-4758-8717-fb0f9b2f3eb3/devices/device-rAvqa4YHidxwAa68/enroll [33m401[0m 0.437 ms - 79[0m
[ error ] API request failed { code: [32m'authentication_required'[39m, statusCode: [33m401[39m }
[0mPOST /api/sync/47823327-84f2-4758-8717-fb0f9b2f3eb3/devices/device-rAvqa4YHidxwAa68/enroll [33m401[0m 0.505 ms - 79[0m
[ error ] API request failed { code: [32m'authentication_required'[39m, statusCode: [33m401[39m }
[0mPOST /api/sync/47823327-84f2-4758-8717-fb0f9b2f3eb3/devices/device-rAvqa4YHidxwAa68/enroll [33m401[0m 0.402 ms - 79[0m
[ error ] API request failed { code: [32m'authentication_required'[39m, statusCode: [33m401[39m }
[0mPOST /api/sync/47823327-84f2-4758-8717-fb0f9b2f3eb3/devices/device-rAvqa4YHidxwAa68/enroll [33m401[0m 0.443 ms - 79[0m
[ error ] API request failed { code: [32m'authentication_required'[39m, statusCode: [33m401[39m }
[0mPOST /api/sync/47823327-84f2-4758-8717-fb0f9b2f3eb3/devices/device-rAvqa4YHidxwAa68/enroll [33m401[0m 0.424 ms - 79[0m
[ error ] API request failed { code: [32m'authentication_required'[39m, statusCode: [33m401[39m }
[0mPOST /api/sync/47823327-84f2-4758-8717-fb0f9b2f3eb3/devices/device-rAvqa4YHidxwAa68/enroll [33m401[0m 0.429 ms - 79[0m
[ error ] API request failed { code: [32m'authentication_required'[39m, statusCode: [33m401[39m }
[0mPOST /api/sync/47823327-84f2-4758-8717-fb0f9b2f3eb3/devices/device-rAvqa4YHidxwAa68/enroll [33m401[0m 0.464 ms - 79[0m
[ error ] API request failed { code: [32m'invalid_request'[39m, statusCode: [33m400[39m }
[ error ] API request failed { code: [32m'invalid_request'[39m, statusCode: [33m400[39m }
[ error ] API request failed { code: [32m'invalid_request'[39m, statusCode: [33m400[39m }
[ error ] API request failed { code: [32m'invalid_request'[39m, statusCode: [33m400[39m }
[ error ] API request failed { code: [32m'authentication_required'[39m, statusCode: [33m401[39m }
[0mPOST /api/sync/47823327-84f2-4758-8717-fb0f9b2f3eb3/devices/device-rAvqa4YHidxwAa68/enroll [33m401[0m 0.623 ms - 79[0m
[ error ] API request failed { code: [32m'authentication_required'[39m, statusCode: [33m401[39m }
[0mPOST /api/sync/47823327-84f2-4758-8717-fb0f9b2f3eb3/devices/device-rAvqa4YHidxwAa68/enroll [33m401[0m 0.557 ms - 79[0m
[ error ] API request failed { code: [32m'authentication_required'[39m, statusCode: [33m401[39m }
[0mPOST /api/sync/47823327-84f2-4758-8717-fb0f9b2f3eb3/devices/device-rAvqa4YHidxwAa68/enroll [33m401[0m 0.503 ms - 79[0m
[ error ] API request failed { code: [32m'authentication_required'[39m, statusCode: [33m401[39m }
[0mPOST /api/sync/47823327-84f2-4758-8717-fb0f9b2f3eb3/devices/device-rAvqa4YHidxwAa68/enroll [33m401[0m 0.379 ms - 79[0m
[ error ] API request failed { code: [32m'authentication_required'[39m, statusCode: [33m401[39m }
[0mPOST /api/sync/47823327-84f2-4758-8717-fb0f9b2f3eb3/devices/device-rAvqa4YHidxwAa68/enroll [33m401[0m 0.414 ms - 79[0m
[ error ] API request failed { code: [32m'authentication_required'[39m, statusCode: [33m401[39m }
[0mPOST /api/sync/47823327-84f2-4758-8717-fb0f9b2f3eb3/devices/device-rAvqa4YHidxwAa68/enroll [33m401[0m 0.408 ms - 79[0m
[ error ] API request failed { code: [32m'authentication_required'[39m, statusCode: [33m401[39m }
[0mPOST /api/sync/47823327-84f2-4758-8717-fb0f9b2f3eb3/devices/device-rAvqa4YHidxwAa68/enroll [33m401[0m 0.322 ms - 79[0m
[ error ] API request failed { code: [32m'authentication_required'[39m, statusCode: [33m401[39m }
[0mPOST /api/sync/47823327-84f2-4758-8717-fb0f9b2f3eb3/devices/device-rAvqa4YHidxwAa68/enroll [33m401[0m 0.620 ms - 79[0m
[ error ] API request failed { code: [32m'authentication_required'[39m, statusCode: [33m401[39m }
[0mPOST /api/sync/47823327-84f2-4758-8717-fb0f9b2f3eb3/devices/device-rAvqa4YHidxwAa68/enroll [33m401[0m 0.405 ms - 79[0m
[ error ] API request failed { code: [32m'authentication_required'[39m, statusCode: [33m401[39m }
[0mPOST /api/sync/47823327-84f2-4758-8717-fb0f9b2f3eb3/devices/device-rAvqa4YHidxwAa68/enroll [33m401[0m 0.379 ms - 79[0m
[ error ] API request failed { code: [32m'authentication_required'[39m, statusCode: [33m401[39m }
[0mPOST /api/sync/47823327-84f2-4758-8717-fb0f9b2f3eb3/devices/device-rAvqa4YHidxwAa68/enroll [33m401[0m 0.485 ms - 79[0m
[ error ] API request failed { code: [32m'authentication_required'[39m, statusCode: [33m401[39m }
[0mPOST /api/sync/47823327-84f2-4758-8717-fb0f9b2f3eb3/devices/device-rAvqa4YHidxwAa68/enroll [33m401[0m 0.464 ms - 79[0m
[ error ] API request failed { code: [32m'authentication_required'[39m, statusCode: [33m401[39m }
[0mPOST /api/sync/47823327-84f2-4758-8717-fb0f9b2f3eb3/devices/device-rAvqa4YHidxwAa68/enroll [33m401[0m 0.572 ms - 79[0m
[ error ] API request failed { code: [32m'authentication_required'[39m, statusCode: [33m401[39m }
[0mPOST /api/sync/47823327-84f2-4758-8717-fb0f9b2f3eb3/devices/device-rAvqa4YHidxwAa68/enroll [33m401[0m 0.470 ms - 79[0m
[ error ] API request failed { code: [32m'authentication_required'[39m, statusCode: [33m401[39m }
[0mPOST /api/sync/47823327-84f2-4758-8717-fb0f9b2f3eb3/devices/device-rAvqa4YHidxwAa68/enroll [33m401[0m 0.353 ms - 79[0m
[ error ] API request failed { code: [32m'authentication_required'[39m, statusCode: [33m401[39m }
[0mPOST /api/sync/47823327-84f2-4758-8717-fb0f9b2f3eb3/devices/device-rAvqa4YHidxwAa68/enroll [33m401[0m 0.445 ms - 79[0m
[ error ] API request failed { code: [32m'authentication_required'[39m, statusCode: [33m401[39m }
[0mPOST /api/sync/47823327-84f2-4758-8717-fb0f9b2f3eb3/devices/device-rAvqa4YHidxwAa68/enroll [33m401[0m 0.483 ms - 79[0m
[ error ] API request failed { code: [32m'authentication_required'[39m, statusCode: [33m401[39m }
[0mPOST /api/sync/47823327-84f2-4758-8717-fb0f9b2f3eb3/devices/device-rAvqa4YHidxwAa68/enroll [33m401[0m 0.322 ms - 79[0m
[ error ] API request failed { code: [32m'authentication_required'[39m, statusCode: [33m401[39m }
[0mPOST /api/sync/47823327-84f2-4758-8717-fb0f9b2f3eb3/devices/device-rAvqa4YHidxwAa68/enroll [33m401[0m 0.366 ms - 79[0m
[ error ] API request failed { code: [32m'authentication_required'[39m, statusCode: [33m401[39m }
[0mPOST /api/sync/47823327-84f2-4758-8717-fb0f9b2f3eb3/devices/device-rAvqa4YHidxwAa68/enroll [33m401[0m 0.523 ms - 79[0m
[ error ] API request failed { code: [32m'authentication_required'[39m, statusCode: [33m401[39m }
[0mPOST /api/sync/47823327-84f2-4758-8717-fb0f9b2f3eb3/devices/device-rAvqa4YHidxwAa68/enroll [33m401[0m 0.505 ms - 79[0m
[0mTRACE /api/sync/47823327-84f2-4758-8717-fb0f9b2f3eb3/devices/device-rAvqa4YHidxwAa68/revoke [33m405[0m 0.213 ms - 78[0m
[0mQUERY /api/sync/47823327-84f2-4758-8717-fb0f9b2f3eb3/devices/device-rAvqa4YHidxwAa68/revoke [33m405[0m 0.225 ms - 78[0m
[0mPUT /api/sync/47823327-84f2-4758-8717-fb0f9b2f3eb3/devices/device-rAvqa4YHidxwAa68/revoke [33m405[0m 0.133 ms - 78[0m
[0mPATCH /api/sync/47823327-84f2-4758-8717-fb0f9b2f3eb3/devices/device-rAvqa4YHidxwAa68/revoke [33m405[0m 0.194 ms - 78[0m
[0mOPTIONS /api/sync/47823327-84f2-4758-8717-fb0f9b2f3eb3/devices/device-rAvqa4YHidxwAa68/revoke [33m405[0m 0.189 ms - 78[0m
[0mGET /api/sync/47823327-84f2-4758-8717-fb0f9b2f3eb3/devices/device-rAvqa4YHidxwAa68/revoke [33m405[0m 0.135 ms - 78[0m
[0mDELETE /api/sync/47823327-84f2-4758-8717-fb0f9b2f3eb3/devices/device-rAvqa4YHidxwAa68/revoke [33m405[0m 0.143 ms - 78[0m
[ error ] API request failed { code: [32m'authentication_required'[39m, statusCode: [33m401[39m }
[0mPOST /api/sync/47823327-84f2-4758-8717-fb0f9b2f3eb3/devices/000000000000000000000000000000000000000000000000000000000000000000000000000000000000000000000000000000000000000000000000000000000000000000000000000000000000000000000000000000000000000000000000000000000/revoke [33m401[0m 0.372 ms - 79[0m
[ error ] API request failed { code: [32m'authentication_required'[39m, statusCode: [33m401[39m }
[0mPOST /api/sync/47823327-84f2-4758-8717-fb0f9b2f3eb3/devices/0000000000000000000000000000000000000000000000000000000000000000000000000000000000000000000000000000000000000000000000000000000000000000000000000000000000000000000000000000000000000000000000000000000/revoke [33m401[0m 0.415 ms - 79[0m
[ error ] API request failed { code: [32m'authentication_required'[39m, statusCode: [33m401[39m }
[0mPOST /api/sync/47823327-84f2-4758-8717-fb0f9b2f3eb3/devices/00000000000000000000000000000000000000000000000000000000000000000000000000000000000000000000000000000000000000000000000000000000000000000000000000000000000000000000000000000000000000000000000000000000/revoke [33m401[0m 0.403 ms - 79[0m
[ error ] API request failed { code: [32m'authentication_required'[39m, statusCode: [33m401[39m }
[0mPOST /api/sync/47823327-84f2-4758-8717-fb0f9b2f3eb3/devices/00/revoke [33m401[0m 0.383 ms - 79[0m
[ error ] API request failed { code: [32m'authentication_required'[39m, statusCode: [33m401[39m }
[0mPOST /api/sync/47823327-84f2-4758-8717-fb0f9b2f3eb3/devices/0/revoke [33m401[0m 0.419 ms - 79[0m
[ error ] API request failed { code: [32m'authentication_required'[39m, statusCode: [33m401[39m }
[0mPOST /api/sync/000000000000000000000000000000000000000000000000000000000000000000000000000000000000000000000000000000000000000000000000000000000000000000000000000000000000000000000000000000000000000000000000000000000/devices/device-rAvqa4YHidxwAa68/revoke [33m401[0m 0.386 ms - 79[0m
[ error ] API request failed { code: [32m'authentication_required'[39m, statusCode: [33m401[39m }
[0mPOST /api/sync/0000000000000000000000000000000000000000000000000000000000000000000000000000000000000000000000000000000000000000000000000000000000000000000000000000000000000000000000000000000000000000000000000000000/devices/device-rAvqa4YHidxwAa68/revoke [33m401[0m 0.345 ms - 79[0m
[ error ] API request failed { code: [32m'authentication_required'[39m, statusCode: [33m401[39m }
[0mPOST /api/sync/00000000000000000000000000000000000000000000000000000000000000000000000000000000000000000000000000000000000000000000000000000000000000000000000000000000000000000000000000000000000000000000000000000000/devices/device-rAvqa4YHidxwAa68/revoke [33m401[0m 0.296 ms - 79[0m
[ error ] API request failed { code: [32m'authentication_required'[39m, statusCode: [33m401[39m }
[0mPOST /api/sync/00/devices/device-rAvqa4YHidxwAa68/revoke [33m401[0m 0.355 ms - 79[0m
[ error ] API request failed { code: [32m'authentication_required'[39m, statusCode: [33m401[39m }
[0mPOST /api/sync/0/devices/device-rAvqa4YHidxwAa68/revoke [33m401[0m 0.244 ms - 79[0m
[ error ] API request failed { code: [32m'authentication_required'[39m, statusCode: [33m401[39m }
[0mPOST /api/sync/47823327-84f2-4758-8717-fb0f9b2f3eb3/devices/device-rAvqa4YHidxwAa68/revoke [33m401[0m 0.279 ms - 79[0m
[0mTRACE /api/sync/47823327-84f2-4758-8717-fb0f9b2f3eb3/envelopes [33m405[0m 0.135 ms - 78[0m
[0mQUERY /api/sync/47823327-84f2-4758-8717-fb0f9b2f3eb3/envelopes [33m405[0m 0.146 ms - 78[0m
[0mPUT /api/sync/47823327-84f2-4758-8717-fb0f9b2f3eb3/envelopes [33m405[0m 0.179 ms - 78[0m
[0mPATCH /api/sync/47823327-84f2-4758-8717-fb0f9b2f3eb3/envelopes [33m405[0m 0.183 ms - 78[0m
[0mOPTIONS /api/sync/47823327-84f2-4758-8717-fb0f9b2f3eb3/envelopes [33m405[0m 0.173 ms - 78[0m
[0mDELETE /api/sync/47823327-84f2-4758-8717-fb0f9b2f3eb3/envelopes [33m405[0m 0.139 ms - 78[0m
[ error ] API request failed { code: [32m'authentication_required'[39m, statusCode: [33m401[39m }
[0mPOST /api/sync/000000000000000000000000000000000000000000000000000000000000000000000000000000000000000000000000000000000000000000000000000000000000000000000000000000000000000000000000000000000000000000000000000000000/envelopes [33m401[0m 0.336 ms - 79[0m
[ error ] API request failed { code: [32m'authentication_required'[39m, statusCode: [33m401[39m }
[0mPOST /api/sync/0000000000000000000000000000000000000000000000000000000000000000000000000000000000000000000000000000000000000000000000000000000000000000000000000000000000000000000000000000000000000000000000000000000/envelopes [33m401[0m 0.423 ms - 79[0m
[ error ] API request failed { code: [32m'authentication_required'[39m, statusCode: [33m401[39m }
[0mPOST /api/sync/00000000000000000000000000000000000000000000000000000000000000000000000000000000000000000000000000000000000000000000000000000000000000000000000000000000000000000000000000000000000000000000000000000000/envelopes [33m401[0m 0.406 ms - 79[0m
[ error ] API request failed { code: [32m'authentication_required'[39m, statusCode: [33m401[39m }
[0mPOST /api/sync/00/envelopes [33m401[0m 0.439 ms - 79[0m
[ error ] API request failed { code: [32m'authentication_required'[39m, statusCode: [33m401[39m }
[0mPOST /api/sync/0/envelopes [33m401[0m 0.436 ms - 79[0m
[ error ] API request failed { code: [32m'authentication_required'[39m, statusCode: [33m401[39m }
[0mPOST /api/sync/47823327-84f2-4758-8717-fb0f9b2f3eb3/envelopes [33m401[0m 0.481 ms - 79[0m
[ error ] API request failed { code: [32m'authentication_required'[39m, statusCode: [33m401[39m }
[0mPOST /api/sync/47823327-84f2-4758-8717-fb0f9b2f3eb3/envelopes [33m401[0m 0.315 ms - 79[0m
[ error ] API request failed { code: [32m'authentication_required'[39m, statusCode: [33m401[39m }
[0mPOST /api/sync/47823327-84f2-4758-8717-fb0f9b2f3eb3/envelopes [33m401[0m 0.375 ms - 79[0m
[ error ] API request failed { code: [32m'authentication_required'[39m, statusCode: [33m401[39m }
[0mPOST /api/sync/47823327-84f2-4758-8717-fb0f9b2f3eb3/envelopes [33m401[0m 0.364 ms - 79[0m
[ error ] API request failed { code: [32m'authentication_required'[39m, statusCode: [33m401[39m }
[0mPOST /api/sync/47823327-84f2-4758-8717-fb0f9b2f3eb3/envelopes [33m401[0m 0.452 ms - 79[0m
[ error ] API request failed { code: [32m'authentication_required'[39m, statusCode: [33m401[39m }
[0mPOST /api/sync/47823327-84f2-4758-8717-fb0f9b2f3eb3/envelopes [33m401[0m 0.903 ms - 79[0m
[ error ] API request failed { code: [32m'authentication_required'[39m, statusCode: [33m401[39m }
[0mPOST /api/sync/47823327-84f2-4758-8717-fb0f9b2f3eb3/envelopes [33m401[0m 0.442 ms - 79[0m
[ error ] API request failed { code: [32m'authentication_required'[39m, statusCode: [33m401[39m }
[0mPOST /api/sync/47823327-84f2-4758-8717-fb0f9b2f3eb3/envelopes [33m401[0m 0.353 ms - 79[0m
[ error ] API request failed { code: [32m'authentication_required'[39m, statusCode: [33m401[39m }
[0mPOST /api/sync/47823327-84f2-4758-8717-fb0f9b2f3eb3/envelopes [33m401[0m 0.341 ms - 79[0m
[ error ] API request failed { code: [32m'authentication_required'[39m, statusCode: [33m401[39m }
[0mPOST /api/sync/47823327-84f2-4758-8717-fb0f9b2f3eb3/envelopes [33m401[0m 0.337 ms - 79[0m
[ error ] API request failed { code: [32m'authentication_required'[39m, statusCode: [33m401[39m }
[0mPOST /api/sync/47823327-84f2-4758-8717-fb0f9b2f3eb3/envelopes [33m401[0m 0.345 ms - 79[0m
[ error ] API request failed { code: [32m'authentication_required'[39m, statusCode: [33m401[39m }
[0mPOST /api/sync/47823327-84f2-4758-8717-fb0f9b2f3eb3/envelopes [33m401[0m 0.367 ms - 79[0m
[ error ] API request failed { code: [32m'authentication_required'[39m, statusCode: [33m401[39m }
[0mPOST /api/sync/47823327-84f2-4758-8717-fb0f9b2f3eb3/envelopes [33m401[0m 0.517 ms - 79[0m
[ error ] API request failed { code: [32m'authentication_required'[39m, statusCode: [33m401[39m }
[0mPOST /api/sync/47823327-84f2-4758-8717-fb0f9b2f3eb3/envelopes [33m401[0m 0.432 ms - 79[0m
[ error ] API request failed { code: [32m'authentication_required'[39m, statusCode: [33m401[39m }
[0mPOST /api/sync/47823327-84f2-4758-8717-fb0f9b2f3eb3/envelopes [33m401[0m 0.940 ms - 79[0m
[ error ] API request failed { code: [32m'authentication_required'[39m, statusCode: [33m401[39m }
[0mPOST /api/sync/47823327-84f2-4758-8717-fb0f9b2f3eb3/envelopes [33m401[0m 0.303 ms - 79[0m
[ error ] API request failed { code: [32m'authentication_required'[39m, statusCode: [33m401[39m }
[0mPOST /api/sync/47823327-84f2-4758-8717-fb0f9b2f3eb3/envelopes [33m401[0m 0.319 ms - 79[0m
[ error ] API request failed { code: [32m'authentication_required'[39m, statusCode: [33m401[39m }
[0mPOST /api/sync/47823327-84f2-4758-8717-fb0f9b2f3eb3/envelopes [33m401[0m 0.411 ms - 79[0m
[ error ] API request failed { code: [32m'authentication_required'[39m, statusCode: [33m401[39m }
[0mPOST /api/sync/47823327-84f2-4758-8717-fb0f9b2f3eb3/envelopes [33m401[0m 0.683 ms - 79[0m
[ error ] API request failed { code: [32m'authentication_required'[39m, statusCode: [33m401[39m }
[0mPOST /api/sync/47823327-84f2-4758-8717-fb0f9b2f3eb3/envelopes [33m401[0m 0.483 ms - 79[0m
[ error ] API request failed { code: [32m'authentication_required'[39m, statusCode: [33m401[39m }
[0mPOST /api/sync/47823327-84f2-4758-8717-fb0f9b2f3eb3/envelopes [33m401[0m 0.328 ms - 79[0m
[ error ] API request failed { code: [32m'authentication_required'[39m, statusCode: [33m401[39m }
[0mPOST /api/sync/47823327-84f2-4758-8717-fb0f9b2f3eb3/envelopes [33m401[0m 0.356 ms - 79[0m
[ error ] API request failed { code: [32m'authentication_required'[39m, statusCode: [33m401[39m }
[0mPOST /api/sync/47823327-84f2-4758-8717-fb0f9b2f3eb3/envelopes [33m401[0m 0.285 ms - 79[0m
[ error ] API request failed { code: [32m'authentication_required'[39m, statusCode: [33m401[39m }
[0mPOST /api/sync/47823327-84f2-4758-8717-fb0f9b2f3eb3/envelopes [33m401[0m 0.274 ms - 79[0m
[ error ] API request failed { code: [32m'authentication_required'[39m, statusCode: [33m401[39m }
[0mPOST /api/sync/47823327-84f2-4758-8717-fb0f9b2f3eb3/envelopes [33m401[0m 0.349 ms - 79[0m
[ error ] API request failed { code: [32m'authentication_required'[39m, statusCode: [33m401[39m }
[0mPOST /api/sync/47823327-84f2-4758-8717-fb0f9b2f3eb3/envelopes [33m401[0m 0.312 ms - 79[0m
[ error ] API request failed { code: [32m'authentication_required'[39m, statusCode: [33m401[39m }
[0mPOST /api/sync/47823327-84f2-4758-8717-fb0f9b2f3eb3/envelopes [33m401[0m 0.312 ms - 79[0m
[ error ] API request failed { code: [32m'authentication_required'[39m, statusCode: [33m401[39m }
[0mPOST /api/sync/47823327-84f2-4758-8717-fb0f9b2f3eb3/envelopes [33m401[0m 0.467 ms - 79[0m
[ error ] API request failed { code: [32m'authentication_required'[39m, statusCode: [33m401[39m }
[0mPOST /api/sync/47823327-84f2-4758-8717-fb0f9b2f3eb3/envelopes [33m401[0m 0.662 ms - 79[0m
[ error ] API request failed { code: [32m'authentication_required'[39m, statusCode: [33m401[39m }
[0mPOST /api/sync/47823327-84f2-4758-8717-fb0f9b2f3eb3/envelopes [33m401[0m 0.712 ms - 79[0m
[ error ] API request failed { code: [32m'authentication_required'[39m, statusCode: [33m401[39m }
[0mPOST /api/sync/47823327-84f2-4758-8717-fb0f9b2f3eb3/envelopes [33m401[0m 0.431 ms - 79[0m
[ error ] API request failed { code: [32m'authentication_required'[39m, statusCode: [33m401[39m }
[0mPOST /api/sync/47823327-84f2-4758-8717-fb0f9b2f3eb3/envelopes [33m401[0m 0.335 ms - 79[0m
[ error ] API request failed { code: [32m'authentication_required'[39m, statusCode: [33m401[39m }
[0mPOST /api/sync/47823327-84f2-4758-8717-fb0f9b2f3eb3/envelopes [33m401[0m 0.563 ms - 79[0m
[ error ] API request failed { code: [32m'authentication_required'[39m, statusCode: [33m401[39m }
[0mPOST /api/sync/47823327-84f2-4758-8717-fb0f9b2f3eb3/envelopes [33m401[0m 0.363 ms - 79[0m
[ error ] API request failed { code: [32m'authentication_required'[39m, statusCode: [33m401[39m }
[0mPOST /api/sync/47823327-84f2-4758-8717-fb0f9b2f3eb3/envelopes [33m401[0m 0.281 ms - 79[0m
[ error ] API request failed { code: [32m'authentication_required'[39m, statusCode: [33m401[39m }
[0mPOST /api/sync/47823327-84f2-4758-8717-fb0f9b2f3eb3/envelopes [33m401[0m 0.296 ms - 79[0m
[ error ] API request failed { code: [32m'authentication_required'[39m, statusCode: [33m401[39m }
[0mPOST /api/sync/47823327-84f2-4758-8717-fb0f9b2f3eb3/envelopes [33m401[0m 0.468 ms - 79[0m
[ error ] API request failed { code: [32m'authentication_required'[39m, statusCode: [33m401[39m }
[0mPOST /api/sync/47823327-84f2-4758-8717-fb0f9b2f3eb3/envelopes [33m401[0m 0.621 ms - 79[0m
[ error ] API request failed { code: [32m'authentication_required'[39m, statusCode: [33m401[39m }
[0mPOST /api/sync/47823327-84f2-4758-8717-fb0f9b2f3eb3/envelopes [33m401[0m 0.517 ms - 79[0m
[ error ] API request failed { code: [32m'authentication_required'[39m, statusCode: [33m401[39m }
[0mPOST /api/sync/47823327-84f2-4758-8717-fb0f9b2f3eb3/envelopes [33m401[0m 0.571 ms - 79[0m
[0mPOST /api/sync/47823327-84f2-4758-8717-fb0f9b2f3eb3/envelopes [33m401[0m 0.699 ms - 79[0m
[ error ] API request failed { code: [32m'authentication_required'[39m, statusCode: [33m401[39m }
[ error ] API request failed { code: [32m'authentication_required'[39m, statusCode: [33m401[39m }
[0mPOST /api/sync/47823327-84f2-4758-8717-fb0f9b2f3eb3/envelopes [33m401[0m 0.550 ms - 79[0m
[ error ] API request failed { code: [32m'authentication_required'[39m, statusCode: [33m401[39m }
[0mPOST /api/sync/47823327-84f2-4758-8717-fb0f9b2f3eb3/envelopes [33m401[0m 0.372 ms - 79[0m
[ error ] API request failed { code: [32m'authentication_required'[39m, statusCode: [33m401[39m }
[0mPOST /api/sync/47823327-84f2-4758-8717-fb0f9b2f3eb3/envelopes [33m401[0m 0.349 ms - 79[0m
[ error ] API request failed { code: [32m'authentication_required'[39m, statusCode: [33m401[39m }
[0mPOST /api/sync/47823327-84f2-4758-8717-fb0f9b2f3eb3/envelopes [33m401[0m 0.351 ms - 79[0m
[ error ] API request failed { code: [32m'authentication_required'[39m, statusCode: [33m401[39m }
[0mPOST /api/sync/47823327-84f2-4758-8717-fb0f9b2f3eb3/envelopes [33m401[0m 0.370 ms - 79[0m
[ error ] API request failed { code: [32m'authentication_required'[39m, statusCode: [33m401[39m }
[0mPOST /api/sync/47823327-84f2-4758-8717-fb0f9b2f3eb3/envelopes [33m401[0m 0.703 ms - 79[0m
[ error ] API request failed { code: [32m'authentication_required'[39m, statusCode: [33m401[39m }
[0mPOST /api/sync/47823327-84f2-4758-8717-fb0f9b2f3eb3/envelopes [33m401[0m 0.597 ms - 79[0m
[ error ] API request failed { code: [32m'authentication_required'[39m, statusCode: [33m401[39m }
[0mPOST /api/sync/47823327-84f2-4758-8717-fb0f9b2f3eb3/envelopes [33m401[0m 0.410 ms - 79[0m
[ error ] API request failed { code: [32m'authentication_required'[39m, statusCode: [33m401[39m }
[0mPOST /api/sync/47823327-84f2-4758-8717-fb0f9b2f3eb3/envelopes [33m401[0m 0.596 ms - 79[0m
[ error ] API request failed { code: [32m'authentication_required'[39m, statusCode: [33m401[39m }
[0mPOST /api/sync/47823327-84f2-4758-8717-fb0f9b2f3eb3/envelopes [33m401[0m 0.387 ms - 79[0m
[ error ] API request failed { code: [32m'authentication_required'[39m, statusCode: [33m401[39m }
[0mPOST /api/sync/47823327-84f2-4758-8717-fb0f9b2f3eb3/envelopes [33m401[0m 0.401 ms - 79[0m
[ error ] API request failed { code: [32m'authentication_required'[39m, statusCode: [33m401[39m }
[0mPOST /api/sync/47823327-84f2-4758-8717-fb0f9b2f3eb3/envelopes [33m401[0m 0.482 ms - 79[0m
[ error ] API request failed { code: [32m'authentication_required'[39m, statusCode: [33m401[39m }
[0mPOST /api/sync/47823327-84f2-4758-8717-fb0f9b2f3eb3/envelopes [33m401[0m 0.415 ms - 79[0m
[ error ] API request failed { code: [32m'authentication_required'[39m, statusCode: [33m401[39m }
[0mPOST /api/sync/47823327-84f2-4758-8717-fb0f9b2f3eb3/envelopes [33m401[0m 0.280 ms - 79[0m
[ error ] API request failed { code: [32m'authentication_required'[39m, statusCode: [33m401[39m }
[0mPOST /api/sync/47823327-84f2-4758-8717-fb0f9b2f3eb3/envelopes [33m401[0m 0.380 ms - 79[0m
[ error ] API request failed { code: [32m'authentication_required'[39m, statusCode: [33m401[39m }
[0mPOST /api/sync/47823327-84f2-4758-8717-fb0f9b2f3eb3/envelopes [33m401[0m 0.290 ms - 79[0m
[ error ] API request failed { code: [32m'authentication_required'[39m, statusCode: [33m401[39m }
[0mPOST /api/sync/47823327-84f2-4758-8717-fb0f9b2f3eb3/envelopes [33m401[0m 0.325 ms - 79[0m
[ error ] API request failed { code: [32m'authentication_required'[39m, statusCode: [33m401[39m }
[0mPOST /api/sync/47823327-84f2-4758-8717-fb0f9b2f3eb3/envelopes [33m401[0m 0.318 ms - 79[0m
[ error ] API request failed { code: [32m'authentication_required'[39m, statusCode: [33m401[39m }
[0mPOST /api/sync/47823327-84f2-4758-8717-fb0f9b2f3eb3/envelopes [33m401[0m 0.352 ms - 79[0m
[ error ] API request failed { code: [32m'authentication_required'[39m, statusCode: [33m401[39m }
[0mPOST /api/sync/47823327-84f2-4758-8717-fb0f9b2f3eb3/envelopes [33m401[0m 0.359 ms - 79[0m
[ error ] API request failed { code: [32m'authentication_required'[39m, statusCode: [33m401[39m }
[0mPOST /api/sync/47823327-84f2-4758-8717-fb0f9b2f3eb3/envelopes [33m401[0m 0.388 ms - 79[0m
[ error ] API request failed { code: [32m'authentication_required'[39m, statusCode: [33m401[39m }
[0mPOST /api/sync/47823327-84f2-4758-8717-fb0f9b2f3eb3/envelopes [33m401[0m 0.570 ms - 79[0m
[ error ] API request failed { code: [32m'authentication_required'[39m, statusCode: [33m401[39m }
[0mPOST /api/sync/47823327-84f2-4758-8717-fb0f9b2f3eb3/envelopes [33m401[0m 0.903 ms - 79[0m
[ error ] API request failed { code: [32m'authentication_required'[39m, statusCode: [33m401[39m }
[0mPOST /api/sync/47823327-84f2-4758-8717-fb0f9b2f3eb3/envelopes [33m401[0m 0.385 ms - 79[0m
[ error ] API request failed { code: [32m'authentication_required'[39m, statusCode: [33m401[39m }
[0mPOST /api/sync/47823327-84f2-4758-8717-fb0f9b2f3eb3/envelopes [33m401[0m 0.385 ms - 79[0m
[ error ] API request failed { code: [32m'authentication_required'[39m, statusCode: [33m401[39m }
[0mPOST /api/sync/47823327-84f2-4758-8717-fb0f9b2f3eb3/envelopes [33m401[0m 0.325 ms - 79[0m
[ error ] API request failed { code: [32m'authentication_required'[39m, statusCode: [33m401[39m }
[0mPOST /api/sync/47823327-84f2-4758-8717-fb0f9b2f3eb3/envelopes [33m401[0m 0.411 ms - 79[0m
[ error ] API request failed { code: [32m'authentication_required'[39m, statusCode: [33m401[39m }
[0mPOST /api/sync/47823327-84f2-4758-8717-fb0f9b2f3eb3/envelopes [33m401[0m 0.438 ms - 79[0m
[ error ] API request failed { code: [32m'authentication_required'[39m, statusCode: [33m401[39m }
[0mPOST /api/sync/47823327-84f2-4758-8717-fb0f9b2f3eb3/envelopes [33m401[0m 0.337 ms - 79[0m
[ error ] API request failed { code: [32m'authentication_required'[39m, statusCode: [33m401[39m }
[0mPOST /api/sync/47823327-84f2-4758-8717-fb0f9b2f3eb3/envelopes [33m401[0m 0.450 ms - 79[0m
[ error ] API request failed { code: [32m'authentication_required'[39m, statusCode: [33m401[39m }
[0mPOST /api/sync/47823327-84f2-4758-8717-fb0f9b2f3eb3/envelopes [33m401[0m 0.448 ms - 79[0m
[ error ] API request failed { code: [32m'authentication_required'[39m, statusCode: [33m401[39m }
[0mPOST /api/sync/47823327-84f2-4758-8717-fb0f9b2f3eb3/envelopes [33m401[0m 0.511 ms - 79[0m
[ error ] API request failed { code: [32m'authentication_required'[39m, statusCode: [33m401[39m }
[0mPOST /api/sync/47823327-84f2-4758-8717-fb0f9b2f3eb3/envelopes [33m401[0m 0.451 ms - 79[0m
[ error ] API request failed { code: [32m'authentication_required'[39m, statusCode: [33m401[39m }
[0mPOST /api/sync/47823327-84f2-4758-8717-fb0f9b2f3eb3/envelopes [33m401[0m 0.358 ms - 79[0m
[ error ] API request failed { code: [32m'authentication_required'[39m, statusCode: [33m401[39m }
[0mPOST /api/sync/47823327-84f2-4758-8717-fb0f9b2f3eb3/envelopes [33m401[0m 0.435 ms - 79[0m
[ error ] API request failed { code: [32m'authentication_required'[39m, statusCode: [33m401[39m }
[0mPOST /api/sync/47823327-84f2-4758-8717-fb0f9b2f3eb3/envelopes [33m401[0m 0.401 ms - 79[0m
[ error ] API request failed { code: [32m'authentication_required'[39m, statusCode: [33m401[39m }
[0mPOST /api/sync/47823327-84f2-4758-8717-fb0f9b2f3eb3/envelopes [33m401[0m 0.448 ms - 79[0m
[ error ] API request failed { code: [32m'authentication_required'[39m, statusCode: [33m401[39m }
[0mPOST /api/sync/47823327-84f2-4758-8717-fb0f9b2f3eb3/envelopes [33m401[0m 0.446 ms - 79[0m
[ error ] API request failed { code: [32m'authentication_required'[39m, statusCode: [33m401[39m }
[0mPOST /api/sync/47823327-84f2-4758-8717-fb0f9b2f3eb3/envelopes [33m401[0m 0.462 ms - 79[0m
[ error ] API request failed { code: [32m'authentication_required'[39m, statusCode: [33m401[39m }
[0mPOST /api/sync/47823327-84f2-4758-8717-fb0f9b2f3eb3/envelopes [33m401[0m 0.364 ms - 79[0m
[ error ] API request failed { code: [32m'authentication_required'[39m, statusCode: [33m401[39m }
[0mPOST /api/sync/47823327-84f2-4758-8717-fb0f9b2f3eb3/envelopes [33m401[0m 0.563 ms - 79[0m
[ error ] API request failed { code: [32m'authentication_required'[39m, statusCode: [33m401[39m }
[0mPOST /api/sync/47823327-84f2-4758-8717-fb0f9b2f3eb3/envelopes [33m401[0m 0.290 ms - 79[0m
[ error ] API request failed { code: [32m'authentication_required'[39m, statusCode: [33m401[39m }
[0mPOST /api/sync/47823327-84f2-4758-8717-fb0f9b2f3eb3/envelopes [33m401[0m 0.308 ms - 79[0m
[ error ] API request failed { code: [32m'authentication_required'[39m, statusCode: [33m401[39m }
[0mPOST /api/sync/47823327-84f2-4758-8717-fb0f9b2f3eb3/envelopes [33m401[0m 0.324 ms - 79[0m
[ error ] API request failed { code: [32m'authentication_required'[39m, statusCode: [33m401[39m }
[0mPOST /api/sync/47823327-84f2-4758-8717-fb0f9b2f3eb3/envelopes [33m401[0m 0.367 ms - 79[0m
[ error ] API request failed { code: [32m'authentication_required'[39m, statusCode: [33m401[39m }
[0mPOST /api/sync/47823327-84f2-4758-8717-fb0f9b2f3eb3/envelopes [33m401[0m 0.284 ms - 79[0m
[ error ] API request failed { code: [32m'authentication_required'[39m, statusCode: [33m401[39m }
[0mPOST /api/sync/47823327-84f2-4758-8717-fb0f9b2f3eb3/envelopes [33m401[0m 0.354 ms - 79[0m
[ error ] API request failed { code: [32m'authentication_required'[39m, statusCode: [33m401[39m }
[0mPOST /api/sync/47823327-84f2-4758-8717-fb0f9b2f3eb3/envelopes [33m401[0m 0.305 ms - 79[0m
[ error ] API request failed { code: [32m'authentication_required'[39m, statusCode: [33m401[39m }
[0mPOST /api/sync/47823327-84f2-4758-8717-fb0f9b2f3eb3/envelopes [33m401[0m 0.364 ms - 79[0m
[ error ] API request failed { code: [32m'authentication_required'[39m, statusCode: [33m401[39m }
[0mPOST /api/sync/47823327-84f2-4758-8717-fb0f9b2f3eb3/envelopes [33m401[0m 0.414 ms - 79[0m
[ error ] API request failed { code: [32m'authentication_required'[39m, statusCode: [33m401[39m }
[0mPOST /api/sync/47823327-84f2-4758-8717-fb0f9b2f3eb3/envelopes [33m401[0m 0.621 ms - 79[0m
[ error ] API request failed { code: [32m'authentication_required'[39m, statusCode: [33m401[39m }
[0mPOST /api/sync/47823327-84f2-4758-8717-fb0f9b2f3eb3/envelopes [33m401[0m 0.433 ms - 79[0m
[ error ] API request failed { code: [32m'authentication_required'[39m, statusCode: [33m401[39m }
[0mPOST /api/sync/47823327-84f2-4758-8717-fb0f9b2f3eb3/envelopes [33m401[0m 0.534 ms - 79[0m
[ error ] API request failed { code: [32m'authentication_required'[39m, statusCode: [33m401[39m }
[0mPOST /api/sync/47823327-84f2-4758-8717-fb0f9b2f3eb3/envelopes [33m401[0m 0.287 ms - 79[0m
[ error ] API request failed { code: [32m'authentication_required'[39m, statusCode: [33m401[39m }
[0mPOST /api/sync/47823327-84f2-4758-8717-fb0f9b2f3eb3/envelopes [33m401[0m 0.549 ms - 79[0m
[ error ] API request failed { code: [32m'authentication_required'[39m, statusCode: [33m401[39m }
[0mPOST /api/sync/47823327-84f2-4758-8717-fb0f9b2f3eb3/envelopes [33m401[0m 0.517 ms - 79[0m
[ error ] API request failed { code: [32m'authentication_required'[39m, statusCode: [33m401[39m }
[0mPOST /api/sync/47823327-84f2-4758-8717-fb0f9b2f3eb3/envelopes [33m401[0m 0.737 ms - 79[0m
[ error ] API request failed { code: [32m'authentication_required'[39m, statusCode: [33m401[39m }
[0mPOST /api/sync/47823327-84f2-4758-8717-fb0f9b2f3eb3/envelopes [33m401[0m 0.365 ms - 79[0m
[ error ] API request failed { code: [32m'authentication_required'[39m, statusCode: [33m401[39m }
[0mPOST /api/sync/47823327-84f2-4758-8717-fb0f9b2f3eb3/envelopes [33m401[0m 0.541 ms - 79[0m
[ error ] API request failed { code: [32m'authentication_required'[39m, statusCode: [33m401[39m }
[0mPOST /api/sync/47823327-84f2-4758-8717-fb0f9b2f3eb3/envelopes [33m401[0m 0.399 ms - 79[0m
[ error ] API request failed { code: [32m'authentication_required'[39m, statusCode: [33m401[39m }
[0mPOST /api/sync/47823327-84f2-4758-8717-fb0f9b2f3eb3/envelopes [33m401[0m 0.400 ms - 79[0m
[ error ] API request failed { code: [32m'authentication_required'[39m, statusCode: [33m401[39m }
[0mPOST /api/sync/47823327-84f2-4758-8717-fb0f9b2f3eb3/envelopes [33m401[0m 0.410 ms - 79[0m
[ error ] API request failed { code: [32m'authentication_required'[39m, statusCode: [33m401[39m }
[0mPOST /api/sync/47823327-84f2-4758-8717-fb0f9b2f3eb3/envelopes [33m401[0m 0.377 ms - 79[0m
[ error ] API request failed { code: [32m'authentication_required'[39m, statusCode: [33m401[39m }
[0mPOST /api/sync/47823327-84f2-4758-8717-fb0f9b2f3eb3/envelopes [33m401[0m 0.540 ms - 79[0m
[ error ] API request failed { code: [32m'authentication_required'[39m, statusCode: [33m401[39m }
[0mPOST /api/sync/47823327-84f2-4758-8717-fb0f9b2f3eb3/envelopes [33m401[0m 0.668 ms - 79[0m
[ error ] API request failed { code: [32m'authentication_required'[39m, statusCode: [33m401[39m }
[0mPOST /api/sync/47823327-84f2-4758-8717-fb0f9b2f3eb3/envelopes [33m401[0m 0.337 ms - 79[0m
[ error ] API request failed { code: [32m'authentication_required'[39m, statusCode: [33m401[39m }
[0mPOST /api/sync/47823327-84f2-4758-8717-fb0f9b2f3eb3/envelopes [33m401[0m 0.378 ms - 79[0m
[ error ] API request failed { code: [32m'authentication_required'[39m, statusCode: [33m401[39m }
[0mPOST /api/sync/47823327-84f2-4758-8717-fb0f9b2f3eb3/envelopes [33m401[0m 0.313 ms - 79[0m
[ error ] API request failed { code: [32m'authentication_required'[39m, statusCode: [33m401[39m }
[0mPOST /api/sync/47823327-84f2-4758-8717-fb0f9b2f3eb3/envelopes [33m401[0m 0.352 ms - 79[0m
[ error ] API request failed { code: [32m'authentication_required'[39m, statusCode: [33m401[39m }
[0mPOST /api/sync/47823327-84f2-4758-8717-fb0f9b2f3eb3/envelopes [33m401[0m 0.290 ms - 79[0m
[ error ] API request failed { code: [32m'authentication_required'[39m, statusCode: [33m401[39m }
[0mPOST /api/sync/47823327-84f2-4758-8717-fb0f9b2f3eb3/envelopes [33m401[0m 0.726 ms - 79[0m
[ error ] API request failed { code: [32m'authentication_required'[39m, statusCode: [33m401[39m }
[0mPOST /api/sync/47823327-84f2-4758-8717-fb0f9b2f3eb3/envelopes [33m401[0m 0.551 ms - 79[0m
[ error ] API request failed { code: [32m'authentication_required'[39m, statusCode: [33m401[39m }
[0mPOST /api/sync/47823327-84f2-4758-8717-fb0f9b2f3eb3/envelopes [33m401[0m 0.352 ms - 79[0m
[ error ] API request failed { code: [32m'authentication_required'[39m, statusCode: [33m401[39m }
[0mPOST /api/sync/47823327-84f2-4758-8717-fb0f9b2f3eb3/envelopes [33m401[0m 0.368 ms - 79[0m
[ error ] API request failed { code: [32m'authentication_required'[39m, statusCode: [33m401[39m }
[0mPOST /api/sync/47823327-84f2-4758-8717-fb0f9b2f3eb3/envelopes [33m401[0m 0.422 ms - 79[0m
[ error ] API request failed { code: [32m'authentication_required'[39m, statusCode: [33m401[39m }
[0mPOST /api/sync/47823327-84f2-4758-8717-fb0f9b2f3eb3/envelopes [33m401[0m 0.484 ms - 79[0m
[ error ] API request failed { code: [32m'authentication_required'[39m, statusCode: [33m401[39m }
[0mPOST /api/sync/47823327-84f2-4758-8717-fb0f9b2f3eb3/envelopes [33m401[0m 0.441 ms - 79[0m
[ error ] API request failed { code: [32m'authentication_required'[39m, statusCode: [33m401[39m }
[0mPOST /api/sync/47823327-84f2-4758-8717-fb0f9b2f3eb3/envelopes [33m401[0m 0.441 ms - 79[0m
[ error ] API request failed { code: [32m'authentication_required'[39m, statusCode: [33m401[39m }
[0mPOST /api/sync/47823327-84f2-4758-8717-fb0f9b2f3eb3/envelopes [33m401[0m 0.418 ms - 79[0m
[ error ] API request failed { code: [32m'authentication_required'[39m, statusCode: [33m401[39m }
[0mPOST /api/sync/47823327-84f2-4758-8717-fb0f9b2f3eb3/envelopes [33m401[0m 0.317 ms - 79[0m
[ error ] API request failed { code: [32m'authentication_required'[39m, statusCode: [33m401[39m }
[0mPOST /api/sync/47823327-84f2-4758-8717-fb0f9b2f3eb3/envelopes [33m401[0m 0.292 ms - 79[0m
[ error ] API request failed { code: [32m'authentication_required'[39m, statusCode: [33m401[39m }
[0mPOST /api/sync/47823327-84f2-4758-8717-fb0f9b2f3eb3/envelopes [33m401[0m 0.367 ms - 79[0m
[ error ] API request failed { code: [32m'authentication_required'[39m, statusCode: [33m401[39m }
[0mPOST /api/sync/47823327-84f2-4758-8717-fb0f9b2f3eb3/envelopes [33m401[0m 0.577 ms - 79[0m
[ error ] API request failed { code: [32m'authentication_required'[39m, statusCode: [33m401[39m }
[0mPOST /api/sync/47823327-84f2-4758-8717-fb0f9b2f3eb3/envelopes [33m401[0m 0.571 ms - 79[0m
[ error ] API request failed { code: [32m'authentication_required'[39m, statusCode: [33m401[39m }
[0mPOST /api/sync/47823327-84f2-4758-8717-fb0f9b2f3eb3/envelopes [33m401[0m 0.475 ms - 79[0m
[ error ] API request failed { code: [32m'authentication_required'[39m, statusCode: [33m401[39m }
[0mPOST /api/sync/47823327-84f2-4758-8717-fb0f9b2f3eb3/envelopes [33m401[0m 0.280 ms - 79[0m
[ error ] API request failed { code: [32m'authentication_required'[39m, statusCode: [33m401[39m }
[0mPOST /api/sync/47823327-84f2-4758-8717-fb0f9b2f3eb3/envelopes [33m401[0m 0.457 ms - 79[0m
[ error ] API request failed { code: [32m'authentication_required'[39m, statusCode: [33m401[39m }
[0mPOST /api/sync/47823327-84f2-4758-8717-fb0f9b2f3eb3/envelopes [33m401[0m 0.295 ms - 79[0m
[ error ] API request failed { code: [32m'authentication_required'[39m, statusCode: [33m401[39m }
[0mPOST /api/sync/47823327-84f2-4758-8717-fb0f9b2f3eb3/envelopes [33m401[0m 0.321 ms - 79[0m
[ error ] API request failed { code: [32m'invalid_request'[39m, statusCode: [33m400[39m }
[ error ] API request failed { code: [32m'invalid_request'[39m, statusCode: [33m400[39m }
[ error ] API request failed { code: [32m'invalid_request'[39m, statusCode: [33m400[39m }
[ error ] API request failed { code: [32m'invalid_request'[39m, statusCode: [33m400[39m }
[ error ] API request failed { code: [32m'authentication_required'[39m, statusCode: [33m401[39m }
[0mPOST /api/sync/47823327-84f2-4758-8717-fb0f9b2f3eb3/envelopes [33m401[0m 0.375 ms - 79[0m
[ error ] API request failed { code: [32m'authentication_required'[39m, statusCode: [33m401[39m }
[0mPOST /api/sync/47823327-84f2-4758-8717-fb0f9b2f3eb3/envelopes [33m401[0m 0.356 ms - 79[0m
[ error ] API request failed { code: [32m'authentication_required'[39m, statusCode: [33m401[39m }
[0mPOST /api/sync/47823327-84f2-4758-8717-fb0f9b2f3eb3/envelopes [33m401[0m 0.264 ms - 79[0m
[ error ] API request failed { code: [32m'authentication_required'[39m, statusCode: [33m401[39m }
[0mPOST /api/sync/47823327-84f2-4758-8717-fb0f9b2f3eb3/envelopes [33m401[0m 0.326 ms - 79[0m
[ error ] API request failed { code: [32m'authentication_required'[39m, statusCode: [33m401[39m }
[0mPOST /api/sync/47823327-84f2-4758-8717-fb0f9b2f3eb3/envelopes [33m401[0m 0.269 ms - 79[0m
[ error ] API request failed { code: [32m'authentication_required'[39m, statusCode: [33m401[39m }
[0mPOST /api/sync/47823327-84f2-4758-8717-fb0f9b2f3eb3/envelopes [33m401[0m 0.372 ms - 79[0m
[ error ] API request failed { code: [32m'authentication_required'[39m, statusCode: [33m401[39m }
[0mPOST /api/sync/47823327-84f2-4758-8717-fb0f9b2f3eb3/envelopes [33m401[0m 0.548 ms - 79[0m
[ error ] API request failed { code: [32m'authentication_required'[39m, statusCode: [33m401[39m }
[0mPOST /api/sync/47823327-84f2-4758-8717-fb0f9b2f3eb3/envelopes [33m401[0m 0.382 ms - 79[0m
[ error ] API request failed { code: [32m'authentication_required'[39m, statusCode: [33m401[39m }
[0mPOST /api/sync/47823327-84f2-4758-8717-fb0f9b2f3eb3/envelopes [33m401[0m 0.354 ms - 79[0m
[ error ] API request failed { code: [32m'authentication_required'[39m, statusCode: [33m401[39m }
[0mPOST /api/sync/47823327-84f2-4758-8717-fb0f9b2f3eb3/envelopes [33m401[0m 0.384 ms - 79[0m
[ error ] API request failed { code: [32m'authentication_required'[39m, statusCode: [33m401[39m }
[0mPOST /api/sync/47823327-84f2-4758-8717-fb0f9b2f3eb3/envelopes [33m401[0m 0.329 ms - 79[0m
[ error ] API request failed { code: [32m'authentication_required'[39m, statusCode: [33m401[39m }
[0mPOST /api/sync/47823327-84f2-4758-8717-fb0f9b2f3eb3/envelopes [33m401[0m 0.478 ms - 79[0m
[ error ] API request failed { code: [32m'authentication_required'[39m, statusCode: [33m401[39m }
[0mPOST /api/sync/47823327-84f2-4758-8717-fb0f9b2f3eb3/envelopes [33m401[0m 0.346 ms - 79[0m
[ error ] API request failed { code: [32m'authentication_required'[39m, statusCode: [33m401[39m }
[0mPOST /api/sync/47823327-84f2-4758-8717-fb0f9b2f3eb3/envelopes [33m401[0m 0.366 ms - 79[0m
[ error ] API request failed { code: [32m'authentication_required'[39m, statusCode: [33m401[39m }
[0mPOST /api/sync/47823327-84f2-4758-8717-fb0f9b2f3eb3/envelopes [33m401[0m 0.382 ms - 79[0m
[ error ] API request failed { code: [32m'authentication_required'[39m, statusCode: [33m401[39m }
[0mPOST /api/sync/47823327-84f2-4758-8717-fb0f9b2f3eb3/envelopes [33m401[0m 0.338 ms - 79[0m
[ error ] API request failed { code: [32m'authentication_required'[39m, statusCode: [33m401[39m }
[0mPOST /api/sync/47823327-84f2-4758-8717-fb0f9b2f3eb3/envelopes [33m401[0m 0.313 ms - 79[0m
[ error ] API request failed { code: [32m'authentication_required'[39m, statusCode: [33m401[39m }
[0mPOST /api/sync/47823327-84f2-4758-8717-fb0f9b2f3eb3/envelopes [33m401[0m 0.406 ms - 79[0m
[ error ] API request failed { code: [32m'authentication_required'[39m, statusCode: [33m401[39m }
[0mPOST /api/sync/47823327-84f2-4758-8717-fb0f9b2f3eb3/envelopes [33m401[0m 0.324 ms - 79[0m
[ error ] API request failed { code: [32m'authentication_required'[39m, statusCode: [33m401[39m }
[0mPOST /api/sync/47823327-84f2-4758-8717-fb0f9b2f3eb3/envelopes [33m401[0m 0.294 ms - 79[0m
[ error ] API request failed { code: [32m'authentication_required'[39m, statusCode: [33m401[39m }
[0mPOST /api/sync/47823327-84f2-4758-8717-fb0f9b2f3eb3/envelopes [33m401[0m 0.279 ms - 79[0m
[ error ] API request failed { code: [32m'authentication_required'[39m, statusCode: [33m401[39m }
[0mPOST /api/sync/47823327-84f2-4758-8717-fb0f9b2f3eb3/envelopes [33m401[0m 0.231 ms - 79[0m
[ error ] API request failed { code: [32m'authentication_required'[39m, statusCode: [33m401[39m }
[0mPOST /api/sync/47823327-84f2-4758-8717-fb0f9b2f3eb3/envelopes [33m401[0m 0.222 ms - 79[0m
[ error ] API request failed { code: [32m'authentication_required'[39m, statusCode: [33m401[39m }
[0mPOST /api/sync/47823327-84f2-4758-8717-fb0f9b2f3eb3/envelopes [33m401[0m 0.239 ms - 79[0m
[ error ] API request failed { code: [32m'authentication_required'[39m, statusCode: [33m401[39m }
[0mPOST /api/sync/47823327-84f2-4758-8717-fb0f9b2f3eb3/envelopes [33m401[0m 0.283 ms - 79[0m
[ error ] API request failed { code: [32m'authentication_required'[39m, statusCode: [33m401[39m }
[0mPOST /api/sync/47823327-84f2-4758-8717-fb0f9b2f3eb3/envelopes [33m401[0m 0.579 ms - 79[0m
[ error ] API request failed { code: [32m'authentication_required'[39m, statusCode: [33m401[39m }
[0mPOST /api/sync/47823327-84f2-4758-8717-fb0f9b2f3eb3/envelopes [33m401[0m 0.280 ms - 79[0m
[ error ] API request failed { code: [32m'authentication_required'[39m, statusCode: [33m401[39m }
[0mPOST /api/sync/47823327-84f2-4758-8717-fb0f9b2f3eb3/envelopes [33m401[0m 0.193 ms - 79[0m
[ error ] API request failed { code: [32m'authentication_required'[39m, statusCode: [33m401[39m }
[0mPOST /api/sync/47823327-84f2-4758-8717-fb0f9b2f3eb3/envelopes [33m401[0m 0.285 ms - 79[0m
[ error ] API request failed { code: [32m'authentication_required'[39m, statusCode: [33m401[39m }
[0mPOST /api/sync/47823327-84f2-4758-8717-fb0f9b2f3eb3/envelopes [33m401[0m 0.304 ms - 79[0m
[ error ] API request failed { code: [32m'authentication_required'[39m, statusCode: [33m401[39m }
[0mPOST /api/sync/47823327-84f2-4758-8717-fb0f9b2f3eb3/envelopes [33m401[0m 0.243 ms - 79[0m
[ error ] API request failed { code: [32m'authentication_required'[39m, statusCode: [33m401[39m }
[0mGET /api/sync/000000000000000000000000000000000000000000000000000000000000000000000000000000000000000000000000000000000000000000000000000000000000000000000000000000000000000000000000000000000000000000000000000000000/devices [33m401[0m 0.268 ms - 79[0m
[ error ] API request failed { code: [32m'authentication_required'[39m, statusCode: [33m401[39m }
[0mGET /api/sync/0000000000000000000000000000000000000000000000000000000000000000000000000000000000000000000000000000000000000000000000000000000000000000000000000000000000000000000000000000000000000000000000000000000/devices [33m401[0m 0.247 ms - 79[0m
[ error ] API request failed { code: [32m'authentication_required'[39m, statusCode: [33m401[39m }
[0mGET /api/sync/00000000000000000000000000000000000000000000000000000000000000000000000000000000000000000000000000000000000000000000000000000000000000000000000000000000000000000000000000000000000000000000000000000000/devices [33m401[0m 0.374 ms - 79[0m
[ error ] API request failed { code: [32m'authentication_required'[39m, statusCode: [33m401[39m }
[0mGET /api/sync/00/devices [33m401[0m 0.360 ms - 79[0m
[ error ] API request failed { code: [32m'authentication_required'[39m, statusCode: [33m401[39m }
[0mGET /api/sync/0/devices [33m401[0m 0.314 ms - 79[0m
[ error ] API request failed { code: [32m'authentication_required'[39m, statusCode: [33m401[39m }
[0mGET /api/sync/47823327-84f2-4758-8717-fb0f9b2f3eb3/devices [33m401[0m 0.274 ms - 79[0m
[0mTRACE /api/sync/47823327-84f2-4758-8717-fb0f9b2f3eb3/devices/audit [33m405[0m 0.145 ms - 78[0m
[0mQUERY /api/sync/47823327-84f2-4758-8717-fb0f9b2f3eb3/devices/audit [33m405[0m 0.112 ms - 78[0m
[0mPUT /api/sync/47823327-84f2-4758-8717-fb0f9b2f3eb3/devices/audit [33m405[0m 0.090 ms - 78[0m
[0mPOST /api/sync/47823327-84f2-4758-8717-fb0f9b2f3eb3/devices/audit [33m405[0m 0.122 ms - 78[0m
[0mPATCH /api/sync/47823327-84f2-4758-8717-fb0f9b2f3eb3/devices/audit [33m405[0m 0.115 ms - 78[0m
[0mOPTIONS /api/sync/47823327-84f2-4758-8717-fb0f9b2f3eb3/devices/audit [33m405[0m 0.109 ms - 78[0m
[0mDELETE /api/sync/47823327-84f2-4758-8717-fb0f9b2f3eb3/devices/audit [33m405[0m 0.175 ms - 78[0m
[ error ] API request failed { code: [32m'authentication_required'[39m, statusCode: [33m401[39m }
[0mGET /api/sync/000000000000000000000000000000000000000000000000000000000000000000000000000000000000000000000000000000000000000000000000000000000000000000000000000000000000000000000000000000000000000000000000000000000/devices/audit [33m401[0m 0.236 ms - 79[0m
[ error ] API request failed { code: [32m'authentication_required'[39m, statusCode: [33m401[39m }
[0mGET /api/sync/0000000000000000000000000000000000000000000000000000000000000000000000000000000000000000000000000000000000000000000000000000000000000000000000000000000000000000000000000000000000000000000000000000000/devices/audit [33m401[0m 0.200 ms - 79[0m
[ error ] API request failed { code: [32m'authentication_required'[39m, statusCode: [33m401[39m }
[0mGET /api/sync/00000000000000000000000000000000000000000000000000000000000000000000000000000000000000000000000000000000000000000000000000000000000000000000000000000000000000000000000000000000000000000000000000000000/devices/audit [33m401[0m 0.315 ms - 79[0m
[ error ] API request failed { code: [32m'authentication_required'[39m, statusCode: [33m401[39m }
[0mGET /api/sync/00/devices/audit [33m401[0m 0.405 ms - 79[0m
[ error ] API request failed { code: [32m'authentication_required'[39m, statusCode: [33m401[39m }
[0mGET /api/sync/0/devices/audit [33m401[0m 0.271 ms - 79[0m
[ error ] API request failed { code: [32m'authentication_required'[39m, statusCode: [33m401[39m }
[0mGET /api/sync/47823327-84f2-4758-8717-fb0f9b2f3eb3/devices/audit [33m401[0m 0.277 ms - 79[0m
[ error ] API request failed { code: [32m'authentication_required'[39m, statusCode: [33m401[39m }
[0mGET /api/sync/47823327-84f2-4758-8717-fb0f9b2f3eb3/envelopes?deviceId=0&enrollmentVersion=1&limit=100&x-schemathesis-unknown-property=42 [33m401[0m 0.272 ms - 79[0m
[ error ] API request failed { code: [32m'authentication_required'[39m, statusCode: [33m401[39m }
[0mGET /api/sync/47823327-84f2-4758-8717-fb0f9b2f3eb3/envelopes?deviceId=0&enrollmentVersion=9007199254740992&limit=100 [33m401[0m 0.318 ms - 79[0m
[ error ] API request failed { code: [32m'authentication_required'[39m, statusCode: [33m401[39m }
[0mGET /api/sync/47823327-84f2-4758-8717-fb0f9b2f3eb3/envelopes?deviceId=0&enrollmentVersion=0&limit=100 [33m401[0m 0.282 ms - 79[0m
[ error ] API request failed { code: [32m'authentication_required'[39m, statusCode: [33m401[39m }
[0mGET /api/sync/47823327-84f2-4758-8717-fb0f9b2f3eb3/envelopes?deviceId=0&enrollmentVersion=null&enrollmentVersion=null&limit=100 [33m401[0m 0.428 ms - 79[0m
[ error ] API request failed { code: [32m'authentication_required'[39m, statusCode: [33m401[39m }
[0mGET /api/sync/47823327-84f2-4758-8717-fb0f9b2f3eb3/envelopes?deviceId=0&enrollmentVersion=AAA&limit=100 [33m401[0m 0.411 ms - 79[0m
[ error ] API request failed { code: [32m'authentication_required'[39m, statusCode: [33m401[39m }
[0mGET /api/sync/47823327-84f2-4758-8717-fb0f9b2f3eb3/envelopes?deviceId=0&enrollmentVersion=null&limit=100 [33m401[0m 0.421 ms - 79[0m
[ error ] API request failed { code: [32m'authentication_required'[39m, statusCode: [33m401[39m }
[0mGET /api/sync/47823327-84f2-4758-8717-fb0f9b2f3eb3/envelopes?deviceId=0&enrollmentVersion=false&limit=100 [33m401[0m 0.367 ms - 79[0m
[ error ] API request failed { code: [32m'authentication_required'[39m, statusCode: [33m401[39m }
[0mGET /api/sync/47823327-84f2-4758-8717-fb0f9b2f3eb3/envelopes?deviceId=0&enrollmentVersion=2.5890419884777833e-42&limit=100 [33m401[0m 0.403 ms - 79[0m
[ error ] API request failed { code: [32m'authentication_required'[39m, statusCode: [33m401[39m }
[0mGET /api/sync/47823327-84f2-4758-8717-fb0f9b2f3eb3/envelopes?deviceId=&enrollmentVersion=1&limit=100 [33m401[0m 0.434 ms - 79[0m
[ error ] API request failed { code: [32m'authentication_required'[39m, statusCode: [33m401[39m }
[0mGET /api/sync/47823327-84f2-4758-8717-fb0f9b2f3eb3/envelopes?deviceId=0&enrollmentVersion=1&limit=101 [33m401[0m 0.332 ms - 79[0m
[ error ] API request failed { code: [32m'authentication_required'[39m, statusCode: [33m401[39m }
[0mGET /api/sync/47823327-84f2-4758-8717-fb0f9b2f3eb3/envelopes?deviceId=0&enrollmentVersion=1&limit=0 [33m401[0m 0.325 ms - 79[0m
[ error ] API request failed { code: [32m'authentication_required'[39m, statusCode: [33m401[39m }
[0mGET /api/sync/47823327-84f2-4758-8717-fb0f9b2f3eb3/envelopes?deviceId=0&enrollmentVersion=1&limit=null&limit=null [33m401[0m 0.318 ms - 79[0m
[ error ] API request failed { code: [32m'authentication_required'[39m, statusCode: [33m401[39m }
[0mGET /api/sync/47823327-84f2-4758-8717-fb0f9b2f3eb3/envelopes?deviceId=0&enrollmentVersion=1&limit=AAA [33m401[0m 0.327 ms - 79[0m
[ error ] API request failed { code: [32m'authentication_required'[39m, statusCode: [33m401[39m }
[0mGET /api/sync/47823327-84f2-4758-8717-fb0f9b2f3eb3/envelopes?deviceId=0&enrollmentVersion=1&limit=null [33m401[0m 0.302 ms - 79[0m
[ error ] API request failed { code: [32m'authentication_required'[39m, statusCode: [33m401[39m }
[0mGET /api/sync/47823327-84f2-4758-8717-fb0f9b2f3eb3/envelopes?deviceId=0&enrollmentVersion=1&limit=false [33m401[0m 0.300 ms - 79[0m
[ error ] API request failed { code: [32m'authentication_required'[39m, statusCode: [33m401[39m }
[0mGET /api/sync/47823327-84f2-4758-8717-fb0f9b2f3eb3/envelopes?deviceId=0&enrollmentVersion=1&limit=2.5890419884777833e-42 [33m401[0m 0.408 ms - 79[0m
[ error ] API request failed { code: [32m'authentication_required'[39m, statusCode: [33m401[39m }
[0mGET /api/sync/47823327-84f2-4758-8717-fb0f9b2f3eb3/envelopes?limit=100&deviceId=device-rAvqa4YHidxwAa68&enrollmentVersion=1 [33m401[0m 0.279 ms - 79[0m
[ error ] API request failed { code: [32m'authentication_required'[39m, statusCode: [33m401[39m }
[0mGET /api/sync/47823327-84f2-4758-8717-fb0f9b2f3eb3/envelopes?afterCursor=0&deviceId=0&enrollmentVersion=1&x-schemathesis-unknown-property=42 [33m401[0m 0.367 ms - 79[0m
[ error ] API request failed { code: [32m'authentication_required'[39m, statusCode: [33m401[39m }
[0mGET /api/sync/47823327-84f2-4758-8717-fb0f9b2f3eb3/envelopes?afterCursor=0&deviceId=0&enrollmentVersion=9007199254740992 [33m401[0m 0.355 ms - 79[0m
[ error ] API request failed { code: [32m'authentication_required'[39m, statusCode: [33m401[39m }
[0mGET /api/sync/47823327-84f2-4758-8717-fb0f9b2f3eb3/envelopes?afterCursor=0&deviceId=0&enrollmentVersion=0 [33m401[0m 0.319 ms - 79[0m
[ error ] API request failed { code: [32m'authentication_required'[39m, statusCode: [33m401[39m }
[0mGET /api/sync/47823327-84f2-4758-8717-fb0f9b2f3eb3/envelopes?afterCursor=0&deviceId=0&enrollmentVersion=null&enrollmentVersion=null [33m401[0m 0.297 ms - 79[0m
[ error ] API request failed { code: [32m'authentication_required'[39m, statusCode: [33m401[39m }
[0mGET /api/sync/47823327-84f2-4758-8717-fb0f9b2f3eb3/envelopes?afterCursor=0&deviceId=0&enrollmentVersion=AAA [33m401[0m 0.256 ms - 79[0m
[ error ] API request failed { code: [32m'authentication_required'[39m, statusCode: [33m401[39m }
[0mGET /api/sync/47823327-84f2-4758-8717-fb0f9b2f3eb3/envelopes?afterCursor=0&deviceId=0&enrollmentVersion=null [33m401[0m 0.365 ms - 79[0m
[ error ] API request failed { code: [32m'authentication_required'[39m, statusCode: [33m401[39m }
[0mGET /api/sync/47823327-84f2-4758-8717-fb0f9b2f3eb3/envelopes?afterCursor=0&deviceId=0&enrollmentVersion=false [33m401[0m 0.313 ms - 79[0m
[ error ] API request failed { code: [32m'authentication_required'[39m, statusCode: [33m401[39m }
[0mGET /api/sync/47823327-84f2-4758-8717-fb0f9b2f3eb3/envelopes?afterCursor=0&deviceId=0&enrollmentVersion=2.5890419884777833e-42 [33m401[0m 0.373 ms - 79[0m
[ error ] API request failed { code: [32m'authentication_required'[39m, statusCode: [33m401[39m }
[0mGET /api/sync/47823327-84f2-4758-8717-fb0f9b2f3eb3/envelopes?afterCursor=0&deviceId=&enrollmentVersion=1 [33m401[0m 0.327 ms - 79[0m
[ error ] API request failed { code: [32m'authentication_required'[39m, statusCode: [33m401[39m }
[0mGET /api/sync/47823327-84f2-4758-8717-fb0f9b2f3eb3/envelopes?afterCursor=9007199254740992&deviceId=0&enrollmentVersion=1 [33m401[0m 0.289 ms - 79[0m
[ error ] API request failed { code: [32m'authentication_required'[39m, statusCode: [33m401[39m }
[0mGET /api/sync/47823327-84f2-4758-8717-fb0f9b2f3eb3/envelopes?afterCursor=-1&deviceId=0&enrollmentVersion=1 [33m401[0m 0.325 ms - 79[0m
[ error ] API request failed { code: [32m'authentication_required'[39m, statusCode: [33m401[39m }
[0mGET /api/sync/47823327-84f2-4758-8717-fb0f9b2f3eb3/envelopes?afterCursor=null&afterCursor=null&deviceId=0&enrollmentVersion=1 [33m401[0m 0.272 ms - 79[0m
[ error ] API request failed { code: [32m'authentication_required'[39m, statusCode: [33m401[39m }
[0mGET /api/sync/47823327-84f2-4758-8717-fb0f9b2f3eb3/envelopes?afterCursor=AAA&deviceId=0&enrollmentVersion=1 [33m401[0m 0.321 ms - 79[0m
[ error ] API request failed { code: [32m'authentication_required'[39m, statusCode: [33m401[39m }
[0mGET /api/sync/47823327-84f2-4758-8717-fb0f9b2f3eb3/envelopes?afterCursor=null&deviceId=0&enrollmentVersion=1 [33m401[0m 0.285 ms - 79[0m
[ error ] API request failed { code: [32m'authentication_required'[39m, statusCode: [33m401[39m }
[0mGET /api/sync/47823327-84f2-4758-8717-fb0f9b2f3eb3/envelopes?afterCursor=false&deviceId=0&enrollmentVersion=1 [33m401[0m 0.411 ms - 79[0m
[ error ] API request failed { code: [32m'authentication_required'[39m, statusCode: [33m401[39m }
[0mGET /api/sync/47823327-84f2-4758-8717-fb0f9b2f3eb3/envelopes?afterCursor=2.5890419884777833e-42&deviceId=0&enrollmentVersion=1 [33m401[0m 0.416 ms - 79[0m
[ error ] API request failed { code: [32m'authentication_required'[39m, statusCode: [33m401[39m }
[0mGET /api/sync/47823327-84f2-4758-8717-fb0f9b2f3eb3/envelopes?afterCursor=0&deviceId=device-rAvqa4YHidxwAa68&enrollmentVersion=1 [33m401[0m 0.515 ms - 79[0m
[ error ] API request failed { code: [32m'authentication_required'[39m, statusCode: [33m401[39m }
[0mGET /api/sync/47823327-84f2-4758-8717-fb0f9b2f3eb3/envelopes?deviceId=0&enrollmentVersion=1&x-schemathesis-unknown-property=42 [33m401[0m 0.298 ms - 79[0m
[ error ] API request failed { code: [32m'authentication_required'[39m, statusCode: [33m401[39m }
[0mGET /api/sync/47823327-84f2-4758-8717-fb0f9b2f3eb3/envelopes?deviceId=0&enrollmentVersion=9007199254740992 [33m401[0m 0.301 ms - 79[0m
[ error ] API request failed { code: [32m'authentication_required'[39m, statusCode: [33m401[39m }
[0mGET /api/sync/47823327-84f2-4758-8717-fb0f9b2f3eb3/envelopes?deviceId=0&enrollmentVersion=0 [33m401[0m 0.248 ms - 79[0m
[ error ] API request failed { code: [32m'authentication_required'[39m, statusCode: [33m401[39m }
[0mGET /api/sync/47823327-84f2-4758-8717-fb0f9b2f3eb3/envelopes?deviceId=0&enrollmentVersion=null&enrollmentVersion=null [33m401[0m 0.303 ms - 79[0m
[ error ] API request failed { code: [32m'authentication_required'[39m, statusCode: [33m401[39m }
[0mGET /api/sync/47823327-84f2-4758-8717-fb0f9b2f3eb3/envelopes?deviceId=0&enrollmentVersion=AAA [33m401[0m 0.272 ms - 79[0m
[ error ] API request failed { code: [32m'authentication_required'[39m, statusCode: [33m401[39m }
[0mGET /api/sync/47823327-84f2-4758-8717-fb0f9b2f3eb3/envelopes?deviceId=0&enrollmentVersion=null [33m401[0m 0.456 ms - 79[0m
[ error ] API request failed { code: [32m'authentication_required'[39m, statusCode: [33m401[39m }
[0mGET /api/sync/47823327-84f2-4758-8717-fb0f9b2f3eb3/envelopes?deviceId=0&enrollmentVersion=false [33m401[0m 0.269 ms - 79[0m
[ error ] API request failed { code: [32m'authentication_required'[39m, statusCode: [33m401[39m }
[0mGET /api/sync/47823327-84f2-4758-8717-fb0f9b2f3eb3/envelopes?deviceId=0&enrollmentVersion=2.5890419884777833e-42 [33m401[0m 0.317 ms - 79[0m
[ error ] API request failed { code: [32m'authentication_required'[39m, statusCode: [33m401[39m }
[0mGET /api/sync/47823327-84f2-4758-8717-fb0f9b2f3eb3/envelopes?deviceId=&enrollmentVersion=1 [33m401[0m 0.585 ms - 79[0m
[ error ] API request failed { code: [32m'authentication_required'[39m, statusCode: [33m401[39m }
[0mGET /api/sync/47823327-84f2-4758-8717-fb0f9b2f3eb3/envelopes?deviceId=device-rAvqa4YHidxwAa68&enrollmentVersion=1 [33m401[0m 0.336 ms - 79[0m
[ error ] API request failed { code: [32m'authentication_required'[39m, statusCode: [33m401[39m }
[0mGET /api/sync/47823327-84f2-4758-8717-fb0f9b2f3eb3/envelopes?afterCursor=0&limit=100&deviceId=device-rAvqa4YHidxwAa68 [33m401[0m 0.314 ms - 79[0m
[ error ] API request failed { code: [32m'authentication_required'[39m, statusCode: [33m401[39m }
[0mGET /api/sync/47823327-84f2-4758-8717-fb0f9b2f3eb3/envelopes?afterCursor=0&limit=100&enrollmentVersion=1 [33m401[0m 0.333 ms - 79[0m
[ error ] API request failed { code: [32m'authentication_required'[39m, statusCode: [33m401[39m }
[0mGET /api/sync/47823327-84f2-4758-8717-fb0f9b2f3eb3/envelopes?afterCursor=0&limit=100&deviceId=device-rAvqa4YHidxwAa68&enrollmentVersion=9007199254740992 [33m401[0m 0.320 ms - 79[0m
[ error ] API request failed { code: [32m'authentication_required'[39m, statusCode: [33m401[39m }
[0mGET /api/sync/47823327-84f2-4758-8717-fb0f9b2f3eb3/envelopes?afterCursor=0&limit=100&deviceId=device-rAvqa4YHidxwAa68&enrollmentVersion=0 [33m401[0m 0.375 ms - 79[0m
[ error ] API request failed { code: [32m'authentication_required'[39m, statusCode: [33m401[39m }
[0mGET /api/sync/47823327-84f2-4758-8717-fb0f9b2f3eb3/envelopes?afterCursor=0&limit=100&deviceId=device-rAvqa4YHidxwAa68&enrollmentVersion=null&enrollmentVersion=null [33m401[0m 0.638 ms - 79[0m
[ error ] API request failed { code: [32m'authentication_required'[39m, statusCode: [33m401[39m }
[0mGET /api/sync/47823327-84f2-4758-8717-fb0f9b2f3eb3/envelopes?afterCursor=0&limit=100&deviceId=device-rAvqa4YHidxwAa68&enrollmentVersion=AAA [33m401[0m 0.377 ms - 79[0m
[ error ] API request failed { code: [32m'authentication_required'[39m, statusCode: [33m401[39m }
[0mGET /api/sync/47823327-84f2-4758-8717-fb0f9b2f3eb3/envelopes?afterCursor=0&limit=100&deviceId=device-rAvqa4YHidxwAa68&enrollmentVersion=null [33m401[0m 0.682 ms - 79[0m
[ error ] API request failed { code: [32m'authentication_required'[39m, statusCode: [33m401[39m }
[0mGET /api/sync/47823327-84f2-4758-8717-fb0f9b2f3eb3/envelopes?afterCursor=0&limit=100&deviceId=device-rAvqa4YHidxwAa68&enrollmentVersion=false [33m401[0m 0.352 ms - 79[0m
[ error ] API request failed { code: [32m'authentication_required'[39m, statusCode: [33m401[39m }
[0mGET /api/sync/47823327-84f2-4758-8717-fb0f9b2f3eb3/envelopes?afterCursor=0&limit=100&deviceId=device-rAvqa4YHidxwAa68&enrollmentVersion=2.5890419884777833e-42 [33m401[0m 0.371 ms - 79[0m
[ error ] API request failed { code: [32m'authentication_required'[39m, statusCode: [33m401[39m }
[0mGET /api/sync/47823327-84f2-4758-8717-fb0f9b2f3eb3/envelopes?afterCursor=0&limit=100&deviceId=device-rAvqa4YHidxwAa68&enrollmentVersion=9007199254740990 [33m401[0m 0.469 ms - 79[0m
[ error ] API request failed { code: [32m'authentication_required'[39m, statusCode: [33m401[39m }
[0mGET /api/sync/47823327-84f2-4758-8717-fb0f9b2f3eb3/envelopes?afterCursor=0&limit=100&deviceId=device-rAvqa4YHidxwAa68&enrollmentVersion=9007199254740991 [33m401[0m 0.690 ms - 79[0m
[ error ] API request failed { code: [32m'authentication_required'[39m, statusCode: [33m401[39m }
[0mGET /api/sync/47823327-84f2-4758-8717-fb0f9b2f3eb3/envelopes?afterCursor=0&limit=100&deviceId=device-rAvqa4YHidxwAa68&enrollmentVersion=2 [33m401[0m 0.381 ms - 79[0m
[ error ] API request failed { code: [32m'authentication_required'[39m, statusCode: [33m401[39m }
[0mGET /api/sync/47823327-84f2-4758-8717-fb0f9b2f3eb3/envelopes?afterCursor=0&limit=100&deviceId=&enrollmentVersion=1 [33m401[0m 0.427 ms - 79[0m
[ error ] API request failed { code: [32m'authentication_required'[39m, statusCode: [33m401[39m }
[0mGET /api/sync/47823327-84f2-4758-8717-fb0f9b2f3eb3/envelopes?afterCursor=0&limit=100&deviceId=00&enrollmentVersion=1 [33m401[0m 0.375 ms - 79[0m
[ error ] API request failed { code: [32m'authentication_required'[39m, statusCode: [33m401[39m }
[0mGET /api/sync/47823327-84f2-4758-8717-fb0f9b2f3eb3/envelopes?afterCursor=0&limit=100&deviceId=0&enrollmentVersion=1 [33m401[0m 0.348 ms - 79[0m
[ error ] API request failed { code: [32m'authentication_required'[39m, statusCode: [33m401[39m }
[0mGET /api/sync/47823327-84f2-4758-8717-fb0f9b2f3eb3/envelopes?afterCursor=0&limit=101&deviceId=device-rAvqa4YHidxwAa68&enrollmentVersion=1 [33m401[0m 0.278 ms - 79[0m
[ error ] API request failed { code: [32m'authentication_required'[39m, statusCode: [33m401[39m }
[0mGET /api/sync/47823327-84f2-4758-8717-fb0f9b2f3eb3/envelopes?afterCursor=0&limit=0&deviceId=device-rAvqa4YHidxwAa68&enrollmentVersion=1 [33m401[0m 0.351 ms - 79[0m
[ error ] API request failed { code: [32m'authentication_required'[39m, statusCode: [33m401[39m }
[0mGET /api/sync/47823327-84f2-4758-8717-fb0f9b2f3eb3/envelopes?afterCursor=0&limit=null&limit=null&deviceId=device-rAvqa4YHidxwAa68&enrollmentVersion=1 [33m401[0m 0.483 ms - 79[0m
[ error ] API request failed { code: [32m'authentication_required'[39m, statusCode: [33m401[39m }
[0mGET /api/sync/47823327-84f2-4758-8717-fb0f9b2f3eb3/envelopes?afterCursor=0&limit=AAA&deviceId=device-rAvqa4YHidxwAa68&enrollmentVersion=1 [33m401[0m 0.458 ms - 79[0m
[ error ] API request failed { code: [32m'authentication_required'[39m, statusCode: [33m401[39m }
[0mGET /api/sync/47823327-84f2-4758-8717-fb0f9b2f3eb3/envelopes?afterCursor=0&limit=null&deviceId=device-rAvqa4YHidxwAa68&enrollmentVersion=1 [33m401[0m 0.259 ms - 79[0m
[ error ] API request failed { code: [32m'authentication_required'[39m, statusCode: [33m401[39m }
[0mGET /api/sync/47823327-84f2-4758-8717-fb0f9b2f3eb3/envelopes?afterCursor=0&limit=false&deviceId=device-rAvqa4YHidxwAa68&enrollmentVersion=1 [33m401[0m 0.401 ms - 79[0m
[ error ] API request failed { code: [32m'authentication_required'[39m, statusCode: [33m401[39m }
[0mGET /api/sync/47823327-84f2-4758-8717-fb0f9b2f3eb3/envelopes?afterCursor=0&limit=2.5890419884777833e-42&deviceId=device-rAvqa4YHidxwAa68&enrollmentVersion=1 [33m401[0m 0.288 ms - 79[0m
[ error ] API request failed { code: [32m'authentication_required'[39m, statusCode: [33m401[39m }
[0mGET /api/sync/47823327-84f2-4758-8717-fb0f9b2f3eb3/envelopes?afterCursor=0&limit=99&deviceId=device-rAvqa4YHidxwAa68&enrollmentVersion=1 [33m401[0m 0.705 ms - 79[0m
[ error ] API request failed { code: [32m'authentication_required'[39m, statusCode: [33m401[39m }
[0mGET /api/sync/47823327-84f2-4758-8717-fb0f9b2f3eb3/envelopes?afterCursor=0&limit=2&deviceId=device-rAvqa4YHidxwAa68&enrollmentVersion=1 [33m401[0m 0.432 ms - 79[0m
[ error ] API request failed { code: [32m'authentication_required'[39m, statusCode: [33m401[39m }
[0mGET /api/sync/47823327-84f2-4758-8717-fb0f9b2f3eb3/envelopes?afterCursor=0&limit=1&deviceId=device-rAvqa4YHidxwAa68&enrollmentVersion=1 [33m401[0m 0.658 ms - 79[0m
[ error ] API request failed { code: [32m'authentication_required'[39m, statusCode: [33m401[39m }
[0mGET /api/sync/47823327-84f2-4758-8717-fb0f9b2f3eb3/envelopes?afterCursor=9007199254740992&limit=100&deviceId=device-rAvqa4YHidxwAa68&enrollmentVersion=1 [33m401[0m 0.338 ms - 79[0m
[ error ] API request failed { code: [32m'authentication_required'[39m, statusCode: [33m401[39m }
[0mGET /api/sync/47823327-84f2-4758-8717-fb0f9b2f3eb3/envelopes?afterCursor=-1&limit=100&deviceId=device-rAvqa4YHidxwAa68&enrollmentVersion=1 [33m401[0m 0.250 ms - 79[0m
[ error ] API request failed { code: [32m'authentication_required'[39m, statusCode: [33m401[39m }
[0mGET /api/sync/47823327-84f2-4758-8717-fb0f9b2f3eb3/envelopes?afterCursor=null&afterCursor=null&limit=100&deviceId=device-rAvqa4YHidxwAa68&enrollmentVersion=1 [33m401[0m 0.325 ms - 79[0m
[ error ] API request failed { code: [32m'authentication_required'[39m, statusCode: [33m401[39m }
[0mGET /api/sync/47823327-84f2-4758-8717-fb0f9b2f3eb3/envelopes?afterCursor=AAA&limit=100&deviceId=device-rAvqa4YHidxwAa68&enrollmentVersion=1 [33m401[0m 0.373 ms - 79[0m
[ error ] API request failed { code: [32m'authentication_required'[39m, statusCode: [33m401[39m }
[0mGET /api/sync/47823327-84f2-4758-8717-fb0f9b2f3eb3/envelopes?afterCursor=null&limit=100&deviceId=device-rAvqa4YHidxwAa68&enrollmentVersion=1 [33m401[0m 0.330 ms - 79[0m
[ error ] API request failed { code: [32m'authentication_required'[39m, statusCode: [33m401[39m }
[0mGET /api/sync/47823327-84f2-4758-8717-fb0f9b2f3eb3/envelopes?afterCursor=false&limit=100&deviceId=device-rAvqa4YHidxwAa68&enrollmentVersion=1 [33m401[0m 0.300 ms - 79[0m
[ error ] API request failed { code: [32m'authentication_required'[39m, statusCode: [33m401[39m }
[0mGET /api/sync/47823327-84f2-4758-8717-fb0f9b2f3eb3/envelopes?afterCursor=2.5890419884777833e-42&limit=100&deviceId=device-rAvqa4YHidxwAa68&enrollmentVersion=1 [33m401[0m 0.271 ms - 79[0m
[ error ] API request failed { code: [32m'authentication_required'[39m, statusCode: [33m401[39m }
[0mGET /api/sync/47823327-84f2-4758-8717-fb0f9b2f3eb3/envelopes?afterCursor=9007199254740990&limit=100&deviceId=device-rAvqa4YHidxwAa68&enrollmentVersion=1 [33m401[0m 0.674 ms - 79[0m
[ error ] API request failed { code: [32m'authentication_required'[39m, statusCode: [33m401[39m }
[0mGET /api/sync/47823327-84f2-4758-8717-fb0f9b2f3eb3/envelopes?afterCursor=9007199254740991&limit=100&deviceId=device-rAvqa4YHidxwAa68&enrollmentVersion=1 [33m401[0m 0.502 ms - 79[0m
[ error ] API request failed { code: [32m'authentication_required'[39m, statusCode: [33m401[39m }
[0mGET /api/sync/47823327-84f2-4758-8717-fb0f9b2f3eb3/envelopes?afterCursor=1&limit=100&deviceId=device-rAvqa4YHidxwAa68&enrollmentVersion=1 [33m401[0m 0.310 ms - 79[0m
[ error ] API request failed { code: [32m'authentication_required'[39m, statusCode: [33m401[39m }
[0mGET /api/sync/000000000000000000000000000000000000000000000000000000000000000000000000000000000000000000000000000000000000000000000000000000000000000000000000000000000000000000000000000000000000000000000000000000000/envelopes?afterCursor=0&limit=100&deviceId=device-rAvqa4YHidxwAa68&enrollmentVersion=1 [33m401[0m 0.453 ms - 79[0m
[ error ] API request failed { code: [32m'authentication_required'[39m, statusCode: [33m401[39m }
[0mGET /api/sync/0000000000000000000000000000000000000000000000000000000000000000000000000000000000000000000000000000000000000000000000000000000000000000000000000000000000000000000000000000000000000000000000000000000/envelopes?afterCursor=0&limit=100&deviceId=device-rAvqa4YHidxwAa68&enrollmentVersion=1 [33m401[0m 0.311 ms - 79[0m
[ error ] API request failed { code: [32m'authentication_required'[39m, statusCode: [33m401[39m }
[0mGET /api/sync/00000000000000000000000000000000000000000000000000000000000000000000000000000000000000000000000000000000000000000000000000000000000000000000000000000000000000000000000000000000000000000000000000000000/envelopes?afterCursor=0&limit=100&deviceId=device-rAvqa4YHidxwAa68&enrollmentVersion=1 [33m401[0m 0.580 ms - 79[0m
[ error ] API request failed { code: [32m'authentication_required'[39m, statusCode: [33m401[39m }
[0mGET /api/sync/00/envelopes?afterCursor=0&limit=100&deviceId=device-rAvqa4YHidxwAa68&enrollmentVersion=1 [33m401[0m 0.349 ms - 79[0m
[ error ] API request failed { code: [32m'authentication_required'[39m, statusCode: [33m401[39m }
[0mGET /api/sync/0/envelopes?afterCursor=0&limit=100&deviceId=device-rAvqa4YHidxwAa68&enrollmentVersion=1 [33m401[0m 0.317 ms - 79[0m
[ error ] API request failed { code: [32m'authentication_required'[39m, statusCode: [33m401[39m }
[0mGET /api/sync/47823327-84f2-4758-8717-fb0f9b2f3eb3/envelopes?afterCursor=0&limit=100&deviceId=device-rAvqa4YHidxwAa68&enrollmentVersion=1 [33m401[0m 0.567 ms - 79[0m
[ error ] API request failed { code: [32m'authentication_required'[39m, statusCode: [33m401[39m }
[0mGET /api/sync/47823327-84f2-4758-8717-fb0f9b2f3eb3/checkpoints/0?deviceId=device-rAvqa4YHidxwAa68 [33m401[0m 0.279 ms - 79[0m
[ error ] API request failed { code: [32m'authentication_required'[39m, statusCode: [33m401[39m }
[0mGET /api/sync/47823327-84f2-4758-8717-fb0f9b2f3eb3/checkpoints/0?enrollmentVersion=1 [33m401[0m 0.201 ms - 79[0m
[0mTRACE /api/sync/47823327-84f2-4758-8717-fb0f9b2f3eb3/checkpoints/0?deviceId=device-rAvqa4YHidxwAa68&enrollmentVersion=1 [33m405[0m 0.084 ms - 78[0m
[0mQUERY /api/sync/47823327-84f2-4758-8717-fb0f9b2f3eb3/checkpoints/0?deviceId=device-rAvqa4YHidxwAa68&enrollmentVersion=1 [33m405[0m 0.065 ms - 78[0m
[0mPUT /api/sync/47823327-84f2-4758-8717-fb0f9b2f3eb3/checkpoints/0?deviceId=device-rAvqa4YHidxwAa68&enrollmentVersion=1 [33m405[0m 0.070 ms - 78[0m
[0mPOST /api/sync/47823327-84f2-4758-8717-fb0f9b2f3eb3/checkpoints/0?deviceId=device-rAvqa4YHidxwAa68&enrollmentVersion=1 [33m405[0m 0.088 ms - 78[0m
[0mPATCH /api/sync/47823327-84f2-4758-8717-fb0f9b2f3eb3/checkpoints/0?deviceId=device-rAvqa4YHidxwAa68&enrollmentVersion=1 [33m405[0m 0.179 ms - 78[0m
[0mOPTIONS /api/sync/47823327-84f2-4758-8717-fb0f9b2f3eb3/checkpoints/0?deviceId=device-rAvqa4YHidxwAa68&enrollmentVersion=1 [33m405[0m 0.132 ms - 78[0m
[0mDELETE /api/sync/47823327-84f2-4758-8717-fb0f9b2f3eb3/checkpoints/0?deviceId=device-rAvqa4YHidxwAa68&enrollmentVersion=1 [33m405[0m 0.094 ms - 78[0m
[ error ] API request failed { code: [32m'authentication_required'[39m, statusCode: [33m401[39m }
[0mGET /api/sync/47823327-84f2-4758-8717-fb0f9b2f3eb3/checkpoints/0?deviceId=device-rAvqa4YHidxwAa68&enrollmentVersion=9007199254740992 [33m401[0m 0.250 ms - 79[0m
[ error ] API request failed { code: [32m'authentication_required'[39m, statusCode: [33m401[39m }
[0mGET /api/sync/47823327-84f2-4758-8717-fb0f9b2f3eb3/checkpoints/0?deviceId=device-rAvqa4YHidxwAa68&enrollmentVersion=0 [33m401[0m 0.223 ms - 79[0m
[ error ] API request failed { code: [32m'authentication_required'[39m, statusCode: [33m401[39m }
[0mGET /api/sync/47823327-84f2-4758-8717-fb0f9b2f3eb3/checkpoints/0?deviceId=device-rAvqa4YHidxwAa68&enrollmentVersion=null&enrollmentVersion=null [33m401[0m 0.230 ms - 79[0m
[ error ] API request failed { code: [32m'authentication_required'[39m, statusCode: [33m401[39m }
[0mGET /api/sync/47823327-84f2-4758-8717-fb0f9b2f3eb3/checkpoints/0?deviceId=device-rAvqa4YHidxwAa68&enrollmentVersion=AAA [33m401[0m 0.190 ms - 79[0m
[ error ] API request failed { code: [32m'authentication_required'[39m, statusCode: [33m401[39m }
[0mGET /api/sync/47823327-84f2-4758-8717-fb0f9b2f3eb3/checkpoints/0?deviceId=device-rAvqa4YHidxwAa68&enrollmentVersion=null [33m401[0m 0.220 ms - 79[0m
[ error ] API request failed { code: [32m'authentication_required'[39m, statusCode: [33m401[39m }
[0mGET /api/sync/47823327-84f2-4758-8717-fb0f9b2f3eb3/checkpoints/0?deviceId=device-rAvqa4YHidxwAa68&enrollmentVersion=false [33m401[0m 0.302 ms - 79[0m
[ error ] API request failed { code: [32m'authentication_required'[39m, statusCode: [33m401[39m }
[0mGET /api/sync/47823327-84f2-4758-8717-fb0f9b2f3eb3/checkpoints/0?deviceId=device-rAvqa4YHidxwAa68&enrollmentVersion=2.5890419884777833e-42 [33m401[0m 0.303 ms - 79[0m
[ error ] API request failed { code: [32m'authentication_required'[39m, statusCode: [33m401[39m }
[0mGET /api/sync/47823327-84f2-4758-8717-fb0f9b2f3eb3/checkpoints/0?deviceId=device-rAvqa4YHidxwAa68&enrollmentVersion=9007199254740990 [33m401[0m 0.246 ms - 79[0m
[ error ] API request failed { code: [32m'authentication_required'[39m, statusCode: [33m401[39m }
[0mGET /api/sync/47823327-84f2-4758-8717-fb0f9b2f3eb3/checkpoints/0?deviceId=device-rAvqa4YHidxwAa68&enrollmentVersion=9007199254740991 [33m401[0m 0.194 ms - 79[0m
[ error ] API request failed { code: [32m'authentication_required'[39m, statusCode: [33m401[39m }
[0mGET /api/sync/47823327-84f2-4758-8717-fb0f9b2f3eb3/checkpoints/0?deviceId=device-rAvqa4YHidxwAa68&enrollmentVersion=2 [33m401[0m 0.213 ms - 79[0m
[ error ] API request failed { code: [32m'authentication_required'[39m, statusCode: [33m401[39m }
[0mGET /api/sync/47823327-84f2-4758-8717-fb0f9b2f3eb3/checkpoints/0?deviceId=&enrollmentVersion=1 [33m401[0m 0.163 ms - 79[0m
[ error ] API request failed { code: [32m'authentication_required'[39m, statusCode: [33m401[39m }
[0mGET /api/sync/47823327-84f2-4758-8717-fb0f9b2f3eb3/checkpoints/0?deviceId=00&enrollmentVersion=1 [33m401[0m 0.169 ms - 79[0m
[ error ] API request failed { code: [32m'authentication_required'[39m, statusCode: [33m401[39m }
[0mGET /api/sync/47823327-84f2-4758-8717-fb0f9b2f3eb3/checkpoints/0?deviceId=0&enrollmentVersion=1 [33m401[0m 0.173 ms - 79[0m
[ error ] API request failed { code: [32m'authentication_required'[39m, statusCode: [33m401[39m }
[0mGET /api/sync/47823327-84f2-4758-8717-fb0f9b2f3eb3/checkpoints/00?deviceId=device-rAvqa4YHidxwAa68&enrollmentVersion=1 [33m401[0m 0.167 ms - 79[0m
[ error ] API request failed { code: [32m'authentication_required'[39m, statusCode: [33m401[39m }
[0mGET /api/sync/000000000000000000000000000000000000000000000000000000000000000000000000000000000000000000000000000000000000000000000000000000000000000000000000000000000000000000000000000000000000000000000000000000000/checkpoints/0?deviceId=device-rAvqa4YHidxwAa68&enrollmentVersion=1 [33m401[0m 0.179 ms - 79[0m
[ error ] API request failed { code: [32m'authentication_required'[39m, statusCode: [33m401[39m }
[0mGET /api/sync/0000000000000000000000000000000000000000000000000000000000000000000000000000000000000000000000000000000000000000000000000000000000000000000000000000000000000000000000000000000000000000000000000000000/checkpoints/0?deviceId=device-rAvqa4YHidxwAa68&enrollmentVersion=1 [33m401[0m 0.249 ms - 79[0m
[ error ] API request failed { code: [32m'authentication_required'[39m, statusCode: [33m401[39m }
[0mGET /api/sync/00000000000000000000000000000000000000000000000000000000000000000000000000000000000000000000000000000000000000000000000000000000000000000000000000000000000000000000000000000000000000000000000000000000/checkpoints/0?deviceId=device-rAvqa4YHidxwAa68&enrollmentVersion=1 [33m401[0m 0.292 ms - 79[0m
[ error ] API request failed { code: [32m'authentication_required'[39m, statusCode: [33m401[39m }
[0mGET /api/sync/00/checkpoints/0?deviceId=device-rAvqa4YHidxwAa68&enrollmentVersion=1 [33m401[0m 0.219 ms - 79[0m
[ error ] API request failed { code: [32m'authentication_required'[39m, statusCode: [33m401[39m }
[0mGET /api/sync/0/checkpoints/0?deviceId=device-rAvqa4YHidxwAa68&enrollmentVersion=1 [33m401[0m 0.322 ms - 79[0m
[ error ] API request failed { code: [32m'authentication_required'[39m, statusCode: [33m401[39m }
[0mGET /api/sync/47823327-84f2-4758-8717-fb0f9b2f3eb3/checkpoints/0?deviceId=device-rAvqa4YHidxwAa68&enrollmentVersion=1 [33m401[0m 0.200 ms - 79[0m
[ error ] API request failed { code: [32m'authentication_required'[39m, statusCode: [33m401[39m }
[0mGET /api/sync/47823327-84f2-4758-8717-fb0f9b2f3eb3/recovery?checkpointId=0&deviceId=0&enrollmentVersion=1&limit=100&x-schemathesis-unknown-property=42 [33m401[0m 0.306 ms - 79[0m
[ error ] API request failed { code: [32m'authentication_required'[39m, statusCode: [33m401[39m }
[0mGET /api/sync/47823327-84f2-4758-8717-fb0f9b2f3eb3/recovery?checkpointId=&deviceId=0&enrollmentVersion=1&limit=100 [33m401[0m 0.234 ms - 79[0m
[ error ] API request failed { code: [32m'authentication_required'[39m, statusCode: [33m401[39m }
[0mGET /api/sync/47823327-84f2-4758-8717-fb0f9b2f3eb3/recovery?checkpointId=0&deviceId=0&enrollmentVersion=9007199254740992&limit=100 [33m401[0m 0.299 ms - 79[0m
[ error ] API request failed { code: [32m'authentication_required'[39m, statusCode: [33m401[39m }
[0mGET /api/sync/47823327-84f2-4758-8717-fb0f9b2f3eb3/recovery?checkpointId=0&deviceId=0&enrollmentVersion=0&limit=100 [33m401[0m 0.215 ms - 79[0m
[ error ] API request failed { code: [32m'authentication_required'[39m, statusCode: [33m401[39m }
[0mGET /api/sync/47823327-84f2-4758-8717-fb0f9b2f3eb3/recovery?checkpointId=0&deviceId=0&enrollmentVersion=null&enrollmentVersion=null&limit=100 [33m401[0m 0.229 ms - 79[0m
[ error ] API request failed { code: [32m'authentication_required'[39m, statusCode: [33m401[39m }
[0mGET /api/sync/47823327-84f2-4758-8717-fb0f9b2f3eb3/recovery?checkpointId=0&deviceId=0&enrollmentVersion=AAA&limit=100 [33m401[0m 0.273 ms - 79[0m
[ error ] API request failed { code: [32m'authentication_required'[39m, statusCode: [33m401[39m }
[0mGET /api/sync/47823327-84f2-4758-8717-fb0f9b2f3eb3/recovery?checkpointId=0&deviceId=0&enrollmentVersion=null&limit=100 [33m401[0m 0.242 ms - 79[0m
[ error ] API request failed { code: [32m'authentication_required'[39m, statusCode: [33m401[39m }
[0mGET /api/sync/47823327-84f2-4758-8717-fb0f9b2f3eb3/recovery?checkpointId=0&deviceId=0&enrollmentVersion=false&limit=100 [33m401[0m 0.225 ms - 79[0m
[ error ] API request failed { code: [32m'authentication_required'[39m, statusCode: [33m401[39m }
[0mGET /api/sync/47823327-84f2-4758-8717-fb0f9b2f3eb3/recovery?checkpointId=0&deviceId=0&enrollmentVersion=2.5890419884777833e-42&limit=100 [33m401[0m 0.219 ms - 79[0m
[ error ] API request failed { code: [32m'authentication_required'[39m, statusCode: [33m401[39m }
[0mGET /api/sync/47823327-84f2-4758-8717-fb0f9b2f3eb3/recovery?checkpointId=0&deviceId=&enrollmentVersion=1&limit=100 [33m401[0m 0.233 ms - 79[0m
[ error ] API request failed { code: [32m'authentication_required'[39m, statusCode: [33m401[39m }
[0mGET /api/sync/47823327-84f2-4758-8717-fb0f9b2f3eb3/recovery?checkpointId=0&deviceId=0&enrollmentVersion=1&limit=101 [33m401[0m 0.211 ms - 79[0m
[ error ] API request failed { code: [32m'authentication_required'[39m, statusCode: [33m401[39m }
[0mGET /api/sync/47823327-84f2-4758-8717-fb0f9b2f3eb3/recovery?checkpointId=0&deviceId=0&enrollmentVersion=1&limit=0 [33m401[0m 0.215 ms - 79[0m
[ error ] API request failed { code: [32m'authentication_required'[39m, statusCode: [33m401[39m }
[0mGET /api/sync/47823327-84f2-4758-8717-fb0f9b2f3eb3/recovery?checkpointId=0&deviceId=0&enrollmentVersion=1&limit=null&limit=null [33m401[0m 0.229 ms - 79[0m
[ error ] API request failed { code: [32m'authentication_required'[39m, statusCode: [33m401[39m }
[0mGET /api/sync/47823327-84f2-4758-8717-fb0f9b2f3eb3/recovery?checkpointId=0&deviceId=0&enrollmentVersion=1&limit=AAA [33m401[0m 0.323 ms - 79[0m
[ error ] API request failed { code: [32m'authentication_required'[39m, statusCode: [33m401[39m }
[0mGET /api/sync/47823327-84f2-4758-8717-fb0f9b2f3eb3/recovery?checkpointId=0&deviceId=0&enrollmentVersion=1&limit=null [33m401[0m 0.268 ms - 79[0m
[ error ] API request failed { code: [32m'authentication_required'[39m, statusCode: [33m401[39m }
[0mGET /api/sync/47823327-84f2-4758-8717-fb0f9b2f3eb3/recovery?checkpointId=0&deviceId=0&enrollmentVersion=1&limit=false [33m401[0m 0.332 ms - 79[0m
[ error ] API request failed { code: [32m'authentication_required'[39m, statusCode: [33m401[39m }
[0mGET /api/sync/47823327-84f2-4758-8717-fb0f9b2f3eb3/recovery?checkpointId=0&deviceId=0&enrollmentVersion=1&limit=2.5890419884777833e-42 [33m401[0m 0.438 ms - 79[0m
[ error ] API request failed { code: [32m'authentication_required'[39m, statusCode: [33m401[39m }
[0mGET /api/sync/47823327-84f2-4758-8717-fb0f9b2f3eb3/recovery?limit=100&deviceId=device-rAvqa4YHidxwAa68&enrollmentVersion=1&checkpointId=0 [33m401[0m 0.335 ms - 79[0m
[ error ] API request failed { code: [32m'authentication_required'[39m, statusCode: [33m401[39m }
[0mGET /api/sync/47823327-84f2-4758-8717-fb0f9b2f3eb3/recovery?afterCursor=0&checkpointId=0&deviceId=0&enrollmentVersion=1&x-schemathesis-unknown-property=42 [33m401[0m 0.329 ms - 79[0m
[ error ] API request failed { code: [32m'authentication_required'[39m, statusCode: [33m401[39m }
[0mGET /api/sync/47823327-84f2-4758-8717-fb0f9b2f3eb3/recovery?afterCursor=0&checkpointId=&deviceId=0&enrollmentVersion=1 [33m401[0m 0.311 ms - 79[0m
[ error ] API request failed { code: [32m'authentication_required'[39m, statusCode: [33m401[39m }
[0mGET /api/sync/47823327-84f2-4758-8717-fb0f9b2f3eb3/recovery?afterCursor=0&checkpointId=0&deviceId=0&enrollmentVersion=9007199254740992 [33m401[0m 0.349 ms - 79[0m
[ error ] API request failed { code: [32m'authentication_required'[39m, statusCode: [33m401[39m }
[0mGET /api/sync/47823327-84f2-4758-8717-fb0f9b2f3eb3/recovery?afterCursor=0&checkpointId=0&deviceId=0&enrollmentVersion=0 [33m401[0m 0.270 ms - 79[0m
[ error ] API request failed { code: [32m'authentication_required'[39m, statusCode: [33m401[39m }
[0mGET /api/sync/47823327-84f2-4758-8717-fb0f9b2f3eb3/recovery?afterCursor=0&checkpointId=0&deviceId=0&enrollmentVersion=null&enrollmentVersion=null [33m401[0m 0.229 ms - 79[0m
[ error ] API request failed { code: [32m'authentication_required'[39m, statusCode: [33m401[39m }
[0mGET /api/sync/47823327-84f2-4758-8717-fb0f9b2f3eb3/recovery?afterCursor=0&checkpointId=0&deviceId=0&enrollmentVersion=AAA [33m401[0m 0.308 ms - 79[0m
[ error ] API request failed { code: [32m'authentication_required'[39m, statusCode: [33m401[39m }
[0mGET /api/sync/47823327-84f2-4758-8717-fb0f9b2f3eb3/recovery?afterCursor=0&checkpointId=0&deviceId=0&enrollmentVersion=null [33m401[0m 0.466 ms - 79[0m
[ error ] API request failed { code: [32m'authentication_required'[39m, statusCode: [33m401[39m }
[0mGET /api/sync/47823327-84f2-4758-8717-fb0f9b2f3eb3/recovery?afterCursor=0&checkpointId=0&deviceId=0&enrollmentVersion=false [33m401[0m 0.361 ms - 79[0m
[ error ] API request failed { code: [32m'authentication_required'[39m, statusCode: [33m401[39m }
[0mGET /api/sync/47823327-84f2-4758-8717-fb0f9b2f3eb3/recovery?afterCursor=0&checkpointId=0&deviceId=0&enrollmentVersion=2.5890419884777833e-42 [33m401[0m 0.250 ms - 79[0m
[ error ] API request failed { code: [32m'authentication_required'[39m, statusCode: [33m401[39m }
[0mGET /api/sync/47823327-84f2-4758-8717-fb0f9b2f3eb3/recovery?afterCursor=0&checkpointId=0&deviceId=&enrollmentVersion=1 [33m401[0m 0.245 ms - 79[0m
[ error ] API request failed { code: [32m'authentication_required'[39m, statusCode: [33m401[39m }
[0mGET /api/sync/47823327-84f2-4758-8717-fb0f9b2f3eb3/recovery?afterCursor=9007199254740992&checkpointId=0&deviceId=0&enrollmentVersion=1 [33m401[0m 0.238 ms - 79[0m
[ error ] API request failed { code: [32m'authentication_required'[39m, statusCode: [33m401[39m }
[0mGET /api/sync/47823327-84f2-4758-8717-fb0f9b2f3eb3/recovery?afterCursor=-1&checkpointId=0&deviceId=0&enrollmentVersion=1 [33m401[0m 0.251 ms - 79[0m
[ error ] API request failed { code: [32m'authentication_required'[39m, statusCode: [33m401[39m }
[0mGET /api/sync/47823327-84f2-4758-8717-fb0f9b2f3eb3/recovery?afterCursor=null&afterCursor=null&checkpointId=0&deviceId=0&enrollmentVersion=1 [33m401[0m 0.223 ms - 79[0m
[ error ] API request failed { code: [32m'authentication_required'[39m, statusCode: [33m401[39m }
[0mGET /api/sync/47823327-84f2-4758-8717-fb0f9b2f3eb3/recovery?afterCursor=AAA&checkpointId=0&deviceId=0&enrollmentVersion=1 [33m401[0m 0.237 ms - 79[0m
[ error ] API request failed { code: [32m'authentication_required'[39m, statusCode: [33m401[39m }
[0mGET /api/sync/47823327-84f2-4758-8717-fb0f9b2f3eb3/recovery?afterCursor=null&checkpointId=0&deviceId=0&enrollmentVersion=1 [33m401[0m 0.416 ms - 79[0m
[ error ] API request failed { code: [32m'authentication_required'[39m, statusCode: [33m401[39m }
[0mGET /api/sync/47823327-84f2-4758-8717-fb0f9b2f3eb3/recovery?afterCursor=false&checkpointId=0&deviceId=0&enrollmentVersion=1 [33m401[0m 0.250 ms - 79[0m
[ error ] API request failed { code: [32m'authentication_required'[39m, statusCode: [33m401[39m }
[0mGET /api/sync/47823327-84f2-4758-8717-fb0f9b2f3eb3/recovery?afterCursor=2.5890419884777833e-42&checkpointId=0&deviceId=0&enrollmentVersion=1 [33m401[0m 0.242 ms - 79[0m
[ error ] API request failed { code: [32m'authentication_required'[39m, statusCode: [33m401[39m }
[0mGET /api/sync/47823327-84f2-4758-8717-fb0f9b2f3eb3/recovery?afterCursor=0&deviceId=device-rAvqa4YHidxwAa68&enrollmentVersion=1&checkpointId=0 [33m401[0m 0.235 ms - 79[0m
[ error ] API request failed { code: [32m'authentication_required'[39m, statusCode: [33m401[39m }
[0mGET /api/sync/47823327-84f2-4758-8717-fb0f9b2f3eb3/recovery?checkpointId=0&deviceId=0&enrollmentVersion=1&x-schemathesis-unknown-property=42 [33m401[0m 0.223 ms - 79[0m
[ error ] API request failed { code: [32m'authentication_required'[39m, statusCode: [33m401[39m }
[0mGET /api/sync/47823327-84f2-4758-8717-fb0f9b2f3eb3/recovery?checkpointId=&deviceId=0&enrollmentVersion=1 [33m401[0m 0.219 ms - 79[0m
[ error ] API request failed { code: [32m'authentication_required'[39m, statusCode: [33m401[39m }
[0mGET /api/sync/47823327-84f2-4758-8717-fb0f9b2f3eb3/recovery?checkpointId=0&deviceId=0&enrollmentVersion=9007199254740992 [33m401[0m 0.257 ms - 79[0m
[ error ] API request failed { code: [32m'authentication_required'[39m, statusCode: [33m401[39m }
[0mGET /api/sync/47823327-84f2-4758-8717-fb0f9b2f3eb3/recovery?checkpointId=0&deviceId=0&enrollmentVersion=0 [33m401[0m 0.346 ms - 79[0m
[ error ] API request failed { code: [32m'authentication_required'[39m, statusCode: [33m401[39m }
[0mGET /api/sync/47823327-84f2-4758-8717-fb0f9b2f3eb3/recovery?checkpointId=0&deviceId=0&enrollmentVersion=null&enrollmentVersion=null [33m401[0m 0.268 ms - 79[0m
[ error ] API request failed { code: [32m'authentication_required'[39m, statusCode: [33m401[39m }
[0mGET /api/sync/47823327-84f2-4758-8717-fb0f9b2f3eb3/recovery?checkpointId=0&deviceId=0&enrollmentVersion=AAA [33m401[0m 0.221 ms - 79[0m
[ error ] API request failed { code: [32m'authentication_required'[39m, statusCode: [33m401[39m }
[0mGET /api/sync/47823327-84f2-4758-8717-fb0f9b2f3eb3/recovery?checkpointId=0&deviceId=0&enrollmentVersion=null [33m401[0m 0.184 ms - 79[0m
[ error ] API request failed { code: [32m'authentication_required'[39m, statusCode: [33m401[39m }
[0mGET /api/sync/47823327-84f2-4758-8717-fb0f9b2f3eb3/recovery?checkpointId=0&deviceId=0&enrollmentVersion=false [33m401[0m 0.172 ms - 79[0m
[ error ] API request failed { code: [32m'authentication_required'[39m, statusCode: [33m401[39m }
[0mGET /api/sync/47823327-84f2-4758-8717-fb0f9b2f3eb3/recovery?checkpointId=0&deviceId=0&enrollmentVersion=2.5890419884777833e-42 [33m401[0m 0.131 ms - 79[0m
[ error ] API request failed { code: [32m'authentication_required'[39m, statusCode: [33m401[39m }
[0mGET /api/sync/47823327-84f2-4758-8717-fb0f9b2f3eb3/recovery?checkpointId=0&deviceId=&enrollmentVersion=1 [33m401[0m 0.153 ms - 79[0m
[ error ] API request failed { code: [32m'authentication_required'[39m, statusCode: [33m401[39m }
[0mGET /api/sync/47823327-84f2-4758-8717-fb0f9b2f3eb3/recovery?deviceId=device-rAvqa4YHidxwAa68&enrollmentVersion=1&checkpointId=0 [33m401[0m 0.148 ms - 79[0m
[ error ] API request failed { code: [32m'authentication_required'[39m, statusCode: [33m401[39m }
[0mGET /api/sync/47823327-84f2-4758-8717-fb0f9b2f3eb3/recovery?afterCursor=0&limit=100&deviceId=device-rAvqa4YHidxwAa68&enrollmentVersion=1 [33m401[0m 0.132 ms - 79[0m
[ error ] API request failed { code: [32m'authentication_required'[39m, statusCode: [33m401[39m }
[0mGET /api/sync/47823327-84f2-4758-8717-fb0f9b2f3eb3/recovery?afterCursor=0&limit=100&deviceId=device-rAvqa4YHidxwAa68&checkpointId=0 [33m401[0m 0.180 ms - 79[0m
[ error ] API request failed { code: [32m'authentication_required'[39m, statusCode: [33m401[39m }
[0mGET /api/sync/47823327-84f2-4758-8717-fb0f9b2f3eb3/recovery?afterCursor=0&limit=100&enrollmentVersion=1&checkpointId=0 [33m401[0m 0.139 ms - 79[0m
[0mTRACE /api/sync/47823327-84f2-4758-8717-fb0f9b2f3eb3/recovery?afterCursor=0&limit=100&deviceId=device-rAvqa4YHidxwAa68&enrollmentVersion=1&checkpointId=0 [33m405[0m 0.054 ms - 78[0m
[0mQUERY /api/sync/47823327-84f2-4758-8717-fb0f9b2f3eb3/recovery?afterCursor=0&limit=100&deviceId=device-rAvqa4YHidxwAa68&enrollmentVersion=1&checkpointId=0 [33m405[0m 0.048 ms - 78[0m
[0mPUT /api/sync/47823327-84f2-4758-8717-fb0f9b2f3eb3/recovery?afterCursor=0&limit=100&deviceId=device-rAvqa4YHidxwAa68&enrollmentVersion=1&checkpointId=0 [33m405[0m 0.047 ms - 78[0m
[0mPOST /api/sync/47823327-84f2-4758-8717-fb0f9b2f3eb3/recovery?afterCursor=0&limit=100&deviceId=device-rAvqa4YHidxwAa68&enrollmentVersion=1&checkpointId=0 [33m405[0m 0.052 ms - 78[0m
[0mPATCH /api/sync/47823327-84f2-4758-8717-fb0f9b2f3eb3/recovery?afterCursor=0&limit=100&deviceId=device-rAvqa4YHidxwAa68&enrollmentVersion=1&checkpointId=0 [33m405[0m 0.050 ms - 78[0m
[0mOPTIONS /api/sync/47823327-84f2-4758-8717-fb0f9b2f3eb3/recovery?afterCursor=0&limit=100&deviceId=device-rAvqa4YHidxwAa68&enrollmentVersion=1&checkpointId=0 [33m405[0m 0.060 ms - 78[0m
[0mDELETE /api/sync/47823327-84f2-4758-8717-fb0f9b2f3eb3/recovery?afterCursor=0&limit=100&deviceId=device-rAvqa4YHidxwAa68&enrollmentVersion=1&checkpointId=0 [33m405[0m 0.051 ms - 78[0m
[ error ] API request failed { code: [32m'authentication_required'[39m, statusCode: [33m401[39m }
[0mGET /api/sync/47823327-84f2-4758-8717-fb0f9b2f3eb3/recovery?afterCursor=0&limit=100&deviceId=device-rAvqa4YHidxwAa68&enrollmentVersion=1&checkpointId= [33m401[0m 0.139 ms - 79[0m
[ error ] API request failed { code: [32m'authentication_required'[39m, statusCode: [33m401[39m }
[0mGET /api/sync/47823327-84f2-4758-8717-fb0f9b2f3eb3/recovery?afterCursor=0&limit=100&deviceId=device-rAvqa4YHidxwAa68&enrollmentVersion=1&checkpointId=00 [33m401[0m 0.153 ms - 79[0m
[ error ] API request failed { code: [32m'authentication_required'[39m, statusCode: [33m401[39m }
[0mGET /api/sync/47823327-84f2-4758-8717-fb0f9b2f3eb3/recovery?afterCursor=0&limit=100&deviceId=device-rAvqa4YHidxwAa68&enrollmentVersion=9007199254740992&checkpointId=0 [33m401[0m 0.153 ms - 79[0m
[ error ] API request failed { code: [32m'authentication_required'[39m, statusCode: [33m401[39m }
[0mGET /api/sync/47823327-84f2-4758-8717-fb0f9b2f3eb3/recovery?afterCursor=0&limit=100&deviceId=device-rAvqa4YHidxwAa68&enrollmentVersion=0&checkpointId=0 [33m401[0m 0.172 ms - 79[0m
[ error ] API request failed { code: [32m'authentication_required'[39m, statusCode: [33m401[39m }
[0mGET /api/sync/47823327-84f2-4758-8717-fb0f9b2f3eb3/recovery?afterCursor=0&limit=100&deviceId=device-rAvqa4YHidxwAa68&enrollmentVersion=null&enrollmentVersion=null&checkpointId=0 [33m401[0m 0.175 ms - 79[0m
[ error ] API request failed { code: [32m'authentication_required'[39m, statusCode: [33m401[39m }
[0mGET /api/sync/47823327-84f2-4758-8717-fb0f9b2f3eb3/recovery?afterCursor=0&limit=100&deviceId=device-rAvqa4YHidxwAa68&enrollmentVersion=AAA&checkpointId=0 [33m401[0m 0.175 ms - 79[0m
[ error ] API request failed { code: [32m'authentication_required'[39m, statusCode: [33m401[39m }
[0mGET /api/sync/47823327-84f2-4758-8717-fb0f9b2f3eb3/recovery?afterCursor=0&limit=100&deviceId=device-rAvqa4YHidxwAa68&enrollmentVersion=null&checkpointId=0 [33m401[0m 0.142 ms - 79[0m
[ error ] API request failed { code: [32m'authentication_required'[39m, statusCode: [33m401[39m }
[0mGET /api/sync/47823327-84f2-4758-8717-fb0f9b2f3eb3/recovery?afterCursor=0&limit=100&deviceId=device-rAvqa4YHidxwAa68&enrollmentVersion=false&checkpointId=0 [33m401[0m 0.132 ms - 79[0m
[ error ] API request failed { code: [32m'authentication_required'[39m, statusCode: [33m401[39m }
[0mGET /api/sync/47823327-84f2-4758-8717-fb0f9b2f3eb3/recovery?afterCursor=0&limit=100&deviceId=device-rAvqa4YHidxwAa68&enrollmentVersion=2.5890419884777833e-42&checkpointId=0 [33m401[0m 0.122 ms - 79[0m
[ error ] API request failed { code: [32m'authentication_required'[39m, statusCode: [33m401[39m }
[0mGET /api/sync/47823327-84f2-4758-8717-fb0f9b2f3eb3/recovery?afterCursor=0&limit=100&deviceId=device-rAvqa4YHidxwAa68&enrollmentVersion=9007199254740990&checkpointId=0 [33m401[0m 0.117 ms - 79[0m
[ error ] API request failed { code: [32m'authentication_required'[39m, statusCode: [33m401[39m }
[0mGET /api/sync/47823327-84f2-4758-8717-fb0f9b2f3eb3/recovery?afterCursor=0&limit=100&deviceId=device-rAvqa4YHidxwAa68&enrollmentVersion=9007199254740991&checkpointId=0 [33m401[0m 0.133 ms - 79[0m
[ error ] API request failed { code: [32m'authentication_required'[39m, statusCode: [33m401[39m }
[0mGET /api/sync/47823327-84f2-4758-8717-fb0f9b2f3eb3/recovery?afterCursor=0&limit=100&deviceId=device-rAvqa4YHidxwAa68&enrollmentVersion=2&checkpointId=0 [33m401[0m 0.108 ms - 79[0m
[ error ] API request failed { code: [32m'authentication_required'[39m, statusCode: [33m401[39m }
[0mGET /api/sync/47823327-84f2-4758-8717-fb0f9b2f3eb3/recovery?afterCursor=0&limit=100&deviceId=&enrollmentVersion=1&checkpointId=0 [33m401[0m 0.110 ms - 79[0m
[ error ] API request failed { code: [32m'authentication_required'[39m, statusCode: [33m401[39m }
[0mGET /api/sync/47823327-84f2-4758-8717-fb0f9b2f3eb3/recovery?afterCursor=0&limit=100&deviceId=00&enrollmentVersion=1&checkpointId=0 [33m401[0m 0.120 ms - 79[0m
[ error ] API request failed { code: [32m'authentication_required'[39m, statusCode: [33m401[39m }
[0mGET /api/sync/47823327-84f2-4758-8717-fb0f9b2f3eb3/recovery?afterCursor=0&limit=100&deviceId=0&enrollmentVersion=1&checkpointId=0 [33m401[0m 0.109 ms - 79[0m
[ error ] API request failed { code: [32m'authentication_required'[39m, statusCode: [33m401[39m }
[0mGET /api/sync/47823327-84f2-4758-8717-fb0f9b2f3eb3/recovery?afterCursor=0&limit=101&deviceId=device-rAvqa4YHidxwAa68&enrollmentVersion=1&checkpointId=0 [33m401[0m 0.142 ms - 79[0m
[ error ] API request failed { code: [32m'authentication_required'[39m, statusCode: [33m401[39m }
[0mGET /api/sync/47823327-84f2-4758-8717-fb0f9b2f3eb3/recovery?afterCursor=0&limit=0&deviceId=device-rAvqa4YHidxwAa68&enrollmentVersion=1&checkpointId=0 [33m401[0m 0.271 ms - 79[0m
[ error ] API request failed { code: [32m'authentication_required'[39m, statusCode: [33m401[39m }
[0mGET /api/sync/47823327-84f2-4758-8717-fb0f9b2f3eb3/recovery?afterCursor=0&limit=null&limit=null&deviceId=device-rAvqa4YHidxwAa68&enrollmentVersion=1&checkpointId=0 [33m401[0m 0.182 ms - 79[0m
[ error ] API request failed { code: [32m'authentication_required'[39m, statusCode: [33m401[39m }
[0mGET /api/sync/47823327-84f2-4758-8717-fb0f9b2f3eb3/recovery?afterCursor=0&limit=AAA&deviceId=device-rAvqa4YHidxwAa68&enrollmentVersion=1&checkpointId=0 [33m401[0m 0.139 ms - 79[0m
[ error ] API request failed { code: [32m'authentication_required'[39m, statusCode: [33m401[39m }
[0mGET /api/sync/47823327-84f2-4758-8717-fb0f9b2f3eb3/recovery?afterCursor=0&limit=null&deviceId=device-rAvqa4YHidxwAa68&enrollmentVersion=1&checkpointId=0 [33m401[0m 0.116 ms - 79[0m
[ error ] API request failed { code: [32m'authentication_required'[39m, statusCode: [33m401[39m }
[0mGET /api/sync/47823327-84f2-4758-8717-fb0f9b2f3eb3/recovery?afterCursor=0&limit=false&deviceId=device-rAvqa4YHidxwAa68&enrollmentVersion=1&checkpointId=0 [33m401[0m 0.143 ms - 79[0m
[ error ] API request failed { code: [32m'authentication_required'[39m, statusCode: [33m401[39m }
[0mGET /api/sync/47823327-84f2-4758-8717-fb0f9b2f3eb3/recovery?afterCursor=0&limit=2.5890419884777833e-42&deviceId=device-rAvqa4YHidxwAa68&enrollmentVersion=1&checkpointId=0 [33m401[0m 0.145 ms - 79[0m
[ error ] API request failed { code: [32m'authentication_required'[39m, statusCode: [33m401[39m }
[0mGET /api/sync/47823327-84f2-4758-8717-fb0f9b2f3eb3/recovery?afterCursor=0&limit=99&deviceId=device-rAvqa4YHidxwAa68&enrollmentVersion=1&checkpointId=0 [33m401[0m 0.139 ms - 79[0m
[ error ] API request failed { code: [32m'authentication_required'[39m, statusCode: [33m401[39m }
[0mGET /api/sync/47823327-84f2-4758-8717-fb0f9b2f3eb3/recovery?afterCursor=0&limit=2&deviceId=device-rAvqa4YHidxwAa68&enrollmentVersion=1&checkpointId=0 [33m401[0m 0.121 ms - 79[0m
[ error ] API request failed { code: [32m'authentication_required'[39m, statusCode: [33m401[39m }
[0mGET /api/sync/47823327-84f2-4758-8717-fb0f9b2f3eb3/recovery?afterCursor=0&limit=1&deviceId=device-rAvqa4YHidxwAa68&enrollmentVersion=1&checkpointId=0 [33m401[0m 0.114 ms - 79[0m
[ error ] API request failed { code: [32m'authentication_required'[39m, statusCode: [33m401[39m }
[0mGET /api/sync/47823327-84f2-4758-8717-fb0f9b2f3eb3/recovery?afterCursor=9007199254740992&limit=100&deviceId=device-rAvqa4YHidxwAa68&enrollmentVersion=1&checkpointId=0 [33m401[0m 0.159 ms - 79[0m
[ error ] API request failed { code: [32m'authentication_required'[39m, statusCode: [33m401[39m }
[0mGET /api/sync/47823327-84f2-4758-8717-fb0f9b2f3eb3/recovery?afterCursor=-1&limit=100&deviceId=device-rAvqa4YHidxwAa68&enrollmentVersion=1&checkpointId=0 [33m401[0m 0.127 ms - 79[0m
[ error ] API request failed { code: [32m'authentication_required'[39m, statusCode: [33m401[39m }
[0mGET /api/sync/47823327-84f2-4758-8717-fb0f9b2f3eb3/recovery?afterCursor=null&afterCursor=null&limit=100&deviceId=device-rAvqa4YHidxwAa68&enrollmentVersion=1&checkpointId=0 [33m401[0m 0.148 ms - 79[0m
[ error ] API request failed { code: [32m'authentication_required'[39m, statusCode: [33m401[39m }
[0mGET /api/sync/47823327-84f2-4758-8717-fb0f9b2f3eb3/recovery?afterCursor=AAA&limit=100&deviceId=device-rAvqa4YHidxwAa68&enrollmentVersion=1&checkpointId=0 [33m401[0m 0.149 ms - 79[0m
[ error ] API request failed { code: [32m'authentication_required'[39m, statusCode: [33m401[39m }
[0mGET /api/sync/47823327-84f2-4758-8717-fb0f9b2f3eb3/recovery?afterCursor=null&limit=100&deviceId=device-rAvqa4YHidxwAa68&enrollmentVersion=1&checkpointId=0 [33m401[0m 0.159 ms - 79[0m
[ error ] API request failed { code: [32m'authentication_required'[39m, statusCode: [33m401[39m }
[0mGET /api/sync/47823327-84f2-4758-8717-fb0f9b2f3eb3/recovery?afterCursor=false&limit=100&deviceId=device-rAvqa4YHidxwAa68&enrollmentVersion=1&checkpointId=0 [33m401[0m 0.277 ms - 79[0m
[ error ] API request failed { code: [32m'authentication_required'[39m, statusCode: [33m401[39m }
[0mGET /api/sync/47823327-84f2-4758-8717-fb0f9b2f3eb3/recovery?afterCursor=2.5890419884777833e-42&limit=100&deviceId=device-rAvqa4YHidxwAa68&enrollmentVersion=1&checkpointId=0 [33m401[0m 0.204 ms - 79[0m
[ error ] API request failed { code: [32m'authentication_required'[39m, statusCode: [33m401[39m }
[0mGET /api/sync/47823327-84f2-4758-8717-fb0f9b2f3eb3/recovery?afterCursor=9007199254740990&limit=100&deviceId=device-rAvqa4YHidxwAa68&enrollmentVersion=1&checkpointId=0 [33m401[0m 0.146 ms - 79[0m
[ error ] API request failed { code: [32m'authentication_required'[39m, statusCode: [33m401[39m }
[0mGET /api/sync/47823327-84f2-4758-8717-fb0f9b2f3eb3/recovery?afterCursor=9007199254740991&limit=100&deviceId=device-rAvqa4YHidxwAa68&enrollmentVersion=1&checkpointId=0 [33m401[0m 0.152 ms - 79[0m
[ error ] API request failed { code: [32m'authentication_required'[39m, statusCode: [33m401[39m }
[0mGET /api/sync/47823327-84f2-4758-8717-fb0f9b2f3eb3/recovery?afterCursor=1&limit=100&deviceId=device-rAvqa4YHidxwAa68&enrollmentVersion=1&checkpointId=0 [33m401[0m 0.118 ms - 79[0m
[ error ] API request failed { code: [32m'authentication_required'[39m, statusCode: [33m401[39m }
[0mGET /api/sync/000000000000000000000000000000000000000000000000000000000000000000000000000000000000000000000000000000000000000000000000000000000000000000000000000000000000000000000000000000000000000000000000000000000/recovery?afterCursor=0&limit=100&deviceId=device-rAvqa4YHidxwAa68&enrollmentVersion=1&checkpointId=0 [33m401[0m 0.125 ms - 79[0m
[ error ] API request failed { code: [32m'authentication_required'[39m, statusCode: [33m401[39m }
[0mGET /api/sync/0000000000000000000000000000000000000000000000000000000000000000000000000000000000000000000000000000000000000000000000000000000000000000000000000000000000000000000000000000000000000000000000000000000/recovery?afterCursor=0&limit=100&deviceId=device-rAvqa4YHidxwAa68&enrollmentVersion=1&checkpointId=0 [33m401[0m 0.126 ms - 79[0m
[ error ] API request failed { code: [32m'authentication_required'[39m, statusCode: [33m401[39m }
[0mGET /api/sync/00000000000000000000000000000000000000000000000000000000000000000000000000000000000000000000000000000000000000000000000000000000000000000000000000000000000000000000000000000000000000000000000000000000/recovery?afterCursor=0&limit=100&deviceId=device-rAvqa4YHidxwAa68&enrollmentVersion=1&checkpointId=0 [33m401[0m 0.115 ms - 79[0m
[ error ] API request failed { code: [32m'authentication_required'[39m, statusCode: [33m401[39m }
[0mGET /api/sync/00/recovery?afterCursor=0&limit=100&deviceId=device-rAvqa4YHidxwAa68&enrollmentVersion=1&checkpointId=0 [33m401[0m 0.130 ms - 79[0m
[ error ] API request failed { code: [32m'authentication_required'[39m, statusCode: [33m401[39m }
[0mGET /api/sync/0/recovery?afterCursor=0&limit=100&deviceId=device-rAvqa4YHidxwAa68&enrollmentVersion=1&checkpointId=0 [33m401[0m 0.124 ms - 79[0m
[ error ] API request failed { code: [32m'authentication_required'[39m, statusCode: [33m401[39m }
[0mGET /api/sync/47823327-84f2-4758-8717-fb0f9b2f3eb3/recovery?afterCursor=0&limit=100&deviceId=device-rAvqa4YHidxwAa68&enrollmentVersion=1&checkpointId=0 [33m401[0m 0.279 ms - 79[0m
