◇ injected env (0) from .env // tip: ◈ encrypted .env [www.dotenvx.com]
◇ injected env (0) from .env // tip: ◈ secrets for agents [www.dotenvx.com]
◇ injected env (0) from .env // tip: ◈ secrets for agents [www.dotenvx.com]
◇ injected env (0) from .env // tip: ⌘ suppress logs { quiet: true }
[01:20:34.185] [32mINFO[39m ([REDACTED-PIN]): [36mAPI Mounted[39m
    [35mpath[39m: "/api"
[01:20:34.185] [32mINFO[39m ([REDACTED-PIN]): [36mRealtime runtime ready[39m
    [35mpath[39m: "/socket.io"
◇ injected env (0) from .env // tip: ⌁ auth for agents [www.vestauth.com]
[01:20:34.185] [32mINFO[39m ([REDACTED-PIN]): [36mWorker runtime ready[39m
[01:20:34.185] [32mINFO[39m ([REDACTED-PIN]): [36mApp Mounted[39m
    [35mpath[39m: "/app"
[01:20:34.185] [32mINFO[39m ([REDACTED-PIN]): [36mSite Mounted[39m
    [35mpath[39m: "/"
[01:20:34.185] [32mINFO[39m ([REDACTED-PIN]): [36mGateway server ready[39m
    [35mhost[39m: "localhost"
    [35mport[39m: 8085
[0mDELETE /api/test/mailbox [32m204[0m 0.604 ms - -[0m
[0mPOST /api/auth/sign-up [32m201[0m 85.859 ms - 209[0m
[0mGET /api/test/mailbox/latest?email=[REDACTED-MATERIAL]%40example.test&purpose=sign_up [32m200[0m 0.937 ms - 215[0m
[0mPOST /api/auth/sign-up/verify [32m200[0m 44.514 ms - 276[0m
[0mGET /api/auth/session [32m200[0m 0.394 ms - 311[0m
[0mPOST /api/projects [32m201[0m 6.218 ms - 388[0m
[0mPOST /api/sync/[REDACTED-ID]/devices [32m200[0m 4.404 ms - 397[0m
[0mPOST /api/sync/[REDACTED-ID]/devices/[REDACTED]/approval [32m200[0m 4.119 ms - 153[0m
[0mPOST /api/sync/[REDACTED-ID]/devices/[REDACTED]/enroll [32m200[0m 4.812 ms - 607[0m
[0mPOST /api/sync/[REDACTED-ID]/devices [32m200[0m 2.951 ms - 403[0m
[0mPOST /api/sync/[REDACTED-ID]/devices/[REDACTED]/enroll [32m200[0m 2.859 ms - 601[0m
[0mPOST /api/webauthn/[REDACTED-ID]/recovery [32m201[0m 6.041 ms - 171[0m
[0mPOST /api/webauthn/[REDACTED-ID]/credentials [32m201[0m 3.472 ms - 260[0m
[0mPOST /api/auth/sign-up [32m201[0m 74.030 ms - 217[0m
[0mGET /api/test/mailbox/latest?email=[REDACTED]&purpose=sign_up [32m200[0m 0.468 ms - 223[0m
[0mPOST /api/auth/sign-up/verify [32m200[0m 37.835 ms - 284[0m
[0mGET /api/auth/session [32m200[0m 0.218 ms - 319[0m
[0mPOST /api/auth/sign-up [32m201[0m 70.911 ms - 217[0m
[0mGET /api/openapi.json [32m200[0m 8.816 ms - [REDACTED-PIN][0m
[0mPOST /api/sync/[REDACTED-ID]/devices [32m200[0m 3.232 ms - 323[0m
[0mPOST /api/sync/[REDACTED-ID]/devices/[REDACTED]/enroll [32m200[0m 4.396 ms - 610[0m
[0mGET /api/projects/[REDACTED-ID]/workspace [32m200[0m 2.305 ms - 1949[0m
[ error ] API request failed { code: [32m'authentication_required'[39m, statusCode: [33m401[39m }
[0mGET /api/projects/[REDACTED-ID]/workspace [33m401[0m 2.023 ms - 79[0m
[ error ] API request failed { code: [32m'project_not_found'[39m, statusCode: [33m404[39m }
[0mGET /api/projects/[REDACTED-ID]/workspace [33m404[0m 1.775 ms - 72[0m
[ error ] API request failed { code: [32m'unauthorized'[39m, statusCode: [33m401[39m }
[0mGET /api/projects/[REDACTED-ID]/workspace [33m401[0m 0.931 ms - 66[0m
[ error ] API request failed { code: [32m'[REDACTED-MATERIAL]'[39m, statusCode: [33m503[39m }
[0mGET /api/projects/[REDACTED-ID]/workspace [31m503[0m 0.419 ms - 99[0m
[ error ] API request failed { code: [32m'[REDACTED-MATERIAL]'[39m, statusCode: [33m500[39m }
[0mGET /api/projects/[REDACTED-ID]/workspace [31m500[0m 0.386 ms - 85[0m
[0mGET /api/projects/[REDACTED-ID]/workspace [31m502[0m 0.323 ms - 8[0m
[0mGET /api/projects/[REDACTED-ID]/workspace [32m200[0m 1.639 ms - 3310[0m
[0mGET /api/projects/[REDACTED-ID]/workspace [32m200[0m 1.365 ms - 1589[0m
[0mGET /api/projects/[REDACTED-ID]/workspace [32m200[0m 1.513 ms - 1949[0m
[0mGET /api/projects/[REDACTED-ID]/workspace [32m200[0m 1.348 ms - 2029[0m
[0mGET /api/projects/[REDACTED-ID]/workspace [32m200[0m 1.727 ms - 1933[0m
[0mGET /api/projects/[REDACTED-ID]/workspace [32m200[0m 1.483 ms - 1933[0m
[0mGET /api/projects/[REDACTED-ID]/workspace [32m200[0m 1.437 ms - 2020[0m
[0mGET /api/projects/[REDACTED-ID]/workspace [32m200[0m 1.427 ms - 2020[0m
[0mGET /api/capabilities/[REDACTED-ID] [32m200[0m 3.628 ms - 454[0m
[0mGET /api/sync/[REDACTED-ID]/envelopes?deviceId=[REDACTED]&enrollmentVersion=3 [32m200[0m 3.279 ms - 58[0m
[0mPOST /api/capabilities/[REDACTED-ID] [32m200[0m 4.520 ms - 260[0m
[0mPOST /api/capabilities/[REDACTED-ID] [32m200[0m 3.591 ms - 266[0m
[0mPOST /api/sync/[REDACTED-ID]/envelopes [32m201[0m 3.002 ms - 485[0m
[0mPOST /api/sync/[REDACTED-ID]/envelopes [32m201[0m 2.679 ms - 483[0m
[0mPOST /api/sync/[REDACTED-ID]/envelopes [32m200[0m 3.143 ms - 482[0m
[ error ] API request failed { code: [32m'[REDACTED-MATERIAL]'[39m, statusCode: [33m409[39m }
[0mPOST /api/sync/[REDACTED-ID]/envelopes [33m409[0m 2.924 ms - 84[0m
[ error ] API request failed { code: [32m'workspace_not_found'[39m, statusCode: [33m404[39m }
[0mPOST /api/sync/[REDACTED-ID]/envelopes [33m404[0m 2.284 ms - 76[0m
[ error ] API request failed { code: [32m'workspace_not_found'[39m, statusCode: [33m404[39m }
[0mGET /api/sync/[REDACTED-ID]/envelopes?deviceId=[REDACTED]&enrollmentVersion=2 [33m404[0m 1.575 ms - 76[0m
[ error ] API request failed { code: [32m'invalid_request'[39m, statusCode: [33m400[39m }
[0mPOST /api/sync/[REDACTED-ID]/envelopes [33m400[0m 1.141 ms - 177[0m
[ error ] API request failed { code: [32m'invalid_request'[39m, statusCode: [33m400[39m }
[0mPOST /api/sync/[REDACTED-ID]/envelopes [33m400[0m 0.662 ms - 267[0m
[ error ] API request failed { code: [32m'invalid_request'[39m, statusCode: [33m400[39m }
[0mPOST /api/sync/[REDACTED-ID]/envelopes [33m400[0m 0.472 ms - 177[0m
[ error ] API request failed { code: [32m'[REDACTED-MATERIAL]'[39m, statusCode: [33m409[39m }
[0mPOST /api/sync/[REDACTED-ID]/envelopes [33m409[0m 2.999 ms - 84[0m
[ error ] API request failed { code: [32m'[REDACTED-MATERIAL]'[39m, statusCode: [33m409[39m }
[0mPOST /api/sync/[REDACTED-ID]/envelopes [33m409[0m 3.630 ms - 84[0m
[0mPOST /api/sync/[REDACTED-ID]/checkpoints [32m201[0m 3.227 ms - 518[0m
[ error ] API request failed { code: [32m'checkpoint_rejected'[39m, statusCode: [33m409[39m }
[0mPOST /api/sync/[REDACTED-ID]/checkpoints [33m409[0m 2.493 ms - 71[0m
[0mGET /api/sync/[REDACTED-ID]/recovery?checkpointId=run-255-api-checkpoint&deviceId=[REDACTED]&enrollmentVersion=2&afterCursor=0&limit=100 [32m200[0m 3.380 ms - 555[0m
[ error ] API request failed { code: [32m'[REDACTED-MATERIAL]'[39m, statusCode: [33m409[39m }
[0mGET /api/sync/[REDACTED-ID]/recovery?checkpointId=run-255-api-missing&deviceId=[REDACTED]&enrollmentVersion=2 [33m409[0m 2.999 ms - 92[0m
[ error ] API request failed { code: [32m'invalid_request'[39m, statusCode: [33m400[39m }
[0mGET /api/sync/[REDACTED-ID]/recovery?checkpointId=&deviceId=[REDACTED]&enrollmentVersion=2 [33m400[0m 0.509 ms - 249[0m
[ error ] API request failed { code: [32m'[REDACTED-MATERIAL]'[39m, statusCode: [33m409[39m }
[0mGET /api/sync/[REDACTED-ID]/envelopes?afterCursor=[REDACTED-PIN]&limit=100&deviceId=[REDACTED]&enrollmentVersion=2 [33m409[0m 2.375 ms - 96[0m
[0mPOST /api/sync/[REDACTED-ID]/envelopes [32m201[0m 2.398 ms - 464[0m
[ error ] API request failed { code: [32m'[REDACTED-MATERIAL]'[39m, statusCode: [33m409[39m }
[0mPOST /api/sync/[REDACTED-ID]/envelopes [33m409[0m 2.435 ms - 84[0m
[ error ] API request failed { code: [32m'workspace_not_found'[39m, statusCode: [33m404[39m }
[0mGET /api/sync/[REDACTED-ID]/recovery?checkpointId=run-255-api-checkpoint&deviceId=[REDACTED]&enrollmentVersion=2 [33m404[0m 1.267 ms - 76[0m
[0mPOST /api/sync/[REDACTED-ID]/devices/[REDACTED]/revoke [32m200[0m 2.741 ms - 94[0m
[ error ] API request failed { code: [32m'[REDACTED-MATERIAL]'[39m, statusCode: [33m409[39m }
[0mGET /api/sync/[REDACTED-ID]/envelopes?deviceId=[REDACTED]&enrollmentVersion=2 [33m409[0m 3.275 ms - 90[0m
[ error ] API request failed { code: [32m'[REDACTED-MATERIAL]'[39m, statusCode: [33m409[39m }
[0mPOST /api/sync/[REDACTED-ID]/envelopes [33m409[0m 2.483 ms - 84[0m
[0mPOST /api/auth/passkey/registration/begin [32m200[0m 4.868 ms - 751[0m
[ error ] API request failed { code: [32m'email_unverified'[39m, statusCode: [33m403[39m }
[0mPOST /api/auth/passkey/registration/begin [33m403[0m 1.134 ms - 88[0m
[ error ] API request failed { code: [32m'pin_required'[39m, statusCode: [33m403[39m }
[0mPOST /api/auth/passkey/registration/begin [33m403[0m 0.962 ms - 91[0m
[ error ] API request failed { code: [32m'email_unverified'[39m, statusCode: [33m403[39m }
[0mPOST /api/auth/passkey/authentication/begin [33m403[0m 1.459 ms - 88[0m
[ error ] API request failed { code: [32m'pin_required'[39m, statusCode: [33m403[39m }
[0mPOST /api/auth/passkey/authentication/begin [33m403[0m 0.892 ms - 91[0m
[0mPOST /api/auth/passkey/registration/begin [32m200[0m 2.935 ms - 751[0m
[ error ] API request failed { code: [32m'challenge_mismatch'[39m, statusCode: [33m400[39m }
[0mPOST /api/auth/passkey/registration/complete [33m400[0m 0.992 ms - 86[0m
[0mPOST /api/auth/passkey/registration/begin [32m200[0m 3.864 ms - 751[0m
[ error ] API request failed { code: [32m'challenge_mismatch'[39m, statusCode: [33m400[39m }
[0mPOST /api/auth/passkey/registration/complete [33m400[0m 6.069 ms - 86[0m
[0mPOST /api/auth/passkey/registration/begin [32m200[0m 2.720 ms - 751[0m
[0mPOST /api/auth/passkey/registration/complete [32m201[0m 5.471 ms - 245[0m
[0mPOST /api/auth/passkey/authentication/begin [32m200[0m 3.380 ms - 392[0m
[0mPOST /api/auth/passkey/authentication/complete [32m200[0m 8.723 ms - 364[0m
[ error ] API request failed { code: [32m'challenge_replayed'[39m, statusCode: [33m409[39m }
[0mPOST /api/auth/passkey/authentication/complete [33m409[0m 3.980 ms - 86[0m
[0mPOST /api/auth/passkey/authentication/begin [32m200[0m 3.048 ms - 392[0m
[ error ] API request failed { code: [32m'platform_error'[39m, statusCode: [33m401[39m }
[0mPOST /api/auth/passkey/authentication/complete [33m401[0m 1.983 ms - 82[0m
[0mPOST /api/auth/passkey/authentication/begin [32m200[0m 2.827 ms - 392[0m
[ error ] API request failed { code: [32m'platform_error'[39m, statusCode: [33m401[39m }
[0mPOST /api/auth/passkey/authentication/complete [33m401[0m 1.892 ms - 82[0m
[ error ] API request failed { code: [32m'credential_not_found'[39m, statusCode: [33m404[39m }
[0mPOST /api/auth/passkey/authentication/begin [33m404[0m 0.837 ms - 88[0m
[ error ] API request failed { code: [32m'credential_not_found'[39m, statusCode: [33m404[39m }
[0mPOST /api/auth/passkey/authentication/begin [33m404[0m 2.163 ms - 88[0m
[0mPOST /api/auth/passkey/registration/begin [32m200[0m 2.835 ms - 759[0m
[0mPOST /api/auth/passkey/registration/complete [32m201[0m 4.341 ms - 243[0m
[0mPOST /api/auth/passkey/authentication/begin [32m200[0m 2.713 ms - 392[0m
[ error ] API request failed { code: [32m'credential_not_found'[39m, statusCode: [33m401[39m }
[0mPOST /api/auth/passkey/authentication/complete [33m401[0m 1.840 ms - 88[0m
[0mGET /api/auth/passkey/credentials [32m200[0m 1.178 ms - 261[0m
[ error ] API request failed { code: [32m'credential_not_found'[39m, statusCode: [33m404[39m }
[0mPATCH /api/auth/passkey/credentials/undefined [33m404[0m 1.220 ms - 88[0m
[ error ] API request failed { code: [32m'credential_not_found'[39m, statusCode: [33m404[39m }
[0mDELETE /api/auth/passkey/credentials/undefined [33m404[0m 1.591 ms - 88[0m
[ error ] API request failed { code: [32m'[REDACTED-MATERIAL]'[39m, statusCode: [33m409[39m }
[0mPOST /api/auth/passkey/registration/begin [33m409[0m 1.041 ms - 97[0m
Schemathesis v4.24.3
━━━━━━━━━━━━━━━━━━━━

[?25l [32m🕛 [0m [37mLoading specification from [0m
     [36m/home/visomi/Projects/GitHub/visomi-dev/themis/dist/test-results/api-e2e/o…[0m[2K[1A[2K [32m🕐 [0m [37mLoading specification from [0m
     [36m/home/visomi/Projects/GitHub/visomi-dev/themis/dist/test-results/api-e2e/o…[0m
[?25h[1A[2K[1A[2K [32m✅  [0m[97mLoaded specification from [0m
 [36m/home/visomi/Projects/GitHub/visomi-dev/themis/dist/test-results/api-e2e/opena[0m
 [36mpi/[REDACTED-MATERIAL].json[0m[97m (in 0.10s)[0m

 [1;97m    [0m[1;97mBase URL:     [0m[1;97m    [0m[36mhttp://localhost:8085/api[0m[36m    [0m
 [1;97m    [0m[1;97mSpecification:[0m[1;97m    [0m[36mOpen API 3.1.0           [0m[36m    [0m
 [1;97m    [0m[1;97mOperations:   [0m[1;97m    [0m[36m12 selected / 12 total   [0m[36m    [0m

[?25l [32m🕛 [0m [97mProbing API capabilities[0m[0mGET /api/schemathesis-probe%5C%1B%01 [33m404[0m 4.909 ms - 170[0m
[2K [32m🕛 [0m [97mProbing API capabilities[0m
[?25h[1A[2K [32m✅  [0m[97mAPI capabilities:[0m

 [1;97m    [0m[1;97mSupports NULL byte in headers:                        [0m[1;97m    [0m[31m✘[0m[36m    [0m
 [1;97m    [0m[1;97mAccepts backslash and control characters in URL paths:[0m[1;97m    [0m[32m✓[0m[36m    [0m

[?25l[ error ] API request failed { code: [32m'authentication_required'[39m, statusCode: [33m401[39m }
[0mPOST /api/sync/[REDACTED-ID]/checkpoints [33m401[0m 0.304 ms - 79[0m
[ error ] API request failed { code: [32m'authentication_required'[39m, statusCode: [33m401[39m }
[0mPOST /api/sync/[REDACTED-ID]/devices [33m401[0m 0.257 ms - 79[0m
[ error ] API request failed { code: [32m'authentication_required'[39m, statusCode: [33m401[39m }
[0mPOST /api/sync/[REDACTED-ID]/devices/recover [33m401[0m 0.225 ms - 79[0m
[ error ] API request failed { code: [32m'authentication_required'[39m, statusCode: [33m401[39m }
[0mPOST /api/sync/[REDACTED-ID]/devices/[REDACTED]/approval [33m401[0m 0.208 ms - 79[0m
[ error ] API request failed { code: [32m'authentication_required'[39m, statusCode: [33m401[39m }
[0mPOST /api/sync/[REDACTED-ID]/devices/[REDACTED]/enroll [33m401[0m 0.220 ms - 79[0m
[ error ] API request failed { code: [32m'authentication_required'[39m, statusCode: [33m401[39m }
[0mPOST /api/sync/[REDACTED-ID]/devices/[REDACTED]/revoke [33m401[0m 0.205 ms - 79[0m
[ error ] API request failed { code: [32m'authentication_required'[39m, statusCode: [33m401[39m }
[0mPOST /api/sync/[REDACTED-ID]/envelopes [33m401[0m 0.449 ms - 79[0m
[ error ] API request failed { code: [32m'authentication_required'[39m, statusCode: [33m401[39m }
[0mPOST /api/sync/[REDACTED-ID]/envelopes [33m401[0m 0.351 ms - 79[0m
[ error ] API request failed { code: [32m'authentication_required'[39m, statusCode: [33m401[39m }
[0mGET /api/sync/[REDACTED-ID]/devices [33m401[0m 0.397 ms - 79[0m
[ error ] API request failed { code: [32m'authentication_required'[39m, statusCode: [33m401[39m }
[0mGET /api/sync/[REDACTED-ID]/devices/audit [33m401[0m 0.272 ms - 79[0m
[ error ] API request failed { code: [32m'authentication_required'[39m, statusCode: [33m401[39m }
[0mGET /api/sync/[REDACTED-ID]/envelopes?deviceId=[REDACTED]&enrollmentVersion=2 [33m401[0m 0.483 ms - 79[0m
 [32m🕛 [0m [37mExamples[0m

     [33m0:00:00[0m [91m━━━━━━━━━━━━━━━━━━━━━━━━━━━━━━━━━━━━━━━━━━[0m[90m╺[0m[90m━━━━━━━━━━━━━[0m 75% (9/12)

   [32m⠋[0m [33m0:00:00[0m  GET /sync/{workspaceId}/envelopes

     ✅  9 passed[ error ] API request failed { code: [32m'authentication_required'[39m, statusCode: [33m401[39m }
[0mGET /api/sync/[REDACTED-ID]/checkpoints/0?deviceId=[REDACTED]&enrollmentVersion=2 [33m401[0m 0.267 ms - 79[0m
[ error ] API request failed { code: [32m'authentication_required'[39m, statusCode: [33m401[39m }
[0mGET /api/sync/[REDACTED-ID]/recovery?deviceId=[REDACTED]&enrollmentVersion=2&checkpointId=0 [33m401[0m 0.228 ms - 79[0m
[2K[1A[2K[1A[2K[1A[2K[1A[2K[1A[2K[1A[2K   [37m  Examples[0m

     [33m0:00:00[0m [90m━━━━━━━━━━━━━━━━━━━━━━━━━━━━━━━━━━━━━━━━━━━━━━━━━━━━━━[0m 100% (12/12)


     ✅ 12 passed[2K[1A[2K[1A[2K[1A[2K[1A[2K[1A[2K   [37m  Examples[0m

     [33m0:00:00[0m [90m━━━━━━━━━━━━━━━━━━━━━━━━━━━━━━━━━━━━━━━━━━━━━━━━━━━━━━[0m 100% (12/12)


     ✅ 12 passed
[?25h[1A[2K[1A[2K[1A[2K[1A[2K[1A[2K[1A[2K [37m✅  Examples (in 0.22s)[0m

 [37m    ✅ 12 passed[0m

[?25l [32m🕛 [0m [37mCoverage[0m

     [33m0:00:00[0m [90m━━━━━━━━━━━━━━━━━━━━━━━━━━━━━━━━━━━━━━━━━━━━━━━━━━━━━━━━━[0m 0% (0/12)

   [32m⠋[0m [33m0:00:00[0m  POST /sync/{workspaceId}/checkpoints

      [2K[1A[2K[1A[2K[1A[2K[1A[2K[1A[2K[1A[2K [32m🕐 [0m [37mCoverage[0m

     [33m0:00:00[0m [90m━━━━━━━━━━━━━━━━━━━━━━━━━━━━━━━━━━━━━━━━━━━━━━━━━━━━━━━━━[0m 0% (0/12)

   [32m⠙[0m [33m0:00:00[0m  POST /sync/{workspaceId}/checkpoints

      [2K[1A[2K[1A[2K[1A[2K[1A[2K[1A[2K[1A[2K [32m🕑 [0m [37mCoverage[0m

     [33m0:00:00[0m [90m━━━━━━━━━━━━━━━━━━━━━━━━━━━━━━━━━━━━━━━━━━━━━━━━━━━━━━━━━[0m 0% (0/12)

   [32m⠹[0m [33m0:00:00[0m  POST /sync/{workspaceId}/checkpoints

      [2K[1A[2K[1A[2K[1A[2K[1A[2K[1A[2K[1A[2K [32m🕒 [0m [37mCoverage[0m

     [33m0:00:00[0m [90m━━━━━━━━━━━━━━━━━━━━━━━━━━━━━━━━━━━━━━━━━━━━━━━━━━━━━━━━━[0m 0% (0/12)

   [32m⠸[0m [33m0:00:00[0m  POST /sync/{workspaceId}/checkpoints

      [0mTRACE /api/sync/[REDACTED-ID]/checkpoints [33m405[0m 0.139 ms - 78[0m
[0mQUERY /api/sync/[REDACTED-ID]/checkpoints [33m405[0m 0.096 ms - 78[0m
[0mPUT /api/sync/[REDACTED-ID]/checkpoints [33m405[0m 0.123 ms - 78[0m
[0mPATCH /api/sync/[REDACTED-ID]/checkpoints [33m405[0m 0.136 ms - 78[0m
[0mOPTIONS /api/sync/[REDACTED-ID]/checkpoints [33m405[0m 0.129 ms - 78[0m
[0mGET /api/sync/[REDACTED-ID]/checkpoints [33m405[0m 0.121 ms - 78[0m
[0mDELETE /api/sync/[REDACTED-ID]/checkpoints [33m405[0m 0.129 ms - 78[0m
[ error ] API request failed { code: [32m'authentication_required'[39m, statusCode: [33m401[39m }
[0mPOST /api/sync/[REDACTED-MATERIAL]/checkpoints [33m401[0m 0.278 ms - 79[0m
[ error ] API request failed { code: [32m'authentication_required'[39m, statusCode: [33m401[39m }
[0mPOST /api/sync/[REDACTED-MATERIAL]/checkpoints [33m401[0m 0.244 ms - 79[0m
[ error ] API request failed { code: [32m'authentication_required'[39m, statusCode: [33m401[39m }
[0mPOST /api/sync/[REDACTED-MATERIAL]/checkpoints [33m401[0m 0.434 ms - 79[0m
[ error ] API request failed { code: [32m'authentication_required'[39m, statusCode: [33m401[39m }
[0mPOST /api/sync/00/checkpoints [33m401[0m 0.431 ms - 79[0m
[ error ] API request failed { code: [32m'authentication_required'[39m, statusCode: [33m401[39m }
[0mPOST /api/sync/0/checkpoints [33m401[0m 0.285 ms - 79[0m
[ error ] API request failed { code: [32m'authentication_required'[39m, statusCode: [33m401[39m }
[0mPOST /api/sync/[REDACTED-ID]/checkpoints [33m401[0m 0.199 ms - 79[0m
[ error ] API request failed { code: [32m'authentication_required'[39m, statusCode: [33m401[39m }
[0mPOST /api/sync/[REDACTED-ID]/checkpoints [33m401[0m 0.174 ms - 79[0m
[ error ] API request failed { code: [32m'authentication_required'[39m, statusCode: [33m401[39m }
[0mPOST /api/sync/[REDACTED-ID]/checkpoints [33m401[0m 0.403 ms - 79[0m
[ error ] API request failed { code: [32m'authentication_required'[39m, statusCode: [33m401[39m }
[0mPOST /api/sync/[REDACTED-ID]/checkpoints [33m401[0m 0.200 ms - 79[0m
[ error ] API request failed { code: [32m'authentication_required'[39m, statusCode: [33m401[39m }
[0mPOST /api/sync/[REDACTED-ID]/checkpoints [33m401[0m 0.232 ms - 79[0m
[ error ] API request failed { code: [32m'authentication_required'[39m, statusCode: [33m401[39m }
[0mPOST /api/sync/[REDACTED-ID]/checkpoints [33m401[0m 0.198 ms - 79[0m
[ error ] API request failed { code: [32m'authentication_required'[39m, statusCode: [33m401[39m }
[0mPOST /api/sync/[REDACTED-ID]/checkpoints [33m401[0m 0.385 ms - 79[0m
[ error ] API request failed { code: [32m'authentication_required'[39m, statusCode: [33m401[39m }
[0mPOST /api/sync/[REDACTED-ID]/checkpoints [33m401[0m 0.340 ms - 79[0m
[ error ] API request failed { code: [32m'authentication_required'[39m, statusCode: [33m401[39m }
[0mPOST /api/sync/[REDACTED-ID]/checkpoints [33m401[0m 0.188 ms - 79[0m
[ error ] API request failed { code: [32m'authentication_required'[39m, statusCode: [33m401[39m }
[0mPOST /api/sync/[REDACTED-ID]/checkpoints [33m401[0m 0.163 ms - 79[0m
[ error ] API request failed { code: [32m'authentication_required'[39m, statusCode: [33m401[39m }
[0mPOST /api/sync/[REDACTED-ID]/checkpoints [33m401[0m 0.207 ms - 79[0m
[ error ] API request failed { code: [32m'authentication_required'[39m, statusCode: [33m401[39m }
[0mPOST /api/sync/[REDACTED-ID]/checkpoints [33m401[0m 0.181 ms - 79[0m
[ error ] API request failed { code: [32m'authentication_required'[39m, statusCode: [33m401[39m }
[0mPOST /api/sync/[REDACTED-ID]/checkpoints [33m401[0m 0.169 ms - 79[0m
[ error ] API request failed { code: [32m'authentication_required'[39m, statusCode: [33m401[39m }
[0mPOST /api/sync/[REDACTED-ID]/checkpoints [33m401[0m 0.203 ms - 79[0m
[ error ] API request failed { code: [32m'authentication_required'[39m, statusCode: [33m401[39m }
[0mPOST /api/sync/[REDACTED-ID]/checkpoints [33m401[0m 0.178 ms - 79[0m
[ error ] API request failed { code: [32m'authentication_required'[39m, statusCode: [33m401[39m }
[0mPOST /api/sync/[REDACTED-ID]/checkpoints [33m401[0m 0.183 ms - 79[0m
[ error ] API request failed { code: [32m'authentication_required'[39m, statusCode: [33m401[39m }
[0mPOST /api/sync/[REDACTED-ID]/checkpoints [33m401[0m 0.174 ms - 79[0m
[ error ] API request failed { code: [32m'authentication_required'[39m, statusCode: [33m401[39m }
[0mPOST /api/sync/[REDACTED-ID]/checkpoints [33m401[0m 0.211 ms - 79[0m
[ error ] API request failed { code: [32m'authentication_required'[39m, statusCode: [33m401[39m }
[0mPOST /api/sync/[REDACTED-ID]/checkpoints [33m401[0m 0.167 ms - 79[0m
[ error ] API request failed { code: [32m'authentication_required'[39m, statusCode: [33m401[39m }
[0mPOST /api/sync/[REDACTED-ID]/checkpoints [33m401[0m 0.164 ms - 79[0m
[ error ] API request failed { code: [32m'authentication_required'[39m, statusCode: [33m401[39m }
[0mPOST /api/sync/[REDACTED-ID]/checkpoints [33m401[0m 0.152 ms - 79[0m
[ error ] API request failed { code: [32m'authentication_required'[39m, statusCode: [33m401[39m }
[0mPOST /api/sync/[REDACTED-ID]/checkpoints [33m401[0m 0.164 ms - 79[0m
[ error ] API request failed { code: [32m'authentication_required'[39m, statusCode: [33m401[39m }
[0mPOST /api/sync/[REDACTED-ID]/checkpoints [33m401[0m 0.154 ms - 79[0m
[ error ] API request failed { code: [32m'authentication_required'[39m, statusCode: [33m401[39m }
[0mPOST /api/sync/[REDACTED-ID]/checkpoints [33m401[0m 0.150 ms - 79[0m
[ error ] API request failed { code: [32m'authentication_required'[39m, statusCode: [33m401[39m }
[0mPOST /api/sync/[REDACTED-ID]/checkpoints [33m401[0m 0.168 ms - 79[0m
[ error ] API request failed { code: [32m'authentication_required'[39m, statusCode: [33m401[39m }
[0mPOST /api/sync/[REDACTED-ID]/checkpoints [33m401[0m 0.337 ms - 79[0m
[ error ] API request failed { code: [32m'authentication_required'[39m, statusCode: [33m401[39m }
[0mPOST /api/sync/[REDACTED-ID]/checkpoints [33m401[0m 0.326 ms - 79[0m
[ error ] API request failed { code: [32m'authentication_required'[39m, statusCode: [33m401[39m }
[0mPOST /api/sync/[REDACTED-ID]/checkpoints [33m401[0m 0.251 ms - 79[0m
[ error ] API request failed { code: [32m'authentication_required'[39m, statusCode: [33m401[39m }
[0mPOST /api/sync/[REDACTED-ID]/checkpoints [33m401[0m 0.234 ms - 79[0m
[ error ] API request failed { code: [32m'authentication_required'[39m, statusCode: [33m401[39m }
[0mPOST /api/sync/[REDACTED-ID]/checkpoints [33m401[0m 0.324 ms - 79[0m
[2K[1A[2K[1A[2K[1A[2K[1A[2K[1A[2K[1A[2K [32m🕓 [0m [37mCoverage[0m

     [33m0:00:00[0m [90m━━━━━━━━━━━━━━━━━━━━━━━━━━━━━━━━━━━━━━━━━━━━━━━━━━━━━━━━━[0m 0% (0/12)

   [32m⠴[0m [33m0:00:00[0m  POST /sync/{workspaceId}/checkpoints

      [ error ] API request failed { code: [32m'authentication_required'[39m, statusCode: [33m401[39m }
[0mPOST /api/sync/[REDACTED-ID]/checkpoints [33m401[0m 0.289 ms - 79[0m
[ error ] API request failed { code: [32m'authentication_required'[39m, statusCode: [33m401[39m }
[0mPOST /api/sync/[REDACTED-ID]/checkpoints [33m401[0m 0.349 ms - 79[0m
[ error ] API request failed { code: [32m'authentication_required'[39m, statusCode: [33m401[39m }
[0mPOST /api/sync/[REDACTED-ID]/checkpoints [33m401[0m 0.217 ms - 79[0m
[ error ] API request failed { code: [32m'authentication_required'[39m, statusCode: [33m401[39m }
[0mPOST /api/sync/[REDACTED-ID]/checkpoints [33m401[0m 0.183 ms - 79[0m
[ error ] API request failed { code: [32m'authentication_required'[39m, statusCode: [33m401[39m }
[0mPOST /api/sync/[REDACTED-ID]/checkpoints [33m401[0m 0.160 ms - 79[0m
[ error ] API request failed { code: [32m'authentication_required'[39m, statusCode: [33m401[39m }
[0mPOST /api/sync/[REDACTED-ID]/checkpoints [33m401[0m 0.163 ms - 79[0m
[ error ] API request failed { code: [32m'authentication_required'[39m, statusCode: [33m401[39m }
[0mPOST /api/sync/[REDACTED-ID]/checkpoints [33m401[0m 0.158 ms - 79[0m
[ error ] API request failed { code: [32m'authentication_required'[39m, statusCode: [33m401[39m }
[0mPOST /api/sync/[REDACTED-ID]/checkpoints [33m401[0m 0.265 ms - 79[0m
[ error ] API request failed { code: [32m'authentication_required'[39m, statusCode: [33m401[39m }
[0mPOST /api/sync/[REDACTED-ID]/checkpoints [33m401[0m 0.178 ms - 79[0m
[ error ] API request failed { code: [32m'authentication_required'[39m, statusCode: [33m401[39m }
[0mPOST /api/sync/[REDACTED-ID]/checkpoints [33m401[0m 0.191 ms - 79[0m
[ error ] API request failed { code: [32m'authentication_required'[39m, statusCode: [33m401[39m }
[0mPOST /api/sync/[REDACTED-ID]/checkpoints [33m401[0m 0.433 ms - 79[0m
[ error ] API request failed { code: [32m'authentication_required'[39m, statusCode: [33m401[39m }
[0mPOST /api/sync/[REDACTED-ID]/checkpoints [33m401[0m 0.391 ms - 79[0m
[ error ] API request failed { code: [32m'authentication_required'[39m, statusCode: [33m401[39m }
[0mPOST /api/sync/[REDACTED-ID]/checkpoints [33m401[0m 0.234 ms - 79[0m
[ error ] API request failed { code: [32m'authentication_required'[39m, statusCode: [33m401[39m }
[0mPOST /api/sync/[REDACTED-ID]/checkpoints [33m401[0m 0.206 ms - 79[0m
[ error ] API request failed { code: [32m'authentication_required'[39m, statusCode: [33m401[39m }
[0mPOST /api/sync/[REDACTED-ID]/checkpoints [33m401[0m 0.218 ms - 79[0m
[ error ] API request failed { code: [32m'authentication_required'[39m, statusCode: [33m401[39m }
[0mPOST /api/sync/[REDACTED-ID]/checkpoints [33m401[0m 0.200 ms - 79[0m
[ error ] API request failed { code: [32m'authentication_required'[39m, statusCode: [33m401[39m }
[0mPOST /api/sync/[REDACTED-ID]/checkpoints [33m401[0m 0.185 ms - 79[0m
[ error ] API request failed { code: [32m'authentication_required'[39m, statusCode: [33m401[39m }
[0mPOST /api/sync/[REDACTED-ID]/checkpoints [33m401[0m 0.214 ms - 79[0m
[ error ] API request failed { code: [32m'authentication_required'[39m, statusCode: [33m401[39m }
[0mPOST /api/sync/[REDACTED-ID]/checkpoints [33m401[0m 0.189 ms - 79[0m
[ error ] API request failed { code: [32m'authentication_required'[39m, statusCode: [33m401[39m }
[0mPOST /api/sync/[REDACTED-ID]/checkpoints [33m401[0m 0.189 ms - 79[0m
[ error ] API request failed { code: [32m'authentication_required'[39m, statusCode: [33m401[39m }
[0mPOST /api/sync/[REDACTED-ID]/checkpoints [33m401[0m 0.172 ms - 79[0m
[ error ] API request failed { code: [32m'authentication_required'[39m, statusCode: [33m401[39m }
[0mPOST /api/sync/[REDACTED-ID]/checkpoints [33m401[0m 0.175 ms - 79[0m
[ error ] API request failed { code: [32m'authentication_required'[39m, statusCode: [33m401[39m }
[0mPOST /api/sync/[REDACTED-ID]/checkpoints [33m401[0m 0.183 ms - 79[0m
[ error ] API request failed { code: [32m'authentication_required'[39m, statusCode: [33m401[39m }
[0mPOST /api/sync/[REDACTED-ID]/checkpoints [33m401[0m 0.159 ms - 79[0m
[ error ] API request failed { code: [32m'authentication_required'[39m, statusCode: [33m401[39m }
[0mPOST /api/sync/[REDACTED-ID]/checkpoints [33m401[0m 0.222 ms - 79[0m
[ error ] API request failed { code: [32m'authentication_required'[39m, statusCode: [33m401[39m }
[0mPOST /api/sync/[REDACTED-ID]/checkpoints [33m401[0m 0.142 ms - 79[0m
[ error ] API request failed { code: [32m'authentication_required'[39m, statusCode: [33m401[39m }
[0mPOST /api/sync/[REDACTED-ID]/checkpoints [33m401[0m 0.328 ms - 79[0m
[ error ] API request failed { code: [32m'authentication_required'[39m, statusCode: [33m401[39m }
[0mPOST /api/sync/[REDACTED-ID]/checkpoints [33m401[0m 0.306 ms - 79[0m
[ error ] API request failed { code: [32m'authentication_required'[39m, statusCode: [33m401[39m }
[0mPOST /api/sync/[REDACTED-ID]/checkpoints [33m401[0m 0.166 ms - 79[0m
[ error ] API request failed { code: [32m'authentication_required'[39m, statusCode: [33m401[39m }
[0mPOST /api/sync/[REDACTED-ID]/checkpoints [33m401[0m 0.231 ms - 79[0m
[ error ] API request failed { code: [32m'authentication_required'[39m, statusCode: [33m401[39m }
[0mPOST /api/sync/[REDACTED-ID]/checkpoints [33m401[0m 0.171 ms - 79[0m
[ error ] API request failed { code: [32m'authentication_required'[39m, statusCode: [33m401[39m }
[0mPOST /api/sync/[REDACTED-ID]/checkpoints [33m401[0m 0.171 ms - 79[0m
[ error ] API request failed { code: [32m'authentication_required'[39m, statusCode: [33m401[39m }
[0mPOST /api/sync/[REDACTED-ID]/checkpoints [33m401[0m 0.143 ms - 79[0m
[ error ] API request failed { code: [32m'authentication_required'[39m, statusCode: [33m401[39m }
[0mPOST /api/sync/[REDACTED-ID]/checkpoints [33m401[0m 0.150 ms - 79[0m
[ error ] API request failed { code: [32m'authentication_required'[39m, statusCode: [33m401[39m }
[0mPOST /api/sync/[REDACTED-ID]/checkpoints [33m401[0m 0.144 ms - 79[0m
[ error ] API request failed { code: [32m'authentication_required'[39m, statusCode: [33m401[39m }
[0mPOST /api/sync/[REDACTED-ID]/checkpoints [33m401[0m 0.320 ms - 79[0m
[ error ] API request failed { code: [32m'authentication_required'[39m, statusCode: [33m401[39m }
[0mPOST /api/sync/[REDACTED-ID]/checkpoints [33m401[0m 0.175 ms - 79[0m
[ error ] API request failed { code: [32m'authentication_required'[39m, statusCode: [33m401[39m }
[0mPOST /api/sync/[REDACTED-ID]/checkpoints [33m401[0m 0.154 ms - 79[0m
[ error ] API request failed { code: [32m'authentication_required'[39m, statusCode: [33m401[39m }
[0mPOST /api/sync/[REDACTED-ID]/checkpoints [33m401[0m 0.154 ms - 79[0m
[ error ] API request failed { code: [32m'authentication_required'[39m, statusCode: [33m401[39m }
[0mPOST /api/sync/[REDACTED-ID]/checkpoints [33m401[0m 0.154 ms - 79[0m
[ error ] API request failed { code: [32m'authentication_required'[39m, statusCode: [33m401[39m }
[0mPOST /api/sync/[REDACTED-ID]/checkpoints [33m401[0m 0.170 ms - 79[0m
[ error ] API request failed { code: [32m'authentication_required'[39m, statusCode: [33m401[39m }
[0mPOST /api/sync/[REDACTED-ID]/checkpoints [33m401[0m 0.169 ms - 79[0m
[ error ] API request failed { code: [32m'authentication_required'[39m, statusCode: [33m401[39m }
[0mPOST /api/sync/[REDACTED-ID]/checkpoints [33m401[0m 0.150 ms - 79[0m
[ error ] API request failed { code: [32m'authentication_required'[39m, statusCode: [33m401[39m }
[0mPOST /api/sync/[REDACTED-ID]/checkpoints [33m401[0m 0.157 ms - 79[0m
[ error ] API request failed { code: [32m'authentication_required'[39m, statusCode: [33m401[39m }
[0mPOST /api/sync/[REDACTED-ID]/checkpoints [33m401[0m 0.144 ms - 79[0m
[ error ] API request failed { code: [32m'authentication_required'[39m, statusCode: [33m401[39m }
[0mPOST /api/sync/[REDACTED-ID]/checkpoints [33m401[0m 0.142 ms - 79[0m
[ error ] API request failed { code: [32m'authentication_required'[39m, statusCode: [33m401[39m }
[0mPOST /api/sync/[REDACTED-ID]/checkpoints [33m401[0m 0.166 ms - 79[0m
[ error ] API request failed { code: [32m'authentication_required'[39m, statusCode: [33m401[39m }
[0mPOST /api/sync/[REDACTED-ID]/checkpoints [33m401[0m 0.152 ms - 79[0m
[ error ] API request failed { code: [32m'authentication_required'[39m, statusCode: [33m401[39m }
[0mPOST /api/sync/[REDACTED-ID]/checkpoints [33m401[0m 0.175 ms - 79[0m
[ error ] API request failed { code: [32m'authentication_required'[39m, statusCode: [33m401[39m }
[0mPOST /api/sync/[REDACTED-ID]/checkpoints [33m401[0m 0.144 ms - 79[0m
[ error ] API request failed { code: [32m'authentication_required'[39m, statusCode: [33m401[39m }
[0mPOST /api/sync/[REDACTED-ID]/checkpoints [33m401[0m 0.156 ms - 79[0m
[ error ] API request failed { code: [32m'authentication_required'[39m, statusCode: [33m401[39m }
[0mPOST /api/sync/[REDACTED-ID]/checkpoints [33m401[0m 0.137 ms - 79[0m
[ error ] API request failed { code: [32m'authentication_required'[39m, statusCode: [33m401[39m }
[0mPOST /api/sync/[REDACTED-ID]/checkpoints [33m401[0m 0.145 ms - 79[0m
[ error ] API request failed { code: [32m'authentication_required'[39m, statusCode: [33m401[39m }
[0mPOST /api/sync/[REDACTED-ID]/checkpoints [33m401[0m 0.137 ms - 79[0m
[ error ] API request failed { code: [32m'authentication_required'[39m, statusCode: [33m401[39m }
[0mPOST /api/sync/[REDACTED-ID]/checkpoints [33m401[0m 0.373 ms - 79[0m
[ error ] API request failed { code: [32m'authentication_required'[39m, statusCode: [33m401[39m }
[0mPOST /api/sync/[REDACTED-ID]/checkpoints [33m401[0m 0.351 ms - 79[0m
[ error ] API request failed { code: [32m'authentication_required'[39m, statusCode: [33m401[39m }
[0mPOST /api/sync/[REDACTED-ID]/checkpoints [33m401[0m 0.340 ms - 79[0m
[ error ] API request failed { code: [32m'authentication_required'[39m, statusCode: [33m401[39m }
[0mPOST /api/sync/[REDACTED-ID]/checkpoints [33m401[0m 0.418 ms - 79[0m
[ error ] API request failed { code: [32m'authentication_required'[39m, statusCode: [33m401[39m }
[0mPOST /api/sync/[REDACTED-ID]/checkpoints [33m401[0m 0.313 ms - 79[0m
[2K[1A[2K[1A[2K[1A[2K[1A[2K[1A[2K[1A[2K [32m🕔 [0m [37mCoverage[0m

     [33m0:00:00[0m [90m━━━━━━━━━━━━━━━━━━━━━━━━━━━━━━━━━━━━━━━━━━━━━━━━━━━━━━━━━[0m 0% (0/12)

   [32m⠦[0m [33m0:00:00[0m  POST /sync/{workspaceId}/checkpoints

      [ error ] API request failed { code: [32m'authentication_required'[39m, statusCode: [33m401[39m }
[0mPOST /api/sync/[REDACTED-ID]/checkpoints [33m401[0m 0.295 ms - 79[0m
[ error ] API request failed { code: [32m'authentication_required'[39m, statusCode: [33m401[39m }
[0mPOST /api/sync/[REDACTED-ID]/checkpoints [33m401[0m 0.304 ms - 79[0m
[ error ] API request failed { code: [32m'authentication_required'[39m, statusCode: [33m401[39m }
[0mPOST /api/sync/[REDACTED-ID]/checkpoints [33m401[0m 0.299 ms - 79[0m
[ error ] API request failed { code: [32m'authentication_required'[39m, statusCode: [33m401[39m }
[0mPOST /api/sync/[REDACTED-ID]/checkpoints [33m401[0m 0.274 ms - 79[0m
[ error ] API request failed { code: [32m'authentication_required'[39m, statusCode: [33m401[39m }
[0mPOST /api/sync/[REDACTED-ID]/checkpoints [33m401[0m 0.273 ms - 79[0m
[ error ] API request failed { code: [32m'authentication_required'[39m, statusCode: [33m401[39m }
[0mPOST /api/sync/[REDACTED-ID]/checkpoints [33m401[0m 0.327 ms - 79[0m
[ error ] API request failed { code: [32m'authentication_required'[39m, statusCode: [33m401[39m }
[0mPOST /api/sync/[REDACTED-ID]/checkpoints [33m401[0m 0.193 ms - 79[0m
[ error ] API request failed { code: [32m'authentication_required'[39m, statusCode: [33m401[39m }
[0mPOST /api/sync/[REDACTED-ID]/checkpoints [33m401[0m 0.170 ms - 79[0m
[ error ] API request failed { code: [32m'authentication_required'[39m, statusCode: [33m401[39m }
[0mPOST /api/sync/[REDACTED-ID]/checkpoints [33m401[0m 0.339 ms - 79[0m
[ error ] API request failed { code: [32m'authentication_required'[39m, statusCode: [33m401[39m }
[0mPOST /api/sync/[REDACTED-ID]/checkpoints [33m401[0m 0.162 ms - 79[0m
[ error ] API request failed { code: [32m'authentication_required'[39m, statusCode: [33m401[39m }
[0mPOST /api/sync/[REDACTED-ID]/checkpoints [33m401[0m 0.180 ms - 79[0m
[ error ] API request failed { code: [32m'authentication_required'[39m, statusCode: [33m401[39m }
[0mPOST /api/sync/[REDACTED-ID]/checkpoints [33m401[0m 0.154 ms - 79[0m
[ error ] API request failed { code: [32m'authentication_required'[39m, statusCode: [33m401[39m }
[0mPOST /api/sync/[REDACTED-ID]/checkpoints [33m401[0m 0.156 ms - 79[0m
[ error ] API request failed { code: [32m'authentication_required'[39m, statusCode: [33m401[39m }
[0mPOST /api/sync/[REDACTED-ID]/checkpoints [33m401[0m 0.154 ms - 79[0m
[ error ] API request failed { code: [32m'authentication_required'[39m, statusCode: [33m401[39m }
[0mPOST /api/sync/[REDACTED-ID]/checkpoints [33m401[0m 0.199 ms - 79[0m
[ error ] API request failed { code: [32m'authentication_required'[39m, statusCode: [33m401[39m }
[0mPOST /api/sync/[REDACTED-ID]/checkpoints [33m401[0m 0.168 ms - 79[0m
[ error ] API request failed { code: [32m'authentication_required'[39m, statusCode: [33m401[39m }
[0mPOST /api/sync/[REDACTED-ID]/checkpoints [33m401[0m 0.157 ms - 79[0m
[ error ] API request failed { code: [32m'authentication_required'[39m, statusCode: [33m401[39m }
[0mPOST /api/sync/[REDACTED-ID]/checkpoints [33m401[0m 0.159 ms - 79[0m
[ error ] API request failed { code: [32m'authentication_required'[39m, statusCode: [33m401[39m }
[0mPOST /api/sync/[REDACTED-ID]/checkpoints [33m401[0m 0.165 ms - 79[0m
[ error ] API request failed { code: [32m'authentication_required'[39m, statusCode: [33m401[39m }
[0mPOST /api/sync/[REDACTED-ID]/checkpoints [33m401[0m 0.157 ms - 79[0m
[ error ] API request failed { code: [32m'authentication_required'[39m, statusCode: [33m401[39m }
[0mPOST /api/sync/[REDACTED-ID]/checkpoints [33m401[0m 0.298 ms - 79[0m
[ error ] API request failed { code: [32m'authentication_required'[39m, statusCode: [33m401[39m }
[0mPOST /api/sync/[REDACTED-ID]/checkpoints [33m401[0m 0.246 ms - 79[0m
[ error ] API request failed { code: [32m'authentication_required'[39m, statusCode: [33m401[39m }
[0mPOST /api/sync/[REDACTED-ID]/checkpoints [33m401[0m 0.167 ms - 79[0m
[ error ] API request failed { code: [32m'authentication_required'[39m, statusCode: [33m401[39m }
[0mPOST /api/sync/[REDACTED-ID]/checkpoints [33m401[0m 0.357 ms - 79[0m
[ error ] API request failed { code: [32m'authentication_required'[39m, statusCode: [33m401[39m }
[0mPOST /api/sync/[REDACTED-ID]/checkpoints [33m401[0m 0.392 ms - 79[0m
[ error ] API request failed { code: [32m'authentication_required'[39m, statusCode: [33m401[39m }
[0mPOST /api/sync/[REDACTED-ID]/checkpoints [33m401[0m 0.315 ms - 79[0m
[ error ] API request failed { code: [32m'authentication_required'[39m, statusCode: [33m401[39m }
[0mPOST /api/sync/[REDACTED-ID]/checkpoints [33m401[0m 0.318 ms - 79[0m
[ error ] API request failed { code: [32m'authentication_required'[39m, statusCode: [33m401[39m }
[0mPOST /api/sync/[REDACTED-ID]/checkpoints [33m401[0m 0.299 ms - 79[0m
[ error ] API request failed { code: [32m'authentication_required'[39m, statusCode: [33m401[39m }
[0mPOST /api/sync/[REDACTED-ID]/checkpoints [33m401[0m 0.177 ms - 79[0m
[ error ] API request failed { code: [32m'authentication_required'[39m, statusCode: [33m401[39m }
[0mPOST /api/sync/[REDACTED-ID]/checkpoints [33m401[0m 0.306 ms - 79[0m
[ error ] API request failed { code: [32m'authentication_required'[39m, statusCode: [33m401[39m }
[0mPOST /api/sync/[REDACTED-ID]/checkpoints [33m401[0m 0.318 ms - 79[0m
[ error ] API request failed { code: [32m'authentication_required'[39m, statusCode: [33m401[39m }
[0mPOST /api/sync/[REDACTED-ID]/checkpoints [33m401[0m 0.344 ms - 79[0m
[ error ] API request failed { code: [32m'authentication_required'[39m, statusCode: [33m401[39m }
[0mPOST /api/sync/[REDACTED-ID]/checkpoints [33m401[0m 0.184 ms - 79[0m
[ error ] API request failed { code: [32m'authentication_required'[39m, statusCode: [33m401[39m }
[0mPOST /api/sync/[REDACTED-ID]/checkpoints [33m401[0m 0.164 ms - 79[0m
[ error ] API request failed { code: [32m'authentication_required'[39m, statusCode: [33m401[39m }
[0mPOST /api/sync/[REDACTED-ID]/checkpoints [33m401[0m 0.195 ms - 79[0m
[ error ] API request failed { code: [32m'authentication_required'[39m, statusCode: [33m401[39m }
[0mPOST /api/sync/[REDACTED-ID]/checkpoints [33m401[0m 0.177 ms - 79[0m
[ error ] API request failed { code: [32m'authentication_required'[39m, statusCode: [33m401[39m }
[0mPOST /api/sync/[REDACTED-ID]/checkpoints [33m401[0m 0.171 ms - 79[0m
[ error ] API request failed { code: [32m'authentication_required'[39m, statusCode: [33m401[39m }
[0mPOST /api/sync/[REDACTED-ID]/checkpoints [33m401[0m 0.295 ms - 79[0m
[ error ] API request failed { code: [32m'authentication_required'[39m, statusCode: [33m401[39m }
[0mPOST /api/sync/[REDACTED-ID]/checkpoints [33m401[0m 0.297 ms - 79[0m
[ error ] API request failed { code: [32m'authentication_required'[39m, statusCode: [33m401[39m }
[0mPOST /api/sync/[REDACTED-ID]/checkpoints [33m401[0m 0.279 ms - 79[0m
[ error ] API request failed { code: [32m'authentication_required'[39m, statusCode: [33m401[39m }
[0mPOST /api/sync/[REDACTED-ID]/checkpoints [33m401[0m 0.323 ms - 79[0m
[ error ] API request failed { code: [32m'authentication_required'[39m, statusCode: [33m401[39m }
[0mPOST /api/sync/[REDACTED-ID]/checkpoints [33m401[0m 0.194 ms - 79[0m
[ error ] API request failed { code: [32m'authentication_required'[39m, statusCode: [33m401[39m }
[0mPOST /api/sync/[REDACTED-ID]/checkpoints [33m401[0m 0.165 ms - 79[0m
[ error ] API request failed { code: [32m'authentication_required'[39m, statusCode: [33m401[39m }
[0mPOST /api/sync/[REDACTED-ID]/checkpoints [33m401[0m 0.172 ms - 79[0m
[ error ] API request failed { code: [32m'authentication_required'[39m, statusCode: [33m401[39m }
[0mPOST /api/sync/[REDACTED-ID]/checkpoints [33m401[0m 0.182 ms - 79[0m
[ error ] API request failed { code: [32m'authentication_required'[39m, statusCode: [33m401[39m }
[0mPOST /api/sync/[REDACTED-ID]/checkpoints [33m401[0m 0.171 ms - 79[0m
[ error ] API request failed { code: [32m'authentication_required'[39m, statusCode: [33m401[39m }
[0mPOST /api/sync/[REDACTED-ID]/checkpoints [33m401[0m 0.216 ms - 79[0m
[ error ] API request failed { code: [32m'authentication_required'[39m, statusCode: [33m401[39m }
[0mPOST /api/sync/[REDACTED-ID]/checkpoints [33m401[0m 0.188 ms - 79[0m
[ error ] API request failed { code: [32m'authentication_required'[39m, statusCode: [33m401[39m }
[0mPOST /api/sync/[REDACTED-ID]/checkpoints [33m401[0m 0.178 ms - 79[0m
[ error ] API request failed { code: [32m'authentication_required'[39m, statusCode: [33m401[39m }
[0mPOST /api/sync/[REDACTED-ID]/checkpoints [33m401[0m 0.201 ms - 79[0m
[ error ] API request failed { code: [32m'authentication_required'[39m, statusCode: [33m401[39m }
[0mPOST /api/sync/[REDACTED-ID]/checkpoints [33m401[0m 0.244 ms - 79[0m
[ error ] API request failed { code: [32m'authentication_required'[39m, statusCode: [33m401[39m }
[0mPOST /api/sync/[REDACTED-ID]/checkpoints [33m401[0m 0.237 ms - 79[0m
[ error ] API request failed { code: [32m'authentication_required'[39m, statusCode: [33m401[39m }
[0mPOST /api/sync/[REDACTED-ID]/checkpoints [33m401[0m 0.369 ms - 79[0m
[ error ] API request failed { code: [32m'authentication_required'[39m, statusCode: [33m401[39m }
[0mPOST /api/sync/[REDACTED-ID]/checkpoints [33m401[0m 0.342 ms - 79[0m
[2K[1A[2K[1A[2K[1A[2K[1A[2K[1A[2K[1A[2K [32m🕕 [0m [37mCoverage[0m

     [33m0:00:00[0m [90m━━━━━━━━━━━━━━━━━━━━━━━━━━━━━━━━━━━━━━━━━━━━━━━━━━━━━━━━━[0m 0% (0/12)

   [32m⠧[0m [33m0:00:00[0m  POST /sync/{workspaceId}/checkpoints

      [ error ] API request failed { code: [32m'authentication_required'[39m, statusCode: [33m401[39m }
[0mPOST /api/sync/[REDACTED-ID]/checkpoints [33m401[0m 0.497 ms - 79[0m
[ error ] API request failed { code: [32m'authentication_required'[39m, statusCode: [33m401[39m }
[0mPOST /api/sync/[REDACTED-ID]/checkpoints [33m401[0m 0.591 ms - 79[0m
[ error ] API request failed { code: [32m'authentication_required'[39m, statusCode: [33m401[39m }
[0mPOST /api/sync/[REDACTED-ID]/checkpoints [33m401[0m 0.204 ms - 79[0m
[ error ] API request failed { code: [32m'authentication_required'[39m, statusCode: [33m401[39m }
[0mPOST /api/sync/[REDACTED-ID]/checkpoints [33m401[0m 0.178 ms - 79[0m
[ error ] API request failed { code: [32m'authentication_required'[39m, statusCode: [33m401[39m }
[0mPOST /api/sync/[REDACTED-ID]/checkpoints [33m401[0m 0.165 ms - 79[0m
[ error ] API request failed { code: [32m'authentication_required'[39m, statusCode: [33m401[39m }
[0mPOST /api/sync/[REDACTED-ID]/checkpoints [33m401[0m 0.177 ms - 79[0m
[ error ] API request failed { code: [32m'authentication_required'[39m, statusCode: [33m401[39m }
[0mPOST /api/sync/[REDACTED-ID]/checkpoints [33m401[0m 0.181 ms - 79[0m
[ error ] API request failed { code: [32m'authentication_required'[39m, statusCode: [33m401[39m }
[0mPOST /api/sync/[REDACTED-ID]/checkpoints [33m401[0m 0.565 ms - 79[0m
[ error ] API request failed { code: [32m'authentication_required'[39m, statusCode: [33m401[39m }
[0mPOST /api/sync/[REDACTED-ID]/checkpoints [33m401[0m 0.489 ms - 79[0m
[ error ] API request failed { code: [32m'authentication_required'[39m, statusCode: [33m401[39m }
[0mPOST /api/sync/[REDACTED-ID]/checkpoints [33m401[0m 0.229 ms - 79[0m
[ error ] API request failed { code: [32m'authentication_required'[39m, statusCode: [33m401[39m }
[0mPOST /api/sync/[REDACTED-ID]/checkpoints [33m401[0m 0.194 ms - 79[0m
[ error ] API request failed { code: [32m'authentication_required'[39m, statusCode: [33m401[39m }
[0mPOST /api/sync/[REDACTED-ID]/checkpoints [33m401[0m 0.165 ms - 79[0m
[ error ] API request failed { code: [32m'authentication_required'[39m, statusCode: [33m401[39m }
[0mPOST /api/sync/[REDACTED-ID]/checkpoints [33m401[0m 0.170 ms - 79[0m
[ error ] API request failed { code: [32m'invalid_request'[39m, statusCode: [33m400[39m }
[ error ] API request failed { code: [32m'invalid_request'[39m, statusCode: [33m400[39m }
[ error ] API request failed { code: [32m'invalid_request'[39m, statusCode: [33m400[39m }
[ error ] API request failed { code: [32m'invalid_request'[39m, statusCode: [33m400[39m }
[ error ] API request failed { code: [32m'authentication_required'[39m, statusCode: [33m401[39m }
[0mPOST /api/sync/[REDACTED-ID]/checkpoints [33m401[0m 0.173 ms - 79[0m
[ error ] API request failed { code: [32m'authentication_required'[39m, statusCode: [33m401[39m }
[0mPOST /api/sync/[REDACTED-ID]/checkpoints [33m401[0m 0.184 ms - 79[0m
[ error ] API request failed { code: [32m'authentication_required'[39m, statusCode: [33m401[39m }
[0mPOST /api/sync/[REDACTED-ID]/checkpoints [33m401[0m 0.240 ms - 79[0m
[ error ] API request failed { code: [32m'authentication_required'[39m, statusCode: [33m401[39m }
[0mPOST /api/sync/[REDACTED-ID]/checkpoints [33m401[0m 0.375 ms - 79[0m
[ error ] API request failed { code: [32m'authentication_required'[39m, statusCode: [33m401[39m }
[0mPOST /api/sync/[REDACTED-ID]/checkpoints [33m401[0m 0.279 ms - 79[0m
[ error ] API request failed { code: [32m'authentication_required'[39m, statusCode: [33m401[39m }
[0mPOST /api/sync/[REDACTED-ID]/checkpoints [33m401[0m 0.202 ms - 79[0m
[ error ] API request failed { code: [32m'authentication_required'[39m, statusCode: [33m401[39m }
[0mPOST /api/sync/[REDACTED-ID]/checkpoints [33m401[0m 0.211 ms - 79[0m
[ error ] API request failed { code: [32m'authentication_required'[39m, statusCode: [33m401[39m }
[0mPOST /api/sync/[REDACTED-ID]/checkpoints [33m401[0m 0.218 ms - 79[0m
[ error ] API request failed { code: [32m'authentication_required'[39m, statusCode: [33m401[39m }
[0mPOST /api/sync/[REDACTED-ID]/checkpoints [33m401[0m 0.186 ms - 79[0m
[ error ] API request failed { code: [32m'authentication_required'[39m, statusCode: [33m401[39m }
[0mPOST /api/sync/[REDACTED-ID]/checkpoints [33m401[0m 0.194 ms - 79[0m
[ error ] API request failed { code: [32m'authentication_required'[39m, statusCode: [33m401[39m }
[0mPOST /api/sync/[REDACTED-ID]/checkpoints [33m401[0m 0.394 ms - 79[0m
[ error ] API request failed { code: [32m'authentication_required'[39m, statusCode: [33m401[39m }
[0mPOST /api/sync/[REDACTED-ID]/checkpoints [33m401[0m 0.365 ms - 79[0m
[ error ] API request failed { code: [32m'authentication_required'[39m, statusCode: [33m401[39m }
[0mPOST /api/sync/[REDACTED-ID]/checkpoints [33m401[0m 0.363 ms - 79[0m
[ error ] API request failed { code: [32m'authentication_required'[39m, statusCode: [33m401[39m }
[0mPOST /api/sync/[REDACTED-ID]/checkpoints [33m401[0m 0.168 ms - 79[0m
[ error ] API request failed { code: [32m'authentication_required'[39m, statusCode: [33m401[39m }
[0mPOST /api/sync/[REDACTED-ID]/checkpoints [33m401[0m 0.198 ms - 79[0m
[ error ] API request failed { code: [32m'authentication_required'[39m, statusCode: [33m401[39m }
[0mPOST /api/sync/[REDACTED-ID]/checkpoints [33m401[0m 0.166 ms - 79[0m
[ error ] API request failed { code: [32m'authentication_required'[39m, statusCode: [33m401[39m }
[0mPOST /api/sync/[REDACTED-ID]/checkpoints [33m401[0m 0.173 ms - 79[0m
[ error ] API request failed { code: [32m'authentication_required'[39m, statusCode: [33m401[39m }
[0mPOST /api/sync/[REDACTED-ID]/checkpoints [33m401[0m 0.162 ms - 79[0m
[ error ] API request failed { code: [32m'authentication_required'[39m, statusCode: [33m401[39m }
[0mPOST /api/sync/[REDACTED-ID]/checkpoints [33m401[0m 0.190 ms - 79[0m
[ error ] API request failed { code: [32m'authentication_required'[39m, statusCode: [33m401[39m }
[0mPOST /api/sync/[REDACTED-ID]/checkpoints [33m401[0m 0.191 ms - 79[0m
[ error ] API request failed { code: [32m'authentication_required'[39m, statusCode: [33m401[39m }
[0mPOST /api/sync/[REDACTED-ID]/checkpoints [33m401[0m 0.169 ms - 79[0m
[ error ] API request failed { code: [32m'authentication_required'[39m, statusCode: [33m401[39m }
[0mPOST /api/sync/[REDACTED-ID]/checkpoints [33m401[0m 0.157 ms - 79[0m
[ error ] API request failed { code: [32m'authentication_required'[39m, statusCode: [33m401[39m }
[0mPOST /api/sync/[REDACTED-ID]/checkpoints [33m401[0m 0.156 ms - 79[0m
[ error ] API request failed { code: [32m'authentication_required'[39m, statusCode: [33m401[39m }
[0mPOST /api/sync/[REDACTED-ID]/checkpoints [33m401[0m 0.179 ms - 79[0m
[ error ] API request failed { code: [32m'authentication_required'[39m, statusCode: [33m401[39m }
[0mPOST /api/sync/[REDACTED-ID]/checkpoints [33m401[0m 0.166 ms - 79[0m
[ error ] API request failed { code: [32m'authentication_required'[39m, statusCode: [33m401[39m }
[0mPOST /api/sync/[REDACTED-ID]/checkpoints [33m401[0m 0.156 ms - 79[0m
[ error ] API request failed { code: [32m'authentication_required'[39m, statusCode: [33m401[39m }
[0mPOST /api/sync/[REDACTED-ID]/checkpoints [33m401[0m 0.149 ms - 79[0m
[ error ] API request failed { code: [32m'authentication_required'[39m, statusCode: [33m401[39m }
[0mPOST /api/sync/[REDACTED-ID]/checkpoints [33m401[0m 0.151 ms - 79[0m
[ error ] API request failed { code: [32m'authentication_required'[39m, statusCode: [33m401[39m }
[0mPOST /api/sync/[REDACTED-ID]/checkpoints [33m401[0m 0.167 ms - 79[0m
[ error ] API request failed { code: [32m'authentication_required'[39m, statusCode: [33m401[39m }
[0mPOST /api/sync/[REDACTED-ID]/checkpoints [33m401[0m 0.379 ms - 79[0m
[ error ] API request failed { code: [32m'authentication_required'[39m, statusCode: [33m401[39m }
[0mPOST /api/sync/[REDACTED-ID]/checkpoints [33m401[0m 0.368 ms - 79[0m
[ error ] API request failed { code: [32m'authentication_required'[39m, statusCode: [33m401[39m }
[0mPOST /api/sync/[REDACTED-ID]/checkpoints [33m401[0m 0.232 ms - 79[0m
[ error ] API request failed { code: [32m'authentication_required'[39m, statusCode: [33m401[39m }
[0mPOST /api/sync/[REDACTED-ID]/checkpoints [33m401[0m 0.199 ms - 79[0m
[2K[1A[2K[1A[2K[1A[2K[1A[2K[1A[2K[1A[2K [32m🕖 [0m [37mCoverage[0m

     [33m0:00:00[0m [90m━━━━━━━━━━━━━━━━━━━━━━━━━━━━━━━━━━━━━━━━━━━━━━━━━━━━━━━━━[0m 0% (0/12)

   [32m⠇[0m [33m0:00:00[0m  POST /sync/{workspaceId}/checkpoints

      [ error ] API request failed { code: [32m'authentication_required'[39m, statusCode: [33m401[39m }
[0mPOST /api/sync/[REDACTED-ID]/checkpoints [33m401[0m 0.228 ms - 79[0m
[0mTRACE /api/sync/[REDACTED-ID]/devices [33m405[0m 0.175 ms - 78[0m
[0mQUERY /api/sync/[REDACTED-ID]/devices [33m405[0m 0.081 ms - 78[0m
[0mPUT /api/sync/[REDACTED-ID]/devices [33m405[0m 0.075 ms - 78[0m
[0mPATCH /api/sync/[REDACTED-ID]/devices [33m405[0m 0.090 ms - 78[0m
[0mOPTIONS /api/sync/[REDACTED-ID]/devices [33m405[0m 0.079 ms - 78[0m
[0mDELETE /api/sync/[REDACTED-ID]/devices [33m405[0m 0.074 ms - 78[0m
[ error ] API request failed { code: [32m'authentication_required'[39m, statusCode: [33m401[39m }
[0mPOST /api/sync/[REDACTED-MATERIAL]/devices [33m401[0m 0.205 ms - 79[0m
[ error ] API request failed { code: [32m'authentication_required'[39m, statusCode: [33m401[39m }
[0mPOST /api/sync/[REDACTED-MATERIAL]/devices [33m401[0m 0.205 ms - 79[0m
[ error ] API request failed { code: [32m'authentication_required'[39m, statusCode: [33m401[39m }
[0mPOST /api/sync/[REDACTED-MATERIAL]/devices [33m401[0m 0.164 ms - 79[0m
[ error ] API request failed { code: [32m'authentication_required'[39m, statusCode: [33m401[39m }
[0mPOST /api/sync/00/devices [33m401[0m 0.323 ms - 79[0m
[ error ] API request failed { code: [32m'authentication_required'[39m, statusCode: [33m401[39m }
[0mPOST /api/sync/0/devices [33m401[0m 0.313 ms - 79[0m
[ error ] API request failed { code: [32m'authentication_required'[39m, statusCode: [33m401[39m }
[0mPOST /api/sync/[REDACTED-ID]/devices [33m401[0m 0.170 ms - 79[0m
[ error ] API request failed { code: [32m'authentication_required'[39m, statusCode: [33m401[39m }
[0mPOST /api/sync/[REDACTED-ID]/devices [33m401[0m 0.188 ms - 79[0m
[ error ] API request failed { code: [32m'authentication_required'[39m, statusCode: [33m401[39m }
[0mPOST /api/sync/[REDACTED-ID]/devices [33m401[0m 0.200 ms - 79[0m
[ error ] API request failed { code: [32m'authentication_required'[39m, statusCode: [33m401[39m }
[0mPOST /api/sync/[REDACTED-ID]/devices [33m401[0m 0.200 ms - 79[0m
[ error ] API request failed { code: [32m'authentication_required'[39m, statusCode: [33m401[39m }
[0mPOST /api/sync/[REDACTED-ID]/devices [33m401[0m 0.182 ms - 79[0m
[ error ] API request failed { code: [32m'authentication_required'[39m, statusCode: [33m401[39m }
[0mPOST /api/sync/[REDACTED-ID]/devices [33m401[0m 0.166 ms - 79[0m
[ error ] API request failed { code: [32m'authentication_required'[39m, statusCode: [33m401[39m }
[0mPOST /api/sync/[REDACTED-ID]/devices [33m401[0m 0.178 ms - 79[0m
[ error ] API request failed { code: [32m'authentication_required'[39m, statusCode: [33m401[39m }
[0mPOST /api/sync/[REDACTED-ID]/devices [33m401[0m 0.180 ms - 79[0m
[ error ] API request failed { code: [32m'authentication_required'[39m, statusCode: [33m401[39m }
[0mPOST /api/sync/[REDACTED-ID]/devices [33m401[0m 0.166 ms - 79[0m
[ error ] API request failed { code: [32m'authentication_required'[39m, statusCode: [33m401[39m }
[0mPOST /api/sync/[REDACTED-ID]/devices [33m401[0m 0.242 ms - 79[0m
[ error ] API request failed { code: [32m'authentication_required'[39m, statusCode: [33m401[39m }
[0mPOST /api/sync/[REDACTED-ID]/devices [33m401[0m 0.317 ms - 79[0m
[ error ] API request failed { code: [32m'authentication_required'[39m, statusCode: [33m401[39m }
[0mPOST /api/sync/[REDACTED-ID]/devices [33m401[0m 0.173 ms - 79[0m
[ error ] API request failed { code: [32m'authentication_required'[39m, statusCode: [33m401[39m }
[0mPOST /api/sync/[REDACTED-ID]/devices [33m401[0m 0.175 ms - 79[0m
[ error ] API request failed { code: [32m'authentication_required'[39m, statusCode: [33m401[39m }
[0mPOST /api/sync/[REDACTED-ID]/devices [33m401[0m 0.161 ms - 79[0m
[ error ] API request failed { code: [32m'authentication_required'[39m, statusCode: [33m401[39m }
[0mPOST /api/sync/[REDACTED-ID]/devices [33m401[0m 0.179 ms - 79[0m
[ error ] API request failed { code: [32m'authentication_required'[39m, statusCode: [33m401[39m }
[0mPOST /api/sync/[REDACTED-ID]/devices [33m401[0m 0.150 ms - 79[0m
[ error ] API request failed { code: [32m'invalid_request'[39m, statusCode: [33m400[39m }
[ error ] API request failed { code: [32m'invalid_request'[39m, statusCode: [33m400[39m }
[ error ] API request failed { code: [32m'invalid_request'[39m, statusCode: [33m400[39m }
[ error ] API request failed { code: [32m'invalid_request'[39m, statusCode: [33m400[39m }
[ error ] API request failed { code: [32m'authentication_required'[39m, statusCode: [33m401[39m }
[0mPOST /api/sync/[REDACTED-ID]/devices [33m401[0m 0.158 ms - 79[0m
[ error ] API request failed { code: [32m'authentication_required'[39m, statusCode: [33m401[39m }
[0mPOST /api/sync/[REDACTED-ID]/devices [33m401[0m 0.178 ms - 79[0m
[ error ] API request failed { code: [32m'authentication_required'[39m, statusCode: [33m401[39m }
[0mPOST /api/sync/[REDACTED-ID]/devices [33m401[0m 0.241 ms - 79[0m
[ error ] API request failed { code: [32m'authentication_required'[39m, statusCode: [33m401[39m }
[0mPOST /api/sync/[REDACTED-ID]/devices [33m401[0m 0.199 ms - 79[0m
[ error ] API request failed { code: [32m'authentication_required'[39m, statusCode: [33m401[39m }
[0mPOST /api/sync/[REDACTED-ID]/devices [33m401[0m 0.307 ms - 79[0m
[2K[1A[2K[1A[2K[1A[2K[1A[2K[1A[2K[1A[2K [32m🕗 [0m [37mCoverage[0m

     [33m0:00:00[0m [91m━━━━━━━━━[0m[90m╺[0m[90m━━━━━━━━━━━━━━━━━━━━━━━━━━━━━━━━━━━━━━━━━━━━━━[0m 17% (2/12)

   [32m⠋[0m [33m0:00:00[0m  POST /sync/{workspaceId}/devices/recover

     ✅  2 passed[0mTRACE /api/sync/[REDACTED-ID]/devices/recover [33m405[0m 0.096 ms - 78[0m
[0mQUERY /api/sync/[REDACTED-ID]/devices/recover [33m405[0m 0.071 ms - 78[0m
[0mPUT /api/sync/[REDACTED-ID]/devices/recover [33m405[0m 0.075 ms - 78[0m
[0mPATCH /api/sync/[REDACTED-ID]/devices/recover [33m405[0m 0.104 ms - 78[0m
[0mOPTIONS /api/sync/[REDACTED-ID]/devices/recover [33m405[0m 0.085 ms - 78[0m
[0mGET /api/sync/[REDACTED-ID]/devices/recover [33m405[0m 0.071 ms - 78[0m
[0mDELETE /api/sync/[REDACTED-ID]/devices/recover [33m405[0m 0.235 ms - 78[0m
[ error ] API request failed { code: [32m'authentication_required'[39m, statusCode: [33m401[39m }
[0mPOST /api/sync/[REDACTED-MATERIAL]/devices/recover [33m401[0m 0.369 ms - 79[0m
[ error ] API request failed { code: [32m'authentication_required'[39m, statusCode: [33m401[39m }
[0mPOST /api/sync/[REDACTED-MATERIAL]/devices/recover [33m401[0m 0.168 ms - 79[0m
[ error ] API request failed { code: [32m'authentication_required'[39m, statusCode: [33m401[39m }
[0mPOST /api/sync/[REDACTED-MATERIAL]/devices/recover [33m401[0m 0.177 ms - 79[0m
[ error ] API request failed { code: [32m'authentication_required'[39m, statusCode: [33m401[39m }
[0mPOST /api/sync/00/devices/recover [33m401[0m 0.161 ms - 79[0m
[ error ] API request failed { code: [32m'authentication_required'[39m, statusCode: [33m401[39m }
[0mPOST /api/sync/0/devices/recover [33m401[0m 0.321 ms - 79[0m
[ error ] API request failed { code: [32m'authentication_required'[39m, statusCode: [33m401[39m }
[0mPOST /api/sync/[REDACTED-ID]/devices/recover [33m401[0m 0.293 ms - 79[0m
[ error ] API request failed { code: [32m'authentication_required'[39m, statusCode: [33m401[39m }
[0mPOST /api/sync/[REDACTED-ID]/devices/recover [33m401[0m 0.275 ms - 79[0m
[ error ] API request failed { code: [32m'authentication_required'[39m, statusCode: [33m401[39m }
[0mPOST /api/sync/[REDACTED-ID]/devices/recover [33m401[0m 0.326 ms - 79[0m
[ error ] API request failed { code: [32m'authentication_required'[39m, statusCode: [33m401[39m }
[0mPOST /api/sync/[REDACTED-ID]/devices/recover [33m401[0m 0.181 ms - 79[0m
[ error ] API request failed { code: [32m'authentication_required'[39m, statusCode: [33m401[39m }
[0mPOST /api/sync/[REDACTED-ID]/devices/recover [33m401[0m 0.141 ms - 79[0m
[ error ] API request failed { code: [32m'authentication_required'[39m, statusCode: [33m401[39m }
[0mPOST /api/sync/[REDACTED-ID]/devices/recover [33m401[0m 0.139 ms - 79[0m
[ error ] API request failed { code: [32m'authentication_required'[39m, statusCode: [33m401[39m }
[0mPOST /api/sync/[REDACTED-ID]/devices/recover [33m401[0m 0.133 ms - 79[0m
[ error ] API request failed { code: [32m'authentication_required'[39m, statusCode: [33m401[39m }
[0mPOST /api/sync/[REDACTED-ID]/devices/recover [33m401[0m 0.127 ms - 79[0m
[ error ] API request failed { code: [32m'authentication_required'[39m, statusCode: [33m401[39m }
[0mPOST /api/sync/[REDACTED-ID]/devices/recover [33m401[0m 0.122 ms - 79[0m
[ error ] API request failed { code: [32m'authentication_required'[39m, statusCode: [33m401[39m }
[0mPOST /api/sync/[REDACTED-ID]/devices/recover [33m401[0m 0.142 ms - 79[0m
[ error ] API request failed { code: [32m'authentication_required'[39m, statusCode: [33m401[39m }
[0mPOST /api/sync/[REDACTED-ID]/devices/recover [33m401[0m 0.133 ms - 79[0m
[ error ] API request failed { code: [32m'authentication_required'[39m, statusCode: [33m401[39m }
[0mPOST /api/sync/[REDACTED-ID]/devices/recover [33m401[0m 0.140 ms - 79[0m
[ error ] API request failed { code: [32m'authentication_required'[39m, statusCode: [33m401[39m }
[0mPOST /api/sync/[REDACTED-ID]/devices/recover [33m401[0m 0.128 ms - 79[0m
[ error ] API request failed { code: [32m'authentication_required'[39m, statusCode: [33m401[39m }
[0mPOST /api/sync/[REDACTED-ID]/devices/recover [33m401[0m 0.122 ms - 79[0m
[ error ] API request failed { code: [32m'authentication_required'[39m, statusCode: [33m401[39m }
[0mPOST /api/sync/[REDACTED-ID]/devices/recover [33m401[0m 0.132 ms - 79[0m
[ error ] API request failed { code: [32m'authentication_required'[39m, statusCode: [33m401[39m }
[0mPOST /api/sync/[REDACTED-ID]/devices/recover [33m401[0m 0.373 ms - 79[0m
[ error ] API request failed { code: [32m'authentication_required'[39m, statusCode: [33m401[39m }
[0mPOST /api/sync/[REDACTED-ID]/devices/recover [33m401[0m 0.286 ms - 79[0m
[ error ] API request failed { code: [32m'authentication_required'[39m, statusCode: [33m401[39m }
[0mPOST /api/sync/[REDACTED-ID]/devices/recover [33m401[0m 0.277 ms - 79[0m
[ error ] API request failed { code: [32m'authentication_required'[39m, statusCode: [33m401[39m }
[0mPOST /api/sync/[REDACTED-ID]/devices/recover [33m401[0m 0.319 ms - 79[0m
[ error ] API request failed { code: [32m'authentication_required'[39m, statusCode: [33m401[39m }
[0mPOST /api/sync/[REDACTED-ID]/devices/recover [33m401[0m 0.214 ms - 79[0m
[ error ] API request failed { code: [32m'authentication_required'[39m, statusCode: [33m401[39m }
[0mPOST /api/sync/[REDACTED-ID]/devices/recover [33m401[0m 0.226 ms - 79[0m
[ error ] API request failed { code: [32m'authentication_required'[39m, statusCode: [33m401[39m }
[0mPOST /api/sync/[REDACTED-ID]/devices/recover [33m401[0m 0.161 ms - 79[0m
[ error ] API request failed { code: [32m'authentication_required'[39m, statusCode: [33m401[39m }
[0mPOST /api/sync/[REDACTED-ID]/devices/recover [33m401[0m 0.299 ms - 79[0m
[ error ] API request failed { code: [32m'authentication_required'[39m, statusCode: [33m401[39m }
[0mPOST /api/sync/[REDACTED-ID]/devices/recover [33m401[0m 0.241 ms - 79[0m
[2K[1A[2K[1A[2K[1A[2K[1A[2K[1A[2K[1A[2K [32m🕘 [0m [37mCoverage[0m

     [33m0:00:01[0m [91m━━━━━━━━━[0m[90m╺[0m[90m━━━━━━━━━━━━━━━━━━━━━━━━━━━━━━━━━━━━━━━━━━━━━━[0m 17% (2/12)

   [32m⠙[0m [33m0:00:00[0m  POST /sync/{workspaceId}/devices/recover

     ✅  2 passed[ error ] API request failed { code: [32m'authentication_required'[39m, statusCode: [33m401[39m }
[0mPOST /api/sync/[REDACTED-ID]/devices/recover [33m401[0m 0.152 ms - 79[0m
[ error ] API request failed { code: [32m'authentication_required'[39m, statusCode: [33m401[39m }
[0mPOST /api/sync/[REDACTED-ID]/devices/recover [33m401[0m 0.141 ms - 79[0m
[ error ] API request failed { code: [32m'authentication_required'[39m, statusCode: [33m401[39m }
[0mPOST /api/sync/[REDACTED-ID]/devices/recover [33m401[0m 0.138 ms - 79[0m
[ error ] API request failed { code: [32m'authentication_required'[39m, statusCode: [33m401[39m }
[0mPOST /api/sync/[REDACTED-ID]/devices/recover [33m401[0m 0.157 ms - 79[0m
[ error ] API request failed { code: [32m'authentication_required'[39m, statusCode: [33m401[39m }
[0mPOST /api/sync/[REDACTED-ID]/devices/recover [33m401[0m 0.152 ms - 79[0m
[ error ] API request failed { code: [32m'authentication_required'[39m, statusCode: [33m401[39m }
[0mPOST /api/sync/[REDACTED-ID]/devices/recover [33m401[0m 0.317 ms - 79[0m
[ error ] API request failed { code: [32m'authentication_required'[39m, statusCode: [33m401[39m }
[0mPOST /api/sync/[REDACTED-ID]/devices/recover [33m401[0m 0.215 ms - 79[0m
[ error ] API request failed { code: [32m'authentication_required'[39m, statusCode: [33m401[39m }
[0mPOST /api/sync/[REDACTED-ID]/devices/recover [33m401[0m 0.364 ms - 79[0m
[ error ] API request failed { code: [32m'authentication_required'[39m, statusCode: [33m401[39m }
[0mPOST /api/sync/[REDACTED-ID]/devices/recover [33m401[0m 0.306 ms - 79[0m
[ error ] API request failed { code: [32m'authentication_required'[39m, statusCode: [33m401[39m }
[0mPOST /api/sync/[REDACTED-ID]/devices/recover [33m401[0m 0.177 ms - 79[0m
[ error ] API request failed { code: [32m'authentication_required'[39m, statusCode: [33m401[39m }
[0mPOST /api/sync/[REDACTED-ID]/devices/recover [33m401[0m 0.160 ms - 79[0m
[ error ] API request failed { code: [32m'authentication_required'[39m, statusCode: [33m401[39m }
[0mPOST /api/sync/[REDACTED-ID]/devices/recover [33m401[0m 0.151 ms - 79[0m
[ error ] API request failed { code: [32m'authentication_required'[39m, statusCode: [33m401[39m }
[0mPOST /api/sync/[REDACTED-ID]/devices/recover [33m401[0m 0.149 ms - 79[0m
[ error ] API request failed { code: [32m'authentication_required'[39m, statusCode: [33m401[39m }
[0mPOST /api/sync/[REDACTED-ID]/devices/recover [33m401[0m 0.148 ms - 79[0m
[ error ] API request failed { code: [32m'authentication_required'[39m, statusCode: [33m401[39m }
[0mPOST /api/sync/[REDACTED-ID]/devices/recover [33m401[0m 0.363 ms - 79[0m
[ error ] API request failed { code: [32m'authentication_required'[39m, statusCode: [33m401[39m }
[0mPOST /api/sync/[REDACTED-ID]/devices/recover [33m401[0m 0.322 ms - 79[0m
[ error ] API request failed { code: [32m'authentication_required'[39m, statusCode: [33m401[39m }
[0mPOST /api/sync/[REDACTED-ID]/devices/recover [33m401[0m 0.178 ms - 79[0m
[ error ] API request failed { code: [32m'authentication_required'[39m, statusCode: [33m401[39m }
[0mPOST /api/sync/[REDACTED-ID]/devices/recover [33m401[0m 0.156 ms - 79[0m
[ error ] API request failed { code: [32m'authentication_required'[39m, statusCode: [33m401[39m }
[0mPOST /api/sync/[REDACTED-ID]/devices/recover [33m401[0m 0.135 ms - 79[0m
[ error ] API request failed { code: [32m'authentication_required'[39m, statusCode: [33m401[39m }
[0mPOST /api/sync/[REDACTED-ID]/devices/recover [33m401[0m 0.153 ms - 79[0m
[ error ] API request failed { code: [32m'authentication_required'[39m, statusCode: [33m401[39m }
[0mPOST /api/sync/[REDACTED-ID]/devices/recover [33m401[0m 0.146 ms - 79[0m
[ error ] API request failed { code: [32m'authentication_required'[39m, statusCode: [33m401[39m }
[0mPOST /api/sync/[REDACTED-ID]/devices/recover [33m401[0m 0.160 ms - 79[0m
[ error ] API request failed { code: [32m'authentication_required'[39m, statusCode: [33m401[39m }
[0mPOST /api/sync/[REDACTED-ID]/devices/recover [33m401[0m 0.135 ms - 79[0m
[ error ] API request failed { code: [32m'authentication_required'[39m, statusCode: [33m401[39m }
[0mPOST /api/sync/[REDACTED-ID]/devices/recover [33m401[0m 0.135 ms - 79[0m
[ error ] API request failed { code: [32m'authentication_required'[39m, statusCode: [33m401[39m }
[0mPOST /api/sync/[REDACTED-ID]/devices/recover [33m401[0m 0.152 ms - 79[0m
[ error ] API request failed { code: [32m'authentication_required'[39m, statusCode: [33m401[39m }
[0mPOST /api/sync/[REDACTED-ID]/devices/recover [33m401[0m 0.180 ms - 79[0m
[ error ] API request failed { code: [32m'authentication_required'[39m, statusCode: [33m401[39m }
[0mPOST /api/sync/[REDACTED-ID]/devices/recover [33m401[0m 0.155 ms - 79[0m
[ error ] API request failed { code: [32m'authentication_required'[39m, statusCode: [33m401[39m }
[0mPOST /api/sync/[REDACTED-ID]/devices/recover [33m401[0m 0.149 ms - 79[0m
[ error ] API request failed { code: [32m'authentication_required'[39m, statusCode: [33m401[39m }
[0mPOST /api/sync/[REDACTED-ID]/devices/recover [33m401[0m 0.154 ms - 79[0m
[ error ] API request failed { code: [32m'authentication_required'[39m, statusCode: [33m401[39m }
[0mPOST /api/sync/[REDACTED-ID]/devices/recover [33m401[0m 0.132 ms - 79[0m
[ error ] API request failed { code: [32m'authentication_required'[39m, statusCode: [33m401[39m }
[0mPOST /api/sync/[REDACTED-ID]/devices/recover [33m401[0m 0.230 ms - 79[0m
[ error ] API request failed { code: [32m'authentication_required'[39m, statusCode: [33m401[39m }
[0mPOST /api/sync/[REDACTED-ID]/devices/recover [33m401[0m 0.205 ms - 79[0m
[ error ] API request failed { code: [32m'authentication_required'[39m, statusCode: [33m401[39m }
[0mPOST /api/sync/[REDACTED-ID]/devices/recover [33m401[0m 0.162 ms - 79[0m
[ error ] API request failed { code: [32m'authentication_required'[39m, statusCode: [33m401[39m }
[0mPOST /api/sync/[REDACTED-ID]/devices/recover [33m401[0m 0.160 ms - 79[0m
[ error ] API request failed { code: [32m'authentication_required'[39m, statusCode: [33m401[39m }
[0mPOST /api/sync/[REDACTED-ID]/devices/recover [33m401[0m 0.255 ms - 79[0m
[ error ] API request failed { code: [32m'authentication_required'[39m, statusCode: [33m401[39m }
[0mPOST /api/sync/[REDACTED-ID]/devices/recover [33m401[0m 0.213 ms - 79[0m
[ error ] API request failed { code: [32m'authentication_required'[39m, statusCode: [33m401[39m }
[0mPOST /api/sync/[REDACTED-ID]/devices/recover [33m401[0m 0.190 ms - 79[0m
[ error ] API request failed { code: [32m'authentication_required'[39m, statusCode: [33m401[39m }
[0mPOST /api/sync/[REDACTED-ID]/devices/recover [33m401[0m 0.179 ms - 79[0m
[ error ] API request failed { code: [32m'authentication_required'[39m, statusCode: [33m401[39m }
[0mPOST /api/sync/[REDACTED-ID]/devices/recover [33m401[0m 0.157 ms - 79[0m
[ error ] API request failed { code: [32m'authentication_required'[39m, statusCode: [33m401[39m }
[0mPOST /api/sync/[REDACTED-ID]/devices/recover [33m401[0m 0.164 ms - 79[0m
[ error ] API request failed { code: [32m'authentication_required'[39m, statusCode: [33m401[39m }
[0mPOST /api/sync/[REDACTED-ID]/devices/recover [33m401[0m 0.159 ms - 79[0m
[ error ] API request failed { code: [32m'authentication_required'[39m, statusCode: [33m401[39m }
[0mPOST /api/sync/[REDACTED-ID]/devices/recover [33m401[0m 0.159 ms - 79[0m
[ error ] API request failed { code: [32m'authentication_required'[39m, statusCode: [33m401[39m }
[0mPOST /api/sync/[REDACTED-ID]/devices/recover [33m401[0m 0.178 ms - 79[0m
[ error ] API request failed { code: [32m'authentication_required'[39m, statusCode: [33m401[39m }
[0mPOST /api/sync/[REDACTED-ID]/devices/recover [33m401[0m 0.156 ms - 79[0m
[ error ] API request failed { code: [32m'authentication_required'[39m, statusCode: [33m401[39m }
[0mPOST /api/sync/[REDACTED-ID]/devices/recover [33m401[0m 0.167 ms - 79[0m
[ error ] API request failed { code: [32m'authentication_required'[39m, statusCode: [33m401[39m }
[0mPOST /api/sync/[REDACTED-ID]/devices/recover [33m401[0m 0.157 ms - 79[0m
[ error ] API request failed { code: [32m'authentication_required'[39m, statusCode: [33m401[39m }
[0mPOST /api/sync/[REDACTED-ID]/devices/recover [33m401[0m 0.159 ms - 79[0m
[ error ] API request failed { code: [32m'authentication_required'[39m, statusCode: [33m401[39m }
[0mPOST /api/sync/[REDACTED-ID]/devices/recover [33m401[0m 0.202 ms - 79[0m
[ error ] API request failed { code: [32m'authentication_required'[39m, statusCode: [33m401[39m }
[0mPOST /api/sync/[REDACTED-ID]/devices/recover [33m401[0m 0.214 ms - 79[0m
[ error ] API request failed { code: [32m'authentication_required'[39m, statusCode: [33m401[39m }
[0mPOST /api/sync/[REDACTED-ID]/devices/recover [33m401[0m 0.168 ms - 79[0m
[ error ] API request failed { code: [32m'authentication_required'[39m, statusCode: [33m401[39m }
[0mPOST /api/sync/[REDACTED-ID]/devices/recover [33m401[0m 0.150 ms - 79[0m
[ error ] API request failed { code: [32m'authentication_required'[39m, statusCode: [33m401[39m }
[0mPOST /api/sync/[REDACTED-ID]/devices/recover [33m401[0m 0.154 ms - 79[0m
[ error ] API request failed { code: [32m'authentication_required'[39m, statusCode: [33m401[39m }
[0mPOST /api/sync/[REDACTED-ID]/devices/recover [33m401[0m 0.313 ms - 79[0m
[ error ] API request failed { code: [32m'authentication_required'[39m, statusCode: [33m401[39m }
[0mPOST /api/sync/[REDACTED-ID]/devices/recover [33m401[0m 0.357 ms - 79[0m
[ error ] API request failed { code: [32m'authentication_required'[39m, statusCode: [33m401[39m }
[0mPOST /api/sync/[REDACTED-ID]/devices/recover [33m401[0m 0.300 ms - 79[0m
[ error ] API request failed { code: [32m'authentication_required'[39m, statusCode: [33m401[39m }
[0mPOST /api/sync/[REDACTED-ID]/devices/recover [33m401[0m 0.292 ms - 79[0m
[ error ] API request failed { code: [32m'authentication_required'[39m, statusCode: [33m401[39m }
[0mPOST /api/sync/[REDACTED-ID]/devices/recover [33m401[0m 0.321 ms - 79[0m
[ error ] API request failed { code: [32m'authentication_required'[39m, statusCode: [33m401[39m }
[0mPOST /api/sync/[REDACTED-ID]/devices/recover [33m401[0m 0.471 ms - 79[0m
[2K[1A[2K[1A[2K[1A[2K[1A[2K[1A[2K[1A[2K [32m🕙 [0m [37mCoverage[0m

     [33m0:00:01[0m [91m━━━━━━━━━[0m[90m╺[0m[90m━━━━━━━━━━━━━━━━━━━━━━━━━━━━━━━━━━━━━━━━━━━━━━[0m 17% (2/12)

   [32m⠹[0m [33m0:00:00[0m  POST /sync/{workspaceId}/devices/recover

     ✅  2 passed[ error ] API request failed { code: [32m'authentication_required'[39m, statusCode: [33m401[39m }
[0mPOST /api/sync/[REDACTED-ID]/devices/recover [33m401[0m 0.222 ms - 79[0m
[ error ] API request failed { code: [32m'authentication_required'[39m, statusCode: [33m401[39m }
[0mPOST /api/sync/[REDACTED-ID]/devices/recover [33m401[0m 0.189 ms - 79[0m
[ error ] API request failed { code: [32m'authentication_required'[39m, statusCode: [33m401[39m }
[0mPOST /api/sync/[REDACTED-ID]/devices/recover [33m401[0m 0.348 ms - 79[0m
[ error ] API request failed { code: [32m'authentication_required'[39m, statusCode: [33m401[39m }
[0mPOST /api/sync/[REDACTED-ID]/devices/recover [33m401[0m 0.343 ms - 79[0m
[ error ] API request failed { code: [32m'authentication_required'[39m, statusCode: [33m401[39m }
[0mPOST /api/sync/[REDACTED-ID]/devices/recover [33m401[0m 0.356 ms - 79[0m
[ error ] API request failed { code: [32m'authentication_required'[39m, statusCode: [33m401[39m }
[0mPOST /api/sync/[REDACTED-ID]/devices/recover [33m401[0m 0.245 ms - 79[0m
[ error ] API request failed { code: [32m'authentication_required'[39m, statusCode: [33m401[39m }
[0mPOST /api/sync/[REDACTED-ID]/devices/recover [33m401[0m 0.189 ms - 79[0m
[ error ] API request failed { code: [32m'authentication_required'[39m, statusCode: [33m401[39m }
[0mPOST /api/sync/[REDACTED-ID]/devices/recover [33m401[0m 0.160 ms - 79[0m
[ error ] API request failed { code: [32m'authentication_required'[39m, statusCode: [33m401[39m }
[0mPOST /api/sync/[REDACTED-ID]/devices/recover [33m401[0m 0.184 ms - 79[0m
[ error ] API request failed { code: [32m'authentication_required'[39m, statusCode: [33m401[39m }
[0mPOST /api/sync/[REDACTED-ID]/devices/recover [33m401[0m 0.156 ms - 79[0m
[ error ] API request failed { code: [32m'authentication_required'[39m, statusCode: [33m401[39m }
[0mPOST /api/sync/[REDACTED-ID]/devices/recover [33m401[0m 0.212 ms - 79[0m
[ error ] API request failed { code: [32m'authentication_required'[39m, statusCode: [33m401[39m }
[0mPOST /api/sync/[REDACTED-ID]/devices/recover [33m401[0m 0.172 ms - 79[0m
[ error ] API request failed { code: [32m'authentication_required'[39m, statusCode: [33m401[39m }
[0mPOST /api/sync/[REDACTED-ID]/devices/recover [33m401[0m 0.192 ms - 79[0m
[ error ] API request failed { code: [32m'authentication_required'[39m, statusCode: [33m401[39m }
[0mPOST /api/sync/[REDACTED-ID]/devices/recover [33m401[0m 0.189 ms - 79[0m
[ error ] API request failed { code: [32m'authentication_required'[39m, statusCode: [33m401[39m }
[0mPOST /api/sync/[REDACTED-ID]/devices/recover [33m401[0m 0.158 ms - 79[0m
[ error ] API request failed { code: [32m'authentication_required'[39m, statusCode: [33m401[39m }
[0mPOST /api/sync/[REDACTED-ID]/devices/recover [33m401[0m 0.295 ms - 79[0m
[ error ] API request failed { code: [32m'authentication_required'[39m, statusCode: [33m401[39m }
[0mPOST /api/sync/[REDACTED-ID]/devices/recover [33m401[0m 0.181 ms - 79[0m
[ error ] API request failed { code: [32m'authentication_required'[39m, statusCode: [33m401[39m }
[0mPOST /api/sync/[REDACTED-ID]/devices/recover [33m401[0m 0.153 ms - 79[0m
[ error ] API request failed { code: [32m'authentication_required'[39m, statusCode: [33m401[39m }
[0mPOST /api/sync/[REDACTED-ID]/devices/recover [33m401[0m 0.153 ms - 79[0m
[ error ] API request failed { code: [32m'authentication_required'[39m, statusCode: [33m401[39m }
[0mPOST /api/sync/[REDACTED-ID]/devices/recover [33m401[0m 0.267 ms - 79[0m
[ error ] API request failed { code: [32m'authentication_required'[39m, statusCode: [33m401[39m }
[0mPOST /api/sync/[REDACTED-ID]/devices/recover [33m401[0m 0.215 ms - 79[0m
[ error ] API request failed { code: [32m'authentication_required'[39m, statusCode: [33m401[39m }
[0mPOST /api/sync/[REDACTED-ID]/devices/recover [33m401[0m 0.140 ms - 79[0m
[ error ] API request failed { code: [32m'authentication_required'[39m, statusCode: [33m401[39m }
[0mPOST /api/sync/[REDACTED-ID]/devices/recover [33m401[0m 0.211 ms - 79[0m
[ error ] API request failed { code: [32m'authentication_required'[39m, statusCode: [33m401[39m }
[0mPOST /api/sync/[REDACTED-ID]/devices/recover [33m401[0m 0.138 ms - 79[0m
[ error ] API request failed { code: [32m'authentication_required'[39m, statusCode: [33m401[39m }
[0mPOST /api/sync/[REDACTED-ID]/devices/recover [33m401[0m 0.172 ms - 79[0m
[ error ] API request failed { code: [32m'authentication_required'[39m, statusCode: [33m401[39m }
[0mPOST /api/sync/[REDACTED-ID]/devices/recover [33m401[0m 0.177 ms - 79[0m
[ error ] API request failed { code: [32m'authentication_required'[39m, statusCode: [33m401[39m }
[0mPOST /api/sync/[REDACTED-ID]/devices/recover [33m401[0m 0.152 ms - 79[0m
[ error ] API request failed { code: [32m'authentication_required'[39m, statusCode: [33m401[39m }
[0mPOST /api/sync/[REDACTED-ID]/devices/recover [33m401[0m 0.153 ms - 79[0m
[ error ] API request failed { code: [32m'authentication_required'[39m, statusCode: [33m401[39m }
[0mPOST /api/sync/[REDACTED-ID]/devices/recover [33m401[0m 0.159 ms - 79[0m
[ error ] API request failed { code: [32m'authentication_required'[39m, statusCode: [33m401[39m }
[0mPOST /api/sync/[REDACTED-ID]/devices/recover [33m401[0m 0.170 ms - 79[0m
[ error ] API request failed { code: [32m'authentication_required'[39m, statusCode: [33m401[39m }
[0mPOST /api/sync/[REDACTED-ID]/devices/recover [33m401[0m 0.132 ms - 79[0m
[ error ] API request failed { code: [32m'authentication_required'[39m, statusCode: [33m401[39m }
[0mPOST /api/sync/[REDACTED-ID]/devices/recover [33m401[0m 0.131 ms - 79[0m
[ error ] API request failed { code: [32m'authentication_required'[39m, statusCode: [33m401[39m }
[0mPOST /api/sync/[REDACTED-ID]/devices/recover [33m401[0m 0.129 ms - 79[0m
[ error ] API request failed { code: [32m'authentication_required'[39m, statusCode: [33m401[39m }
[0mPOST /api/sync/[REDACTED-ID]/devices/recover [33m401[0m 0.140 ms - 79[0m
[ error ] API request failed { code: [32m'authentication_required'[39m, statusCode: [33m401[39m }
[0mPOST /api/sync/[REDACTED-ID]/devices/recover [33m401[0m 0.132 ms - 79[0m
[ error ] API request failed { code: [32m'authentication_required'[39m, statusCode: [33m401[39m }
[0mPOST /api/sync/[REDACTED-ID]/devices/recover [33m401[0m 0.206 ms - 79[0m
[ error ] API request failed { code: [32m'authentication_required'[39m, statusCode: [33m401[39m }
[0mPOST /api/sync/[REDACTED-ID]/devices/recover [33m401[0m 0.182 ms - 79[0m
[ error ] API request failed { code: [32m'authentication_required'[39m, statusCode: [33m401[39m }
[0mPOST /api/sync/[REDACTED-ID]/devices/recover [33m401[0m 0.137 ms - 79[0m
[ error ] API request failed { code: [32m'authentication_required'[39m, statusCode: [33m401[39m }
[0mPOST /api/sync/[REDACTED-ID]/devices/recover [33m401[0m 0.146 ms - 79[0m
[ error ] API request failed { code: [32m'authentication_required'[39m, statusCode: [33m401[39m }
[0mPOST /api/sync/[REDACTED-ID]/devices/recover [33m401[0m 0.136 ms - 79[0m
[ error ] API request failed { code: [32m'authentication_required'[39m, statusCode: [33m401[39m }
[0mPOST /api/sync/[REDACTED-ID]/devices/recover [33m401[0m 0.131 ms - 79[0m
[ error ] API request failed { code: [32m'authentication_required'[39m, statusCode: [33m401[39m }
[0mPOST /api/sync/[REDACTED-ID]/devices/recover [33m401[0m 0.122 ms - 79[0m
[ error ] API request failed { code: [32m'authentication_required'[39m, statusCode: [33m401[39m }
[0mPOST /api/sync/[REDACTED-ID]/devices/recover [33m401[0m 0.150 ms - 79[0m
[ error ] API request failed { code: [32m'authentication_required'[39m, statusCode: [33m401[39m }
[0mPOST /api/sync/[REDACTED-ID]/devices/recover [33m401[0m 0.126 ms - 79[0m
[ error ] API request failed { code: [32m'authentication_required'[39m, statusCode: [33m401[39m }
[0mPOST /api/sync/[REDACTED-ID]/devices/recover [33m401[0m 0.126 ms - 79[0m
[ error ] API request failed { code: [32m'authentication_required'[39m, statusCode: [33m401[39m }
[0mPOST /api/sync/[REDACTED-ID]/devices/recover [33m401[0m 0.205 ms - 79[0m
[ error ] API request failed { code: [32m'authentication_required'[39m, statusCode: [33m401[39m }
[0mPOST /api/sync/[REDACTED-ID]/devices/recover [33m401[0m 0.153 ms - 79[0m
[ error ] API request failed { code: [32m'authentication_required'[39m, statusCode: [33m401[39m }
[0mPOST /api/sync/[REDACTED-ID]/devices/recover [33m401[0m 0.182 ms - 79[0m
[ error ] API request failed { code: [32m'authentication_required'[39m, statusCode: [33m401[39m }
[0mPOST /api/sync/[REDACTED-ID]/devices/recover [33m401[0m 0.155 ms - 79[0m
[ error ] API request failed { code: [32m'authentication_required'[39m, statusCode: [33m401[39m }
[0mPOST /api/sync/[REDACTED-ID]/devices/recover [33m401[0m 0.135 ms - 79[0m
[ error ] API request failed { code: [32m'authentication_required'[39m, statusCode: [33m401[39m }
[0mPOST /api/sync/[REDACTED-ID]/devices/recover [33m401[0m 0.128 ms - 79[0m
[ error ] API request failed { code: [32m'authentication_required'[39m, statusCode: [33m401[39m }
[0mPOST /api/sync/[REDACTED-ID]/devices/recover [33m401[0m 0.128 ms - 79[0m
[ error ] API request failed { code: [32m'authentication_required'[39m, statusCode: [33m401[39m }
[0mPOST /api/sync/[REDACTED-ID]/devices/recover [33m401[0m 0.122 ms - 79[0m
[ error ] API request failed { code: [32m'authentication_required'[39m, statusCode: [33m401[39m }
[0mPOST /api/sync/[REDACTED-ID]/devices/recover [33m401[0m 0.137 ms - 79[0m
[ error ] API request failed { code: [32m'authentication_required'[39m, statusCode: [33m401[39m }
[0mPOST /api/sync/[REDACTED-ID]/devices/recover [33m401[0m 0.173 ms - 79[0m
[ error ] API request failed { code: [32m'authentication_required'[39m, statusCode: [33m401[39m }
[0mPOST /api/sync/[REDACTED-ID]/devices/recover [33m401[0m 0.292 ms - 79[0m
[ error ] API request failed { code: [32m'authentication_required'[39m, statusCode: [33m401[39m }
[0mPOST /api/sync/[REDACTED-ID]/devices/recover [33m401[0m 0.142 ms - 79[0m
[ error ] API request failed { code: [32m'authentication_required'[39m, statusCode: [33m401[39m }
[0mPOST /api/sync/[REDACTED-ID]/devices/recover [33m401[0m 0.138 ms - 79[0m
[ error ] API request failed { code: [32m'authentication_required'[39m, statusCode: [33m401[39m }
[0mPOST /api/sync/[REDACTED-ID]/devices/recover [33m401[0m 0.135 ms - 79[0m
[ error ] API request failed { code: [32m'authentication_required'[39m, statusCode: [33m401[39m }
[0mPOST /api/sync/[REDACTED-ID]/devices/recover [33m401[0m 0.137 ms - 79[0m
[ error ] API request failed { code: [32m'authentication_required'[39m, statusCode: [33m401[39m }
[0mPOST /api/sync/[REDACTED-ID]/devices/recover [33m401[0m 0.144 ms - 79[0m
[ error ] API request failed { code: [32m'authentication_required'[39m, statusCode: [33m401[39m }
[0mPOST /api/sync/[REDACTED-ID]/devices/recover [33m401[0m 0.137 ms - 79[0m
[ error ] API request failed { code: [32m'authentication_required'[39m, statusCode: [33m401[39m }
[0mPOST /api/sync/[REDACTED-ID]/devices/recover [33m401[0m 0.136 ms - 79[0m
[ error ] API request failed { code: [32m'authentication_required'[39m, statusCode: [33m401[39m }
[0mPOST /api/sync/[REDACTED-ID]/devices/recover [33m401[0m 0.151 ms - 79[0m
[ error ] API request failed { code: [32m'authentication_required'[39m, statusCode: [33m401[39m }
[0mPOST /api/sync/[REDACTED-ID]/devices/recover [33m401[0m 0.135 ms - 79[0m
[ error ] API request failed { code: [32m'invalid_request'[39m, statusCode: [33m400[39m }
[2K[1A[2K[1A[2K[1A[2K[1A[2K[1A[2K[1A[2K [32m🕚 [0m [37mCoverage[0m

     [33m0:00:01[0m [91m━━━━━━━━━[0m[90m╺[0m[90m━━━━━━━━━━━━━━━━━━━━━━━━━━━━━━━━━━━━━━━━━━━━━━[0m 17% (2/12)

   [32m⠼[0m [33m0:00:00[0m  POST /sync/{workspaceId}/devices/recover

     ✅  2 passed[ error ] API request failed { code: [32m'invalid_request'[39m, statusCode: [33m400[39m }
[ error ] API request failed { code: [32m'invalid_request'[39m, statusCode: [33m400[39m }
[ error ] API request failed { code: [32m'invalid_request'[39m, statusCode: [33m400[39m }
[ error ] API request failed { code: [32m'authentication_required'[39m, statusCode: [33m401[39m }
[0mPOST /api/sync/[REDACTED-ID]/devices/recover [33m401[0m 0.165 ms - 79[0m
[ error ] API request failed { code: [32m'authentication_required'[39m, statusCode: [33m401[39m }
[0mPOST /api/sync/[REDACTED-ID]/devices/recover [33m401[0m 0.176 ms - 79[0m
[ error ] API request failed { code: [32m'authentication_required'[39m, statusCode: [33m401[39m }
[0mPOST /api/sync/[REDACTED-ID]/devices/recover [33m401[0m 0.170 ms - 79[0m
[ error ] API request failed { code: [32m'authentication_required'[39m, statusCode: [33m401[39m }
[0mPOST /api/sync/[REDACTED-ID]/devices/recover [33m401[0m 0.350 ms - 79[0m
[ error ] API request failed { code: [32m'authentication_required'[39m, statusCode: [33m401[39m }
[0mPOST /api/sync/[REDACTED-ID]/devices/recover [33m401[0m 0.292 ms - 79[0m
[ error ] API request failed { code: [32m'authentication_required'[39m, statusCode: [33m401[39m }
[0mPOST /api/sync/[REDACTED-ID]/devices/recover [33m401[0m 0.162 ms - 79[0m
[ error ] API request failed { code: [32m'authentication_required'[39m, statusCode: [33m401[39m }
[0mPOST /api/sync/[REDACTED-ID]/devices/recover [33m401[0m 0.143 ms - 79[0m
[ error ] API request failed { code: [32m'authentication_required'[39m, statusCode: [33m401[39m }
[0mPOST /api/sync/[REDACTED-ID]/devices/recover [33m401[0m 0.158 ms - 79[0m
[ error ] API request failed { code: [32m'authentication_required'[39m, statusCode: [33m401[39m }
[0mPOST /api/sync/[REDACTED-ID]/devices/recover [33m401[0m 0.143 ms - 79[0m
[ error ] API request failed { code: [32m'authentication_required'[39m, statusCode: [33m401[39m }
[0mPOST /api/sync/[REDACTED-ID]/devices/recover [33m401[0m 0.145 ms - 79[0m
[ error ] API request failed { code: [32m'authentication_required'[39m, statusCode: [33m401[39m }
[0mPOST /api/sync/[REDACTED-ID]/devices/recover [33m401[0m 0.148 ms - 79[0m
[ error ] API request failed { code: [32m'authentication_required'[39m, statusCode: [33m401[39m }
[0mPOST /api/sync/[REDACTED-ID]/devices/recover [33m401[0m 0.132 ms - 79[0m
[ error ] API request failed { code: [32m'authentication_required'[39m, statusCode: [33m401[39m }
[0mPOST /api/sync/[REDACTED-ID]/devices/recover [33m401[0m 0.225 ms - 79[0m
[ error ] API request failed { code: [32m'authentication_required'[39m, statusCode: [33m401[39m }
[0mPOST /api/sync/[REDACTED-ID]/devices/recover [33m401[0m 0.157 ms - 79[0m
[ error ] API request failed { code: [32m'authentication_required'[39m, statusCode: [33m401[39m }
[0mPOST /api/sync/[REDACTED-ID]/devices/recover [33m401[0m 0.134 ms - 79[0m
[ error ] API request failed { code: [32m'authentication_required'[39m, statusCode: [33m401[39m }
[0mPOST /api/sync/[REDACTED-ID]/devices/recover [33m401[0m 0.143 ms - 79[0m
[ error ] API request failed { code: [32m'authentication_required'[39m, statusCode: [33m401[39m }
[0mPOST /api/sync/[REDACTED-ID]/devices/recover [33m401[0m 0.121 ms - 79[0m
[ error ] API request failed { code: [32m'authentication_required'[39m, statusCode: [33m401[39m }
[0mPOST /api/sync/[REDACTED-ID]/devices/recover [33m401[0m 0.143 ms - 79[0m
[ error ] API request failed { code: [32m'authentication_required'[39m, statusCode: [33m401[39m }
[0mPOST /api/sync/[REDACTED-ID]/devices/recover [33m401[0m 0.120 ms - 79[0m
[ error ] API request failed { code: [32m'authentication_required'[39m, statusCode: [33m401[39m }
[0mPOST /api/sync/[REDACTED-ID]/devices/recover [33m401[0m 0.351 ms - 79[0m
[ error ] API request failed { code: [32m'authentication_required'[39m, statusCode: [33m401[39m }
[0mPOST /api/sync/[REDACTED-ID]/devices/recover [33m401[0m 0.344 ms - 79[0m
[ error ] API request failed { code: [32m'authentication_required'[39m, statusCode: [33m401[39m }
[0mPOST /api/sync/[REDACTED-ID]/devices/recover [33m401[0m 0.303 ms - 79[0m
[ error ] API request failed { code: [32m'authentication_required'[39m, statusCode: [33m401[39m }
[0mPOST /api/sync/[REDACTED-ID]/devices/recover [33m401[0m 0.209 ms - 79[0m
[ error ] API request failed { code: [32m'authentication_required'[39m, statusCode: [33m401[39m }
[0mPOST /api/sync/[REDACTED-ID]/devices/recover [33m401[0m 0.134 ms - 79[0m
[ error ] API request failed { code: [32m'authentication_required'[39m, statusCode: [33m401[39m }
[0mPOST /api/sync/[REDACTED-ID]/devices/recover [33m401[0m 0.134 ms - 79[0m
[ error ] API request failed { code: [32m'authentication_required'[39m, statusCode: [33m401[39m }
[0mPOST /api/sync/[REDACTED-ID]/devices/recover [33m401[0m 0.141 ms - 79[0m
[ error ] API request failed { code: [32m'authentication_required'[39m, statusCode: [33m401[39m }
[0mPOST /api/sync/[REDACTED-ID]/devices/recover [33m401[0m 0.131 ms - 79[0m
[ error ] API request failed { code: [32m'authentication_required'[39m, statusCode: [33m401[39m }
[0mPOST /api/sync/[REDACTED-ID]/devices/recover [33m401[0m 0.155 ms - 79[0m
[2K[1A[2K[1A[2K[1A[2K[1A[2K[1A[2K[1A[2K [32m🕛 [0m [37mCoverage[0m

     [33m0:00:01[0m [91m━━━━━━━━━━━━━━[0m[90m╺[0m[90m━━━━━━━━━━━━━━━━━━━━━━━━━━━━━━━━━━━━━━━━━[0m 25% (3/12)

   [32m⠴[0m [33m0:00:00[0m  POST /sync/{workspaceId}/devices/{deviceId}/approval

     ✅  3 passed[2K[1A[2K[1A[2K[1A[2K[1A[2K[1A[2K[1A[2K [32m🕐 [0m [37mCoverage[0m

     [33m0:00:01[0m [91m━━━━━━━━━━━━━━[0m[90m╺[0m[90m━━━━━━━━━━━━━━━━━━━━━━━━━━━━━━━━━━━━━━━━━[0m 25% (3/12)

   [32m⠦[0m [33m0:00:00[0m  POST /sync/{workspaceId}/devices/{deviceId}/approval

     ✅  3 passed[2K[1A[2K[1A[2K[1A[2K[1A[2K[1A[2K[1A[2K [32m🕑 [0m [37mCoverage[0m

     [33m0:00:01[0m [91m━━━━━━━━━━━━━━[0m[90m╺[0m[90m━━━━━━━━━━━━━━━━━━━━━━━━━━━━━━━━━━━━━━━━━[0m 25% (3/12)

   [32m⠇[0m [33m0:00:00[0m  POST /sync/{workspaceId}/devices/{deviceId}/approval

     ✅  3 passed[0mTRACE /api/sync/[REDACTED-ID]/devices/[REDACTED]/approval [33m405[0m 0.099 ms - 78[0m
[0mQUERY /api/sync/[REDACTED-ID]/devices/[REDACTED]/approval [33m405[0m 0.097 ms - 78[0m
[0mPUT /api/sync/[REDACTED-ID]/devices/[REDACTED]/approval [33m405[0m 0.073 ms - 78[0m
[0mPATCH /api/sync/[REDACTED-ID]/devices/[REDACTED]/approval [33m405[0m 0.067 ms - 78[0m
[0mOPTIONS /api/sync/[REDACTED-ID]/devices/[REDACTED]/approval [33m405[0m 0.057 ms - 78[0m
[0mGET /api/sync/[REDACTED-ID]/devices/[REDACTED]/approval [33m405[0m 0.054 ms - 78[0m
[0mDELETE /api/sync/[REDACTED-ID]/devices/[REDACTED]/approval [33m405[0m 0.074 ms - 78[0m
[ error ] API request failed { code: [32m'authentication_required'[39m, statusCode: [33m401[39m }
[0mPOST /api/sync/[REDACTED-ID]/devices/[REDACTED-MATERIAL]/approval [33m401[0m 0.189 ms - 79[0m
[ error ] API request failed { code: [32m'authentication_required'[39m, statusCode: [33m401[39m }
[0mPOST /api/sync/[REDACTED-ID]/devices/[REDACTED-MATERIAL]/approval [33m401[0m 0.173 ms - 79[0m
[ error ] API request failed { code: [32m'authentication_required'[39m, statusCode: [33m401[39m }
[0mPOST /api/sync/[REDACTED-ID]/devices/[REDACTED-MATERIAL]/approval [33m401[0m 0.161 ms - 79[0m
[ error ] API request failed { code: [32m'authentication_required'[39m, statusCode: [33m401[39m }
[0mPOST /api/sync/[REDACTED-ID]/devices/00/approval [33m401[0m 0.173 ms - 79[0m
[ error ] API request failed { code: [32m'authentication_required'[39m, statusCode: [33m401[39m }
[0mPOST /api/sync/[REDACTED-ID]/devices/0/approval [33m401[0m 0.216 ms - 79[0m
[ error ] API request failed { code: [32m'authentication_required'[39m, statusCode: [33m401[39m }
[0mPOST /api/sync/[REDACTED-MATERIAL]/devices/[REDACTED]/approval [33m401[0m 0.219 ms - 79[0m
[ error ] API request failed { code: [32m'authentication_required'[39m, statusCode: [33m401[39m }
[0mPOST /api/sync/[REDACTED-MATERIAL]/devices/[REDACTED]/approval [33m401[0m 0.147 ms - 79[0m
[ error ] API request failed { code: [32m'authentication_required'[39m, statusCode: [33m401[39m }
[0mPOST /api/sync/[REDACTED-MATERIAL]/devices/[REDACTED]/approval [33m401[0m 0.194 ms - 79[0m
[ error ] API request failed { code: [32m'authentication_required'[39m, statusCode: [33m401[39m }
[0mPOST /api/sync/00/devices/[REDACTED]/approval [33m401[0m 0.137 ms - 79[0m
[ error ] API request failed { code: [32m'authentication_required'[39m, statusCode: [33m401[39m }
[0mPOST /api/sync/0/devices/[REDACTED]/approval [33m401[0m 0.128 ms - 79[0m
[ error ] API request failed { code: [32m'authentication_required'[39m, statusCode: [33m401[39m }
[0mPOST /api/sync/[REDACTED-ID]/devices/[REDACTED]/approval [33m401[0m 0.120 ms - 79[0m
[ error ] API request failed { code: [32m'authentication_required'[39m, statusCode: [33m401[39m }
[0mPOST /api/sync/[REDACTED-ID]/devices/[REDACTED]/approval [33m401[0m 0.117 ms - 79[0m
[ error ] API request failed { code: [32m'authentication_required'[39m, statusCode: [33m401[39m }
[0mPOST /api/sync/[REDACTED-ID]/devices/[REDACTED]/approval [33m401[0m 0.120 ms - 79[0m
[ error ] API request failed { code: [32m'authentication_required'[39m, statusCode: [33m401[39m }
[0mPOST /api/sync/[REDACTED-ID]/devices/[REDACTED]/approval [33m401[0m 0.135 ms - 79[0m
[ error ] API request failed { code: [32m'authentication_required'[39m, statusCode: [33m401[39m }
[0mPOST /api/sync/[REDACTED-ID]/devices/[REDACTED]/approval [33m401[0m 0.152 ms - 79[0m
[ error ] API request failed { code: [32m'authentication_required'[39m, statusCode: [33m401[39m }
[0mPOST /api/sync/[REDACTED-ID]/devices/[REDACTED]/approval [33m401[0m 0.134 ms - 79[0m
[ error ] API request failed { code: [32m'authentication_required'[39m, statusCode: [33m401[39m }
[0mPOST /api/sync/[REDACTED-ID]/devices/[REDACTED]/approval [33m401[0m 0.140 ms - 79[0m
[ error ] API request failed { code: [32m'authentication_required'[39m, statusCode: [33m401[39m }
[0mPOST /api/sync/[REDACTED-ID]/devices/[REDACTED]/approval [33m401[0m 0.125 ms - 79[0m
[ error ] API request failed { code: [32m'invalid_request'[39m, statusCode: [33m400[39m }
[ error ] API request failed { code: [32m'invalid_request'[39m, statusCode: [33m400[39m }
[ error ] API request failed { code: [32m'invalid_request'[39m, statusCode: [33m400[39m }
[ error ] API request failed { code: [32m'invalid_request'[39m, statusCode: [33m400[39m }
[ error ] API request failed { code: [32m'authentication_required'[39m, statusCode: [33m401[39m }
[0mPOST /api/sync/[REDACTED-ID]/devices/[REDACTED]/approval [33m401[0m 0.299 ms - 79[0m
[ error ] API request failed { code: [32m'authentication_required'[39m, statusCode: [33m401[39m }
[0mPOST /api/sync/[REDACTED-ID]/devices/[REDACTED]/approval [33m401[0m 0.195 ms - 79[0m
[2K[1A[2K[1A[2K[1A[2K[1A[2K[1A[2K[1A[2K [32m🕒 [0m [37mCoverage[0m

     [33m0:00:01[0m [91m━━━━━━━━━━━━━━━━━━[0m[91m╸[0m[90m━━━━━━━━━━━━━━━━━━━━━━━━━━━━━━━━━━━━━[0m 33% (4/12)

   [32m⠏[0m [33m0:00:00[0m  POST /sync/{workspaceId}/devices/{deviceId}/enroll

     ✅  4 passed[0mTRACE /api/sync/[REDACTED-ID]/devices/[REDACTED]/enroll [33m405[0m 0.095 ms - 78[0m
[0mQUERY /api/sync/[REDACTED-ID]/devices/[REDACTED]/enroll [33m405[0m 0.069 ms - 78[0m
[0mPUT /api/sync/[REDACTED-ID]/devices/[REDACTED]/enroll [33m405[0m 0.084 ms - 78[0m
[0mPATCH /api/sync/[REDACTED-ID]/devices/[REDACTED]/enroll [33m405[0m 0.126 ms - 78[0m
[0mOPTIONS /api/sync/[REDACTED-ID]/devices/[REDACTED]/enroll [33m405[0m 0.085 ms - 78[0m
[0mGET /api/sync/[REDACTED-ID]/devices/[REDACTED]/enroll [33m405[0m 0.079 ms - 78[0m
[0mDELETE /api/sync/[REDACTED-ID]/devices/[REDACTED]/enroll [33m405[0m 0.090 ms - 78[0m
[ error ] API request failed { code: [32m'authentication_required'[39m, statusCode: [33m401[39m }
[0mPOST /api/sync/[REDACTED-ID]/devices/[REDACTED-MATERIAL]/enroll [33m401[0m 0.185 ms - 79[0m
[ error ] API request failed { code: [32m'authentication_required'[39m, statusCode: [33m401[39m }
[0mPOST /api/sync/[REDACTED-ID]/devices/[REDACTED-MATERIAL]/enroll [33m401[0m 0.193 ms - 79[0m
[ error ] API request failed { code: [32m'authentication_required'[39m, statusCode: [33m401[39m }
[0mPOST /api/sync/[REDACTED-ID]/devices/[REDACTED-MATERIAL]/enroll [33m401[0m 0.198 ms - 79[0m
[ error ] API request failed { code: [32m'authentication_required'[39m, statusCode: [33m401[39m }
[0mPOST /api/sync/[REDACTED-ID]/devices/00/enroll [33m401[0m 0.197 ms - 79[0m
[ error ] API request failed { code: [32m'authentication_required'[39m, statusCode: [33m401[39m }
[0mPOST /api/sync/[REDACTED-ID]/devices/0/enroll [33m401[0m 0.176 ms - 79[0m
[ error ] API request failed { code: [32m'authentication_required'[39m, statusCode: [33m401[39m }
[0mPOST /api/sync/[REDACTED-MATERIAL]/devices/[REDACTED]/enroll [33m401[0m 0.445 ms - 79[0m
[ error ] API request failed { code: [32m'authentication_required'[39m, statusCode: [33m401[39m }
[0mPOST /api/sync/[REDACTED-MATERIAL]/devices/[REDACTED]/enroll [33m401[0m 0.122 ms - 79[0m
[ error ] API request failed { code: [32m'authentication_required'[39m, statusCode: [33m401[39m }
[0mPOST /api/sync/[REDACTED-MATERIAL]/devices/[REDACTED]/enroll [33m401[0m 0.125 ms - 79[0m
[ error ] API request failed { code: [32m'authentication_required'[39m, statusCode: [33m401[39m }
[0mPOST /api/sync/00/devices/[REDACTED]/enroll [33m401[0m 0.175 ms - 79[0m
[ error ] API request failed { code: [32m'authentication_required'[39m, statusCode: [33m401[39m }
[0mPOST /api/sync/0/devices/[REDACTED]/enroll [33m401[0m 0.162 ms - 79[0m
[ error ] API request failed { code: [32m'authentication_required'[39m, statusCode: [33m401[39m }
[0mPOST /api/sync/[REDACTED-ID]/devices/[REDACTED]/enroll [33m401[0m 0.167 ms - 79[0m
[ error ] API request failed { code: [32m'authentication_required'[39m, statusCode: [33m401[39m }
[0mPOST /api/sync/[REDACTED-ID]/devices/[REDACTED]/enroll [33m401[0m 0.186 ms - 79[0m
[ error ] API request failed { code: [32m'authentication_required'[39m, statusCode: [33m401[39m }
[0mPOST /api/sync/[REDACTED-ID]/devices/[REDACTED]/enroll [33m401[0m 0.216 ms - 79[0m
[ error ] API request failed { code: [32m'authentication_required'[39m, statusCode: [33m401[39m }
[0mPOST /api/sync/[REDACTED-ID]/devices/[REDACTED]/enroll [33m401[0m 0.259 ms - 79[0m
[ error ] API request failed { code: [32m'authentication_required'[39m, statusCode: [33m401[39m }
[0mPOST /api/sync/[REDACTED-ID]/devices/[REDACTED]/enroll [33m401[0m 0.234 ms - 79[0m
[ error ] API request failed { code: [32m'authentication_required'[39m, statusCode: [33m401[39m }
[0mPOST /api/sync/[REDACTED-ID]/devices/[REDACTED]/enroll [33m401[0m 0.182 ms - 79[0m
[ error ] API request failed { code: [32m'authentication_required'[39m, statusCode: [33m401[39m }
[0mPOST /api/sync/[REDACTED-ID]/devices/[REDACTED]/enroll [33m401[0m 0.149 ms - 79[0m
[ error ] API request failed { code: [32m'authentication_required'[39m, statusCode: [33m401[39m }
[0mPOST /api/sync/[REDACTED-ID]/devices/[REDACTED]/enroll [33m401[0m 0.134 ms - 79[0m
[ error ] API request failed { code: [32m'authentication_required'[39m, statusCode: [33m401[39m }
[0mPOST /api/sync/[REDACTED-ID]/devices/[REDACTED]/enroll [33m401[0m 0.162 ms - 79[0m
[ error ] API request failed { code: [32m'authentication_required'[39m, statusCode: [33m401[39m }
[0mPOST /api/sync/[REDACTED-ID]/devices/[REDACTED]/enroll [33m401[0m 0.136 ms - 79[0m
[ error ] API request failed { code: [32m'authentication_required'[39m, statusCode: [33m401[39m }
[0mPOST /api/sync/[REDACTED-ID]/devices/[REDACTED]/enroll [33m401[0m 0.132 ms - 79[0m
[ error ] API request failed { code: [32m'authentication_required'[39m, statusCode: [33m401[39m }
[0mPOST /api/sync/[REDACTED-ID]/devices/[REDACTED]/enroll [33m401[0m 0.138 ms - 79[0m
[ error ] API request failed { code: [32m'authentication_required'[39m, statusCode: [33m401[39m }
[0mPOST /api/sync/[REDACTED-ID]/devices/[REDACTED]/enroll [33m401[0m 0.179 ms - 79[0m
[ error ] API request failed { code: [32m'authentication_required'[39m, statusCode: [33m401[39m }
[0mPOST /api/sync/[REDACTED-ID]/devices/[REDACTED]/enroll [33m401[0m 0.231 ms - 79[0m
[ error ] API request failed { code: [32m'authentication_required'[39m, statusCode: [33m401[39m }
[0mPOST /api/sync/[REDACTED-ID]/devices/[REDACTED]/enroll [33m401[0m 0.174 ms - 79[0m
[ error ] API request failed { code: [32m'authentication_required'[39m, statusCode: [33m401[39m }
[0mPOST /api/sync/[REDACTED-ID]/devices/[REDACTED]/enroll [33m401[0m 0.137 ms - 79[0m
[ error ] API request failed { code: [32m'authentication_required'[39m, statusCode: [33m401[39m }
[0mPOST /api/sync/[REDACTED-ID]/devices/[REDACTED]/enroll [33m401[0m 0.138 ms - 79[0m
[ error ] API request failed { code: [32m'authentication_required'[39m, statusCode: [33m401[39m }
[0mPOST /api/sync/[REDACTED-ID]/devices/[REDACTED]/enroll [33m401[0m 0.133 ms - 79[0m
[ error ] API request failed { code: [32m'authentication_required'[39m, statusCode: [33m401[39m }
[0mPOST /api/sync/[REDACTED-ID]/devices/[REDACTED]/enroll [33m401[0m 0.131 ms - 79[0m
[ error ] API request failed { code: [32m'authentication_required'[39m, statusCode: [33m401[39m }
[0mPOST /api/sync/[REDACTED-ID]/devices/[REDACTED]/enroll [33m401[0m 0.131 ms - 79[0m
[ error ] API request failed { code: [32m'authentication_required'[39m, statusCode: [33m401[39m }
[0mPOST /api/sync/[REDACTED-ID]/devices/[REDACTED]/enroll [33m401[0m 0.144 ms - 79[0m
[ error ] API request failed { code: [32m'authentication_required'[39m, statusCode: [33m401[39m }
[0mPOST /api/sync/[REDACTED-ID]/devices/[REDACTED]/enroll [33m401[0m 0.162 ms - 79[0m
[ error ] API request failed { code: [32m'authentication_required'[39m, statusCode: [33m401[39m }
[0mPOST /api/sync/[REDACTED-ID]/devices/[REDACTED]/enroll [33m401[0m 0.172 ms - 79[0m
[ error ] API request failed { code: [32m'authentication_required'[39m, statusCode: [33m401[39m }
[0mPOST /api/sync/[REDACTED-ID]/devices/[REDACTED]/enroll [33m401[0m 0.146 ms - 79[0m
[ error ] API request failed { code: [32m'authentication_required'[39m, statusCode: [33m401[39m }
[0mPOST /api/sync/[REDACTED-ID]/devices/[REDACTED]/enroll [33m401[0m 0.155 ms - 79[0m
[ error ] API request failed { code: [32m'authentication_required'[39m, statusCode: [33m401[39m }
[0mPOST /api/sync/[REDACTED-ID]/devices/[REDACTED]/enroll [33m401[0m 0.134 ms - 79[0m
[ error ] API request failed { code: [32m'authentication_required'[39m, statusCode: [33m401[39m }
[0mPOST /api/sync/[REDACTED-ID]/devices/[REDACTED]/enroll [33m401[0m 0.133 ms - 79[0m
[ error ] API request failed { code: [32m'authentication_required'[39m, statusCode: [33m401[39m }
[0mPOST /api/sync/[REDACTED-ID]/devices/[REDACTED]/enroll [33m401[0m 0.131 ms - 79[0m
[ error ] API request failed { code: [32m'authentication_required'[39m, statusCode: [33m401[39m }
[0mPOST /api/sync/[REDACTED-ID]/devices/[REDACTED]/enroll [33m401[0m 0.145 ms - 79[0m
[ error ] API request failed { code: [32m'authentication_required'[39m, statusCode: [33m401[39m }
[0mPOST /api/sync/[REDACTED-ID]/devices/[REDACTED]/enroll [33m401[0m 0.147 ms - 79[0m
[ error ] API request failed { code: [32m'authentication_required'[39m, statusCode: [33m401[39m }
[0mPOST /api/sync/[REDACTED-ID]/devices/[REDACTED]/enroll [33m401[0m 0.193 ms - 79[0m
[ error ] API request failed { code: [32m'authentication_required'[39m, statusCode: [33m401[39m }
[0mPOST /api/sync/[REDACTED-ID]/devices/[REDACTED]/enroll [33m401[0m 0.385 ms - 79[0m
[ error ] API request failed { code: [32m'authentication_required'[39m, statusCode: [33m401[39m }
[0mPOST /api/sync/[REDACTED-ID]/devices/[REDACTED]/enroll [33m401[0m 0.150 ms - 79[0m
[2K[1A[2K[1A[2K[1A[2K[1A[2K[1A[2K[1A[2K [32m🕓 [0m [37mCoverage[0m

     [33m0:00:01[0m [91m━━━━━━━━━━━━━━━━━━[0m[91m╸[0m[90m━━━━━━━━━━━━━━━━━━━━━━━━━━━━━━━━━━━━━[0m 33% (4/12)

   [32m⠋[0m [33m0:00:00[0m  POST /sync/{workspaceId}/devices/{deviceId}/enroll

     ✅  4 passed[ error ] API request failed { code: [32m'authentication_required'[39m, statusCode: [33m401[39m }
[0mPOST /api/sync/[REDACTED-ID]/devices/[REDACTED]/enroll [33m401[0m 0.165 ms - 79[0m
[ error ] API request failed { code: [32m'authentication_required'[39m, statusCode: [33m401[39m }
[0mPOST /api/sync/[REDACTED-ID]/devices/[REDACTED]/enroll [33m401[0m 0.155 ms - 79[0m
[ error ] API request failed { code: [32m'authentication_required'[39m, statusCode: [33m401[39m }
[0mPOST /api/sync/[REDACTED-ID]/devices/[REDACTED]/enroll [33m401[0m 0.141 ms - 79[0m
[ error ] API request failed { code: [32m'authentication_required'[39m, statusCode: [33m401[39m }
[0mPOST /api/sync/[REDACTED-ID]/devices/[REDACTED]/enroll [33m401[0m 0.152 ms - 79[0m
[ error ] API request failed { code: [32m'authentication_required'[39m, statusCode: [33m401[39m }
[0mPOST /api/sync/[REDACTED-ID]/devices/[REDACTED]/enroll [33m401[0m 0.152 ms - 79[0m
[ error ] API request failed { code: [32m'authentication_required'[39m, statusCode: [33m401[39m }
[0mPOST /api/sync/[REDACTED-ID]/devices/[REDACTED]/enroll [33m401[0m 0.403 ms - 79[0m
[ error ] API request failed { code: [32m'authentication_required'[39m, statusCode: [33m401[39m }
[0mPOST /api/sync/[REDACTED-ID]/devices/[REDACTED]/enroll [33m401[0m 0.140 ms - 79[0m
[ error ] API request failed { code: [32m'authentication_required'[39m, statusCode: [33m401[39m }
[0mPOST /api/sync/[REDACTED-ID]/devices/[REDACTED]/enroll [33m401[0m 0.129 ms - 79[0m
[ error ] API request failed { code: [32m'authentication_required'[39m, statusCode: [33m401[39m }
[0mPOST /api/sync/[REDACTED-ID]/devices/[REDACTED]/enroll [33m401[0m 0.131 ms - 79[0m
[ error ] API request failed { code: [32m'authentication_required'[39m, statusCode: [33m401[39m }
[0mPOST /api/sync/[REDACTED-ID]/devices/[REDACTED]/enroll [33m401[0m 0.133 ms - 79[0m
[ error ] API request failed { code: [32m'authentication_required'[39m, statusCode: [33m401[39m }
[0mPOST /api/sync/[REDACTED-ID]/devices/[REDACTED]/enroll [33m401[0m 0.129 ms - 79[0m
[ error ] API request failed { code: [32m'authentication_required'[39m, statusCode: [33m401[39m }
[0mPOST /api/sync/[REDACTED-ID]/devices/[REDACTED]/enroll [33m401[0m 0.143 ms - 79[0m
[ error ] API request failed { code: [32m'authentication_required'[39m, statusCode: [33m401[39m }
[0mPOST /api/sync/[REDACTED-ID]/devices/[REDACTED]/enroll [33m401[0m 0.169 ms - 79[0m
[ error ] API request failed { code: [32m'authentication_required'[39m, statusCode: [33m401[39m }
[0mPOST /api/sync/[REDACTED-ID]/devices/[REDACTED]/enroll [33m401[0m 0.196 ms - 79[0m
[ error ] API request failed { code: [32m'authentication_required'[39m, statusCode: [33m401[39m }
[0mPOST /api/sync/[REDACTED-ID]/devices/[REDACTED]/enroll [33m401[0m 0.212 ms - 79[0m
[ error ] API request failed { code: [32m'authentication_required'[39m, statusCode: [33m401[39m }
[0mPOST /api/sync/[REDACTED-ID]/devices/[REDACTED]/enroll [33m401[0m 0.157 ms - 79[0m
[ error ] API request failed { code: [32m'authentication_required'[39m, statusCode: [33m401[39m }
[0mPOST /api/sync/[REDACTED-ID]/devices/[REDACTED]/enroll [33m401[0m 0.179 ms - 79[0m
[ error ] API request failed { code: [32m'authentication_required'[39m, statusCode: [33m401[39m }
[0mPOST /api/sync/[REDACTED-ID]/devices/[REDACTED]/enroll [33m401[0m 0.209 ms - 79[0m
[ error ] API request failed { code: [32m'authentication_required'[39m, statusCode: [33m401[39m }
[0mPOST /api/sync/[REDACTED-ID]/devices/[REDACTED]/enroll [33m401[0m 0.187 ms - 79[0m
[ error ] API request failed { code: [32m'authentication_required'[39m, statusCode: [33m401[39m }
[0mPOST /api/sync/[REDACTED-ID]/devices/[REDACTED]/enroll [33m401[0m 0.174 ms - 79[0m
[ error ] API request failed { code: [32m'authentication_required'[39m, statusCode: [33m401[39m }
[0mPOST /api/sync/[REDACTED-ID]/devices/[REDACTED]/enroll [33m401[0m 0.158 ms - 79[0m
[ error ] API request failed { code: [32m'authentication_required'[39m, statusCode: [33m401[39m }
[0mPOST /api/sync/[REDACTED-ID]/devices/[REDACTED]/enroll [33m401[0m 0.138 ms - 79[0m
[ error ] API request failed { code: [32m'authentication_required'[39m, statusCode: [33m401[39m }
[0mPOST /api/sync/[REDACTED-ID]/devices/[REDACTED]/enroll [33m401[0m 0.151 ms - 79[0m
[ error ] API request failed { code: [32m'authentication_required'[39m, statusCode: [33m401[39m }
[0mPOST /api/sync/[REDACTED-ID]/devices/[REDACTED]/enroll [33m401[0m 0.137 ms - 79[0m
[ error ] API request failed { code: [32m'authentication_required'[39m, statusCode: [33m401[39m }
[0mPOST /api/sync/[REDACTED-ID]/devices/[REDACTED]/enroll [33m401[0m 0.144 ms - 79[0m
[ error ] API request failed { code: [32m'authentication_required'[39m, statusCode: [33m401[39m }
[0mPOST /api/sync/[REDACTED-ID]/devices/[REDACTED]/enroll [33m401[0m 0.131 ms - 79[0m
[ error ] API request failed { code: [32m'authentication_required'[39m, statusCode: [33m401[39m }
[0mPOST /api/sync/[REDACTED-ID]/devices/[REDACTED]/enroll [33m401[0m 0.111 ms - 79[0m
[ error ] API request failed { code: [32m'authentication_required'[39m, statusCode: [33m401[39m }
[0mPOST /api/sync/[REDACTED-ID]/devices/[REDACTED]/enroll [33m401[0m 0.115 ms - 79[0m
[ error ] API request failed { code: [32m'authentication_required'[39m, statusCode: [33m401[39m }
[0mPOST /api/sync/[REDACTED-ID]/devices/[REDACTED]/enroll [33m401[0m 0.169 ms - 79[0m
[ error ] API request failed { code: [32m'authentication_required'[39m, statusCode: [33m401[39m }
[0mPOST /api/sync/[REDACTED-ID]/devices/[REDACTED]/enroll [33m401[0m 0.120 ms - 79[0m
[ error ] API request failed { code: [32m'authentication_required'[39m, statusCode: [33m401[39m }
[0mPOST /api/sync/[REDACTED-ID]/devices/[REDACTED]/enroll [33m401[0m 0.120 ms - 79[0m
[ error ] API request failed { code: [32m'authentication_required'[39m, statusCode: [33m401[39m }
[0mPOST /api/sync/[REDACTED-ID]/devices/[REDACTED]/enroll [33m401[0m 0.115 ms - 79[0m
[ error ] API request failed { code: [32m'authentication_required'[39m, statusCode: [33m401[39m }
[0mPOST /api/sync/[REDACTED-ID]/devices/[REDACTED]/enroll [33m401[0m 0.115 ms - 79[0m
[ error ] API request failed { code: [32m'authentication_required'[39m, statusCode: [33m401[39m }
[0mPOST /api/sync/[REDACTED-ID]/devices/[REDACTED]/enroll [33m401[0m 0.151 ms - 79[0m
[ error ] API request failed { code: [32m'authentication_required'[39m, statusCode: [33m401[39m }
[0mPOST /api/sync/[REDACTED-ID]/devices/[REDACTED]/enroll [33m401[0m 0.288 ms - 79[0m
[ error ] API request failed { code: [32m'authentication_required'[39m, statusCode: [33m401[39m }
[0mPOST /api/sync/[REDACTED-ID]/devices/[REDACTED]/enroll [33m401[0m 0.142 ms - 79[0m
[ error ] API request failed { code: [32m'authentication_required'[39m, statusCode: [33m401[39m }
[0mPOST /api/sync/[REDACTED-ID]/devices/[REDACTED]/enroll [33m401[0m 0.120 ms - 79[0m
[ error ] API request failed { code: [32m'authentication_required'[39m, statusCode: [33m401[39m }
[0mPOST /api/sync/[REDACTED-ID]/devices/[REDACTED]/enroll [33m401[0m 0.112 ms - 79[0m
[ error ] API request failed { code: [32m'authentication_required'[39m, statusCode: [33m401[39m }
[0mPOST /api/sync/[REDACTED-ID]/devices/[REDACTED]/enroll [33m401[0m 0.109 ms - 79[0m
[ error ] API request failed { code: [32m'authentication_required'[39m, statusCode: [33m401[39m }
[0mPOST /api/sync/[REDACTED-ID]/devices/[REDACTED]/enroll [33m401[0m 0.128 ms - 79[0m
[ error ] API request failed { code: [32m'authentication_required'[39m, statusCode: [33m401[39m }
[0mPOST /api/sync/[REDACTED-ID]/devices/[REDACTED]/enroll [33m401[0m 0.105 ms - 79[0m
[ error ] API request failed { code: [32m'authentication_required'[39m, statusCode: [33m401[39m }
[0mPOST /api/sync/[REDACTED-ID]/devices/[REDACTED]/enroll [33m401[0m 0.103 ms - 79[0m
[ error ] API request failed { code: [32m'authentication_required'[39m, statusCode: [33m401[39m }
[0mPOST /api/sync/[REDACTED-ID]/devices/[REDACTED]/enroll [33m401[0m 0.111 ms - 79[0m
[ error ] API request failed { code: [32m'authentication_required'[39m, statusCode: [33m401[39m }
[0mPOST /api/sync/[REDACTED-ID]/devices/[REDACTED]/enroll [33m401[0m 0.108 ms - 79[0m
[ error ] API request failed { code: [32m'authentication_required'[39m, statusCode: [33m401[39m }
[0mPOST /api/sync/[REDACTED-ID]/devices/[REDACTED]/enroll [33m401[0m 0.120 ms - 79[0m
[ error ] API request failed { code: [32m'authentication_required'[39m, statusCode: [33m401[39m }
[0mPOST /api/sync/[REDACTED-ID]/devices/[REDACTED]/enroll [33m401[0m 0.120 ms - 79[0m
[ error ] API request failed { code: [32m'authentication_required'[39m, statusCode: [33m401[39m }
[0mPOST /api/sync/[REDACTED-ID]/devices/[REDACTED]/enroll [33m401[0m 0.108 ms - 79[0m
[ error ] API request failed { code: [32m'authentication_required'[39m, statusCode: [33m401[39m }
[0mPOST /api/sync/[REDACTED-ID]/devices/[REDACTED]/enroll [33m401[0m 0.109 ms - 79[0m
[ error ] API request failed { code: [32m'authentication_required'[39m, statusCode: [33m401[39m }
[0mPOST /api/sync/[REDACTED-ID]/devices/[REDACTED]/enroll [33m401[0m 0.113 ms - 79[0m
[ error ] API request failed { code: [32m'authentication_required'[39m, statusCode: [33m401[39m }
[0mPOST /api/sync/[REDACTED-ID]/devices/[REDACTED]/enroll [33m401[0m 0.103 ms - 79[0m
[ error ] API request failed { code: [32m'authentication_required'[39m, statusCode: [33m401[39m }
[0mPOST /api/sync/[REDACTED-ID]/devices/[REDACTED]/enroll [33m401[0m 0.129 ms - 79[0m
[ error ] API request failed { code: [32m'authentication_required'[39m, statusCode: [33m401[39m }
[0mPOST /api/sync/[REDACTED-ID]/devices/[REDACTED]/enroll [33m401[0m 0.114 ms - 79[0m
[ error ] API request failed { code: [32m'authentication_required'[39m, statusCode: [33m401[39m }
[0mPOST /api/sync/[REDACTED-ID]/devices/[REDACTED]/enroll [33m401[0m 0.117 ms - 79[0m
[ error ] API request failed { code: [32m'authentication_required'[39m, statusCode: [33m401[39m }
[0mPOST /api/sync/[REDACTED-ID]/devices/[REDACTED]/enroll [33m401[0m 0.113 ms - 79[0m
[ error ] API request failed { code: [32m'authentication_required'[39m, statusCode: [33m401[39m }
[0mPOST /api/sync/[REDACTED-ID]/devices/[REDACTED]/enroll [33m401[0m 0.107 ms - 79[0m
[ error ] API request failed { code: [32m'authentication_required'[39m, statusCode: [33m401[39m }
[0mPOST /api/sync/[REDACTED-ID]/devices/[REDACTED]/enroll [33m401[0m 0.117 ms - 79[0m
[ error ] API request failed { code: [32m'authentication_required'[39m, statusCode: [33m401[39m }
[0mPOST /api/sync/[REDACTED-ID]/devices/[REDACTED]/enroll [33m401[0m 0.118 ms - 79[0m
[ error ] API request failed { code: [32m'authentication_required'[39m, statusCode: [33m401[39m }
[0mPOST /api/sync/[REDACTED-ID]/devices/[REDACTED]/enroll [33m401[0m 0.106 ms - 79[0m
[ error ] API request failed { code: [32m'authentication_required'[39m, statusCode: [33m401[39m }
[0mPOST /api/sync/[REDACTED-ID]/devices/[REDACTED]/enroll [33m401[0m 0.103 ms - 79[0m
[ error ] API request failed { code: [32m'authentication_required'[39m, statusCode: [33m401[39m }
[0mPOST /api/sync/[REDACTED-ID]/devices/[REDACTED]/enroll [33m401[0m 0.167 ms - 79[0m
[ error ] API request failed { code: [32m'authentication_required'[39m, statusCode: [33m401[39m }
[0mPOST /api/sync/[REDACTED-ID]/devices/[REDACTED]/enroll [33m401[0m 0.124 ms - 79[0m
[ error ] API request failed { code: [32m'authentication_required'[39m, statusCode: [33m401[39m }
[0mPOST /api/sync/[REDACTED-ID]/devices/[REDACTED]/enroll [33m401[0m 0.119 ms - 79[0m
[ error ] API request failed { code: [32m'authentication_required'[39m, statusCode: [33m401[39m }
[0mPOST /api/sync/[REDACTED-ID]/devices/[REDACTED]/enroll [33m401[0m 0.115 ms - 79[0m
[ error ] API request failed { code: [32m'authentication_required'[39m, statusCode: [33m401[39m }
[0mPOST /api/sync/[REDACTED-ID]/devices/[REDACTED]/enroll [33m401[0m 0.110 ms - 79[0m
[ error ] API request failed { code: [32m'authentication_required'[39m, statusCode: [33m401[39m }
[0mPOST /api/sync/[REDACTED-ID]/devices/[REDACTED]/enroll [33m401[0m 0.108 ms - 79[0m
[ error ] API request failed { code: [32m'authentication_required'[39m, statusCode: [33m401[39m }
[0mPOST /api/sync/[REDACTED-ID]/devices/[REDACTED]/enroll [33m401[0m 0.103 ms - 79[0m
[ error ] API request failed { code: [32m'authentication_required'[39m, statusCode: [33m401[39m }
[0mPOST /api/sync/[REDACTED-ID]/devices/[REDACTED]/enroll [33m401[0m 0.107 ms - 79[0m
[ error ] API request failed { code: [32m'authentication_required'[39m, statusCode: [33m401[39m }
[0mPOST /api/sync/[REDACTED-ID]/devices/[REDACTED]/enroll [33m401[0m 0.099 ms - 79[0m
[ error ] API request failed { code: [32m'authentication_required'[39m, statusCode: [33m401[39m }
[0mPOST /api/sync/[REDACTED-ID]/devices/[REDACTED]/enroll [33m401[0m 0.108 ms - 79[0m
[ error ] API request failed { code: [32m'authentication_required'[39m, statusCode: [33m401[39m }
[0mPOST /api/sync/[REDACTED-ID]/devices/[REDACTED]/enroll [33m401[0m 0.105 ms - 79[0m
[ error ] API request failed { code: [32m'authentication_required'[39m, statusCode: [33m401[39m }
[0mPOST /api/sync/[REDACTED-ID]/devices/[REDACTED]/enroll [33m401[0m 0.101 ms - 79[0m
[ error ] API request failed { code: [32m'authentication_required'[39m, statusCode: [33m401[39m }
[0mPOST /api/sync/[REDACTED-ID]/devices/[REDACTED]/enroll [33m401[0m 0.269 ms - 79[0m
[ error ] API request failed { code: [32m'authentication_required'[39m, statusCode: [33m401[39m }
[0mPOST /api/sync/[REDACTED-ID]/devices/[REDACTED]/enroll [33m401[0m 0.140 ms - 79[0m
[ error ] API request failed { code: [32m'authentication_required'[39m, statusCode: [33m401[39m }
[0mPOST /api/sync/[REDACTED-ID]/devices/[REDACTED]/enroll [33m401[0m 0.109 ms - 79[0m
[ error ] API request failed { code: [32m'authentication_required'[39m, statusCode: [33m401[39m }
[0mPOST /api/sync/[REDACTED-ID]/devices/[REDACTED]/enroll [33m401[0m 0.107 ms - 79[0m
[2K[1A[2K[1A[2K[1A[2K[1A[2K[1A[2K[1A[2K [32m🕔 [0m [37mCoverage[0m

     [33m0:00:01[0m [91m━━━━━━━━━━━━━━━━━━[0m[91m╸[0m[90m━━━━━━━━━━━━━━━━━━━━━━━━━━━━━━━━━━━━━[0m 33% (4/12)

   [32m⠙[0m [33m0:00:00[0m  POST /sync/{workspaceId}/devices/{deviceId}/enroll

     ✅  4 passed[ error ] API request failed { code: [32m'authentication_required'[39m, statusCode: [33m401[39m }
[0mPOST /api/sync/[REDACTED-ID]/devices/[REDACTED]/enroll [33m401[0m 0.162 ms - 79[0m
[ error ] API request failed { code: [32m'authentication_required'[39m, statusCode: [33m401[39m }
[0mPOST /api/sync/[REDACTED-ID]/devices/[REDACTED]/enroll [33m401[0m 0.120 ms - 79[0m
[ error ] API request failed { code: [32m'authentication_required'[39m, statusCode: [33m401[39m }
[0mPOST /api/sync/[REDACTED-ID]/devices/[REDACTED]/enroll [33m401[0m 0.108 ms - 79[0m
[ error ] API request failed { code: [32m'authentication_required'[39m, statusCode: [33m401[39m }
[0mPOST /api/sync/[REDACTED-ID]/devices/[REDACTED]/enroll [33m401[0m 0.108 ms - 79[0m
[ error ] API request failed { code: [32m'authentication_required'[39m, statusCode: [33m401[39m }
[0mPOST /api/sync/[REDACTED-ID]/devices/[REDACTED]/enroll [33m401[0m 0.106 ms - 79[0m
[ error ] API request failed { code: [32m'authentication_required'[39m, statusCode: [33m401[39m }
[0mPOST /api/sync/[REDACTED-ID]/devices/[REDACTED]/enroll [33m401[0m 0.107 ms - 79[0m
[ error ] API request failed { code: [32m'authentication_required'[39m, statusCode: [33m401[39m }
[0mPOST /api/sync/[REDACTED-ID]/devices/[REDACTED]/enroll [33m401[0m 0.107 ms - 79[0m
[ error ] API request failed { code: [32m'authentication_required'[39m, statusCode: [33m401[39m }
[0mPOST /api/sync/[REDACTED-ID]/devices/[REDACTED]/enroll [33m401[0m 0.124 ms - 79[0m
[ error ] API request failed { code: [32m'authentication_required'[39m, statusCode: [33m401[39m }
[0mPOST /api/sync/[REDACTED-ID]/devices/[REDACTED]/enroll [33m401[0m 0.153 ms - 79[0m
[ error ] API request failed { code: [32m'authentication_required'[39m, statusCode: [33m401[39m }
[0mPOST /api/sync/[REDACTED-ID]/devices/[REDACTED]/enroll [33m401[0m 0.133 ms - 79[0m
[ error ] API request failed { code: [32m'authentication_required'[39m, statusCode: [33m401[39m }
[0mPOST /api/sync/[REDACTED-ID]/devices/[REDACTED]/enroll [33m401[0m 0.116 ms - 79[0m
[ error ] API request failed { code: [32m'authentication_required'[39m, statusCode: [33m401[39m }
[0mPOST /api/sync/[REDACTED-ID]/devices/[REDACTED]/enroll [33m401[0m 0.137 ms - 79[0m
[ error ] API request failed { code: [32m'authentication_required'[39m, statusCode: [33m401[39m }
[0mPOST /api/sync/[REDACTED-ID]/devices/[REDACTED]/enroll [33m401[0m 0.127 ms - 79[0m
[ error ] API request failed { code: [32m'invalid_request'[39m, statusCode: [33m400[39m }
[ error ] API request failed { code: [32m'invalid_request'[39m, statusCode: [33m400[39m }
[ error ] API request failed { code: [32m'invalid_request'[39m, statusCode: [33m400[39m }
[ error ] API request failed { code: [32m'invalid_request'[39m, statusCode: [33m400[39m }
[ error ] API request failed { code: [32m'authentication_required'[39m, statusCode: [33m401[39m }
[0mPOST /api/sync/[REDACTED-ID]/devices/[REDACTED]/enroll [33m401[0m 0.406 ms - 79[0m
[ error ] API request failed { code: [32m'authentication_required'[39m, statusCode: [33m401[39m }
[0mPOST /api/sync/[REDACTED-ID]/devices/[REDACTED]/enroll [33m401[0m 0.489 ms - 79[0m
[ error ] API request failed { code: [32m'authentication_required'[39m, statusCode: [33m401[39m }
[ error ] API request failed { code: [32m'authentication_required'[39m, statusCode: [33m401[39m }
[0mPOST /api/sync/[REDACTED-ID]/devices/[REDACTED]/enroll [33m401[0m 0.259 ms - 79[0m
[0mPOST /api/sync/[REDACTED-ID]/devices/[REDACTED]/enroll [33m401[0m 0.191 ms - 79[0m
[ error ] API request failed { code: [32m'authentication_required'[39m, statusCode: [33m401[39m }
[0mPOST /api/sync/[REDACTED-ID]/devices/[REDACTED]/enroll [33m401[0m 0.205 ms - 79[0m
[ error ] API request failed { code: [32m'authentication_required'[39m, statusCode: [33m401[39m }
[0mPOST /api/sync/[REDACTED-ID]/devices/[REDACTED]/enroll [33m401[0m 0.462 ms - 79[0m
[ error ] API request failed { code: [32m'authentication_required'[39m, statusCode: [33m401[39m }
[0mPOST /api/sync/[REDACTED-ID]/devices/[REDACTED]/enroll [33m401[0m 0.141 ms - 79[0m
[ error ] API request failed { code: [32m'authentication_required'[39m, statusCode: [33m401[39m }
[0mPOST /api/sync/[REDACTED-ID]/devices/[REDACTED]/enroll [33m401[0m 0.185 ms - 79[0m
[ error ] API request failed { code: [32m'authentication_required'[39m, statusCode: [33m401[39m }
[0mPOST /api/sync/[REDACTED-ID]/devices/[REDACTED]/enroll [33m401[0m 0.201 ms - 79[0m
[ error ] API request failed { code: [32m'authentication_required'[39m, statusCode: [33m401[39m }
[0mPOST /api/sync/[REDACTED-ID]/devices/[REDACTED]/enroll [33m401[0m 0.469 ms - 79[0m
[ error ] API request failed { code: [32m'authentication_required'[39m, statusCode: [33m401[39m }
[0mPOST /api/sync/[REDACTED-ID]/devices/[REDACTED]/enroll [33m401[0m 0.358 ms - 79[0m
[ error ] API request failed { code: [32m'authentication_required'[39m, statusCode: [33m401[39m }
[0mPOST /api/sync/[REDACTED-ID]/devices/[REDACTED]/enroll [33m401[0m 0.313 ms - 79[0m
[ error ] API request failed { code: [32m'authentication_required'[39m, statusCode: [33m401[39m }
[0mPOST /api/sync/[REDACTED-ID]/devices/[REDACTED]/enroll [33m401[0m 0.209 ms - 79[0m
[ error ] API request failed { code: [32m'authentication_required'[39m, statusCode: [33m401[39m }
[0mPOST /api/sync/[REDACTED-ID]/devices/[REDACTED]/enroll [33m401[0m 0.283 ms - 79[0m
[ error ] API request failed { code: [32m'authentication_required'[39m, statusCode: [33m401[39m }
[0mPOST /api/sync/[REDACTED-ID]/devices/[REDACTED]/enroll [33m401[0m 0.281 ms - 79[0m
[ error ] API request failed { code: [32m'authentication_required'[39m, statusCode: [33m401[39m }
[0mPOST /api/sync/[REDACTED-ID]/devices/[REDACTED]/enroll [33m401[0m 0.201 ms - 79[0m
[ error ] API request failed { code: [32m'authentication_required'[39m, statusCode: [33m401[39m }
[0mPOST /api/sync/[REDACTED-ID]/devices/[REDACTED]/enroll [33m401[0m 0.154 ms - 79[0m
[ error ] API request failed { code: [32m'authentication_required'[39m, statusCode: [33m401[39m }
[0mPOST /api/sync/[REDACTED-ID]/devices/[REDACTED]/enroll [33m401[0m 0.139 ms - 79[0m
[ error ] API request failed { code: [32m'authentication_required'[39m, statusCode: [33m401[39m }
[0mPOST /api/sync/[REDACTED-ID]/devices/[REDACTED]/enroll [33m401[0m 0.131 ms - 79[0m
[ error ] API request failed { code: [32m'authentication_required'[39m, statusCode: [33m401[39m }
[0mPOST /api/sync/[REDACTED-ID]/devices/[REDACTED]/enroll [33m401[0m 0.109 ms - 79[0m
[ error ] API request failed { code: [32m'authentication_required'[39m, statusCode: [33m401[39m }
[0mPOST /api/sync/[REDACTED-ID]/devices/[REDACTED]/enroll [33m401[0m 0.180 ms - 79[0m
[0mTRACE /api/sync/[REDACTED-ID]/devices/[REDACTED]/revoke [33m405[0m 0.107 ms - 78[0m
[0mQUERY /api/sync/[REDACTED-ID]/devices/[REDACTED]/revoke [33m405[0m 0.121 ms - 78[0m
[2K[1A[2K[1A[2K[1A[2K[1A[2K[1A[2K[1A[2K [32m🕕 [0m [37mCoverage[0m

     [33m0:00:01[0m [91m━━━━━━━━━━━━━━━━━━━━━━━[0m[90m╺[0m[90m━━━━━━━━━━━━━━━━━━━━━━━━━━━━━━━━[0m 42% (5/12)

   [32m⠸[0m [33m0:00:00[0m  POST /sync/{workspaceId}/devices/{deviceId}/revoke

     ✅  5 passed[0mPUT /api/sync/[REDACTED-ID]/devices/[REDACTED]/revoke [33m405[0m 0.184 ms - 78[0m
[0mPATCH /api/sync/[REDACTED-ID]/devices/[REDACTED]/revoke [33m405[0m 0.209 ms - 78[0m
[0mOPTIONS /api/sync/[REDACTED-ID]/devices/[REDACTED]/revoke [33m405[0m 0.130 ms - 78[0m
[0mGET /api/sync/[REDACTED-ID]/devices/[REDACTED]/revoke [33m405[0m 0.364 ms - 78[0m
[0mDELETE /api/sync/[REDACTED-ID]/devices/[REDACTED]/revoke [33m405[0m 0.331 ms - 78[0m
[ error ] API request failed { code: [32m'authentication_required'[39m, statusCode: [33m401[39m }
[0mPOST /api/sync/[REDACTED-ID]/devices/[REDACTED-MATERIAL]/revoke [33m401[0m 0.626 ms - 79[0m
[ error ] API request failed { code: [32m'authentication_required'[39m, statusCode: [33m401[39m }
[0mPOST /api/sync/[REDACTED-ID]/devices/[REDACTED-MATERIAL]/revoke [33m401[0m 0.496 ms - 79[0m
[ error ] API request failed { code: [32m'authentication_required'[39m, statusCode: [33m401[39m }
[0mPOST /api/sync/[REDACTED-ID]/devices/[REDACTED-MATERIAL]/revoke [33m401[0m 0.532 ms - 79[0m
[ error ] API request failed { code: [32m'authentication_required'[39m, statusCode: [33m401[39m }
[0mPOST /api/sync/[REDACTED-ID]/devices/00/revoke [33m401[0m 0.310 ms - 79[0m
[ error ] API request failed { code: [32m'authentication_required'[39m, statusCode: [33m401[39m }
[0mPOST /api/sync/[REDACTED-ID]/devices/0/revoke [33m401[0m 0.198 ms - 79[0m
[ error ] API request failed { code: [32m'authentication_required'[39m, statusCode: [33m401[39m }
[0mPOST /api/sync/[REDACTED-MATERIAL]/devices/[REDACTED]/revoke [33m401[0m 0.160 ms - 79[0m
[ error ] API request failed { code: [32m'authentication_required'[39m, statusCode: [33m401[39m }
[0mPOST /api/sync/[REDACTED-MATERIAL]/devices/[REDACTED]/revoke [33m401[0m 0.153 ms - 79[0m
[ error ] API request failed { code: [32m'authentication_required'[39m, statusCode: [33m401[39m }
[0mPOST /api/sync/[REDACTED-MATERIAL]/devices/[REDACTED]/revoke [33m401[0m 0.133 ms - 79[0m
[ error ] API request failed { code: [32m'authentication_required'[39m, statusCode: [33m401[39m }
[0mPOST /api/sync/00/devices/[REDACTED]/revoke [33m401[0m 0.129 ms - 79[0m
[ error ] API request failed { code: [32m'authentication_required'[39m, statusCode: [33m401[39m }
[0mPOST /api/sync/0/devices/[REDACTED]/revoke [33m401[0m 0.134 ms - 79[0m
[ error ] API request failed { code: [32m'authentication_required'[39m, statusCode: [33m401[39m }
[0mPOST /api/sync/[REDACTED-ID]/devices/[REDACTED]/revoke [33m401[0m 0.136 ms - 79[0m
[0mTRACE /api/sync/[REDACTED-ID]/envelopes [33m405[0m 0.113 ms - 78[0m
[0mQUERY /api/sync/[REDACTED-ID]/envelopes [33m405[0m 0.085 ms - 78[0m
[0mPUT /api/sync/[REDACTED-ID]/envelopes [33m405[0m 0.113 ms - 78[0m
[2K[1A[2K[1A[2K[1A[2K[1A[2K[1A[2K[1A[2K [32m🕖 [0m [37mCoverage[0m

     [33m0:00:02[0m [91m━━━━━━━━━━━━━━━━━━━━━━━━━━━━[0m[90m╺[0m[90m━━━━━━━━━━━━━━━━━━━━━━━━━━━[0m 50% (6/12)

   [32m⠼[0m [33m0:00:00[0m  POST /sync/{workspaceId}/envelopes

     ✅  6 passed[0mPATCH /api/sync/[REDACTED-ID]/envelopes [33m405[0m 0.104 ms - 78[0m
[0mOPTIONS /api/sync/[REDACTED-ID]/envelopes [33m405[0m 0.075 ms - 78[0m
[0mDELETE /api/sync/[REDACTED-ID]/envelopes [33m405[0m 0.068 ms - 78[0m
[ error ] API request failed { code: [32m'authentication_required'[39m, statusCode: [33m401[39m }
[0mPOST /api/sync/[REDACTED-MATERIAL]/envelopes [33m401[0m 0.184 ms - 79[0m
[ error ] API request failed { code: [32m'authentication_required'[39m, statusCode: [33m401[39m }
[0mPOST /api/sync/[REDACTED-MATERIAL]/envelopes [33m401[0m 0.176 ms - 79[0m
[ error ] API request failed { code: [32m'authentication_required'[39m, statusCode: [33m401[39m }
[0mPOST /api/sync/[REDACTED-MATERIAL]/envelopes [33m401[0m 0.228 ms - 79[0m
[ error ] API request failed { code: [32m'authentication_required'[39m, statusCode: [33m401[39m }
[0mPOST /api/sync/00/envelopes [33m401[0m 0.197 ms - 79[0m
[ error ] API request failed { code: [32m'authentication_required'[39m, statusCode: [33m401[39m }
[0mPOST /api/sync/0/envelopes [33m401[0m 0.146 ms - 79[0m
[ error ] API request failed { code: [32m'authentication_required'[39m, statusCode: [33m401[39m }
[0mPOST /api/sync/[REDACTED-ID]/envelopes [33m401[0m 0.198 ms - 79[0m
[ error ] API request failed { code: [32m'authentication_required'[39m, statusCode: [33m401[39m }
[0mPOST /api/sync/[REDACTED-ID]/envelopes [33m401[0m 0.153 ms - 79[0m
[ error ] API request failed { code: [32m'authentication_required'[39m, statusCode: [33m401[39m }
[0mPOST /api/sync/[REDACTED-ID]/envelopes [33m401[0m 0.141 ms - 79[0m
[ error ] API request failed { code: [32m'authentication_required'[39m, statusCode: [33m401[39m }
[0mPOST /api/sync/[REDACTED-ID]/envelopes [33m401[0m 0.121 ms - 79[0m
[ error ] API request failed { code: [32m'authentication_required'[39m, statusCode: [33m401[39m }
[0mPOST /api/sync/[REDACTED-ID]/envelopes [33m401[0m 0.127 ms - 79[0m
[ error ] API request failed { code: [32m'authentication_required'[39m, statusCode: [33m401[39m }
[0mPOST /api/sync/[REDACTED-ID]/envelopes [33m401[0m 0.181 ms - 79[0m
[ error ] API request failed { code: [32m'authentication_required'[39m, statusCode: [33m401[39m }
[0mPOST /api/sync/[REDACTED-ID]/envelopes [33m401[0m 0.173 ms - 79[0m
[ error ] API request failed { code: [32m'authentication_required'[39m, statusCode: [33m401[39m }
[0mPOST /api/sync/[REDACTED-ID]/envelopes [33m401[0m 0.217 ms - 79[0m
[ error ] API request failed { code: [32m'authentication_required'[39m, statusCode: [33m401[39m }
[0mPOST /api/sync/[REDACTED-ID]/envelopes [33m401[0m 0.148 ms - 79[0m
[ error ] API request failed { code: [32m'authentication_required'[39m, statusCode: [33m401[39m }
[0mPOST /api/sync/[REDACTED-ID]/envelopes [33m401[0m 0.129 ms - 79[0m
[ error ] API request failed { code: [32m'authentication_required'[39m, statusCode: [33m401[39m }
[0mPOST /api/sync/[REDACTED-ID]/envelopes [33m401[0m 0.337 ms - 79[0m
[ error ] API request failed { code: [32m'authentication_required'[39m, statusCode: [33m401[39m }
[0mPOST /api/sync/[REDACTED-ID]/envelopes [33m401[0m 0.288 ms - 79[0m
[ error ] API request failed { code: [32m'authentication_required'[39m, statusCode: [33m401[39m }
[0mPOST /api/sync/[REDACTED-ID]/envelopes [33m401[0m 0.165 ms - 79[0m
[ error ] API request failed { code: [32m'authentication_required'[39m, statusCode: [33m401[39m }
[0mPOST /api/sync/[REDACTED-ID]/envelopes [33m401[0m 0.182 ms - 79[0m
[ error ] API request failed { code: [32m'authentication_required'[39m, statusCode: [33m401[39m }
[0mPOST /api/sync/[REDACTED-ID]/envelopes [33m401[0m 0.218 ms - 79[0m
[ error ] API request failed { code: [32m'authentication_required'[39m, statusCode: [33m401[39m }
[0mPOST /api/sync/[REDACTED-ID]/envelopes [33m401[0m 0.140 ms - 79[0m
[ error ] API request failed { code: [32m'authentication_required'[39m, statusCode: [33m401[39m }
[0mPOST /api/sync/[REDACTED-ID]/envelopes [33m401[0m 0.127 ms - 79[0m
[ error ] API request failed { code: [32m'authentication_required'[39m, statusCode: [33m401[39m }
[0mPOST /api/sync/[REDACTED-ID]/envelopes [33m401[0m 0.302 ms - 79[0m
[ error ] API request failed { code: [32m'authentication_required'[39m, statusCode: [33m401[39m }
[0mPOST /api/sync/[REDACTED-ID]/envelopes [33m401[0m 0.275 ms - 79[0m
[ error ] API request failed { code: [32m'authentication_required'[39m, statusCode: [33m401[39m }
[0mPOST /api/sync/[REDACTED-ID]/envelopes [33m401[0m 0.281 ms - 79[0m
[ error ] API request failed { code: [32m'authentication_required'[39m, statusCode: [33m401[39m }
[0mPOST /api/sync/[REDACTED-ID]/envelopes [33m401[0m 0.303 ms - 79[0m
[ error ] API request failed { code: [32m'authentication_required'[39m, statusCode: [33m401[39m }
[0mPOST /api/sync/[REDACTED-ID]/envelopes [33m401[0m 0.307 ms - 79[0m
[ error ] API request failed { code: [32m'authentication_required'[39m, statusCode: [33m401[39m }
[0mPOST /api/sync/[REDACTED-ID]/envelopes [33m401[0m 0.293 ms - 79[0m
[ error ] API request failed { code: [32m'authentication_required'[39m, statusCode: [33m401[39m }
[0mPOST /api/sync/[REDACTED-ID]/envelopes [33m401[0m 0.261 ms - 79[0m
[ error ] API request failed { code: [32m'authentication_required'[39m, statusCode: [33m401[39m }
[0mPOST /api/sync/[REDACTED-ID]/envelopes [33m401[0m 0.175 ms - 79[0m
[ error ] API request failed { code: [32m'authentication_required'[39m, statusCode: [33m401[39m }
[0mPOST /api/sync/[REDACTED-ID]/envelopes [33m401[0m 0.322 ms - 79[0m
[ error ] API request failed { code: [32m'authentication_required'[39m, statusCode: [33m401[39m }
[0mPOST /api/sync/[REDACTED-ID]/envelopes [33m401[0m 0.292 ms - 79[0m
[ error ] API request failed { code: [32m'authentication_required'[39m, statusCode: [33m401[39m }
[0mPOST /api/sync/[REDACTED-ID]/envelopes [33m401[0m 0.284 ms - 79[0m
[ error ] API request failed { code: [32m'authentication_required'[39m, statusCode: [33m401[39m }
[0mPOST /api/sync/[REDACTED-ID]/envelopes [33m401[0m 0.306 ms - 79[0m
[ error ] API request failed { code: [32m'authentication_required'[39m, statusCode: [33m401[39m }
[0mPOST /api/sync/[REDACTED-ID]/envelopes [33m401[0m 0.291 ms - 79[0m
[ error ] API request failed { code: [32m'authentication_required'[39m, statusCode: [33m401[39m }
[0mPOST /api/sync/[REDACTED-ID]/envelopes [33m401[0m 0.281 ms - 79[0m
[ error ] API request failed { code: [32m'authentication_required'[39m, statusCode: [33m401[39m }
[0mPOST /api/sync/[REDACTED-ID]/envelopes [33m401[0m 0.178 ms - 79[0m
[ error ] API request failed { code: [32m'authentication_required'[39m, statusCode: [33m401[39m }
[0mPOST /api/sync/[REDACTED-ID]/envelopes [33m401[0m 0.131 ms - 79[0m
[ error ] API request failed { code: [32m'authentication_required'[39m, statusCode: [33m401[39m }
[0mPOST /api/sync/[REDACTED-ID]/envelopes [33m401[0m 0.119 ms - 79[0m
[ error ] API request failed { code: [32m'authentication_required'[39m, statusCode: [33m401[39m }
[0mPOST /api/sync/[REDACTED-ID]/envelopes [33m401[0m 0.112 ms - 79[0m
[ error ] API request failed { code: [32m'authentication_required'[39m, statusCode: [33m401[39m }
[0mPOST /api/sync/[REDACTED-ID]/envelopes [33m401[0m 0.120 ms - 79[0m
[ error ] API request failed { code: [32m'authentication_required'[39m, statusCode: [33m401[39m }
[0mPOST /api/sync/[REDACTED-ID]/envelopes [33m401[0m 0.120 ms - 79[0m
[ error ] API request failed { code: [32m'authentication_required'[39m, statusCode: [33m401[39m }
[0mPOST /api/sync/[REDACTED-ID]/envelopes [33m401[0m 0.111 ms - 79[0m
[ error ] API request failed { code: [32m'authentication_required'[39m, statusCode: [33m401[39m }
[0mPOST /api/sync/[REDACTED-ID]/envelopes [33m401[0m 0.110 ms - 79[0m
[ error ] API request failed { code: [32m'authentication_required'[39m, statusCode: [33m401[39m }
[0mPOST /api/sync/[REDACTED-ID]/envelopes [33m401[0m 0.213 ms - 79[0m
[ error ] API request failed { code: [32m'authentication_required'[39m, statusCode: [33m401[39m }
[0mPOST /api/sync/[REDACTED-ID]/envelopes [33m401[0m 0.125 ms - 79[0m
[ error ] API request failed { code: [32m'authentication_required'[39m, statusCode: [33m401[39m }
[0mPOST /api/sync/[REDACTED-ID]/envelopes [33m401[0m 0.127 ms - 79[0m
[ error ] API request failed { code: [32m'authentication_required'[39m, statusCode: [33m401[39m }
[0mPOST /api/sync/[REDACTED-ID]/envelopes [33m401[0m 0.121 ms - 79[0m
[ error ] API request failed { code: [32m'authentication_required'[39m, statusCode: [33m401[39m }
[0mPOST /api/sync/[REDACTED-ID]/envelopes [33m401[0m 0.112 ms - 79[0m
[ error ] API request failed { code: [32m'authentication_required'[39m, statusCode: [33m401[39m }
[0mPOST /api/sync/[REDACTED-ID]/envelopes [33m401[0m 0.155 ms - 79[0m
[ error ] API request failed { code: [32m'authentication_required'[39m, statusCode: [33m401[39m }
[0mPOST /api/sync/[REDACTED-ID]/envelopes [33m401[0m 0.120 ms - 79[0m
[ error ] API request failed { code: [32m'authentication_required'[39m, statusCode: [33m401[39m }
[0mPOST /api/sync/[REDACTED-ID]/envelopes [33m401[0m 0.112 ms - 79[0m
[ error ] API request failed { code: [32m'authentication_required'[39m, statusCode: [33m401[39m }
[0mPOST /api/sync/[REDACTED-ID]/envelopes [33m401[0m 0.106 ms - 79[0m
[ error ] API request failed { code: [32m'authentication_required'[39m, statusCode: [33m401[39m }
[0mPOST /api/sync/[REDACTED-ID]/envelopes [33m401[0m 0.260 ms - 79[0m
[ error ] API request failed { code: [32m'authentication_required'[39m, statusCode: [33m401[39m }
[0mPOST /api/sync/[REDACTED-ID]/envelopes [33m401[0m 0.253 ms - 79[0m
[ error ] API request failed { code: [32m'authentication_required'[39m, statusCode: [33m401[39m }
[0mPOST /api/sync/[REDACTED-ID]/envelopes [33m401[0m 0.263 ms - 79[0m
[2K[1A[2K[1A[2K[1A[2K[1A[2K[1A[2K[1A[2K [32m🕗 [0m [37mCoverage[0m

     [33m0:00:02[0m [91m━━━━━━━━━━━━━━━━━━━━━━━━━━━━[0m[90m╺[0m[90m━━━━━━━━━━━━━━━━━━━━━━━━━━━[0m 50% (6/12)

   [32m⠴[0m [33m0:00:00[0m  POST /sync/{workspaceId}/envelopes

     ✅  6 passed[ error ] API request failed { code: [32m'authentication_required'[39m, statusCode: [33m401[39m }
[0mPOST /api/sync/[REDACTED-ID]/envelopes [33m401[0m 0.295 ms - 79[0m
[ error ] API request failed { code: [32m'authentication_required'[39m, statusCode: [33m401[39m }
[0mPOST /api/sync/[REDACTED-ID]/envelopes [33m401[0m 0.157 ms - 79[0m
[ error ] API request failed { code: [32m'authentication_required'[39m, statusCode: [33m401[39m }
[0mPOST /api/sync/[REDACTED-ID]/envelopes [33m401[0m 0.123 ms - 79[0m
[ error ] API request failed { code: [32m'authentication_required'[39m, statusCode: [33m401[39m }
[0mPOST /api/sync/[REDACTED-ID]/envelopes [33m401[0m 0.140 ms - 79[0m
[ error ] API request failed { code: [32m'authentication_required'[39m, statusCode: [33m401[39m }
[0mPOST /api/sync/[REDACTED-ID]/envelopes [33m401[0m 0.133 ms - 79[0m
[ error ] API request failed { code: [32m'authentication_required'[39m, statusCode: [33m401[39m }
[0mPOST /api/sync/[REDACTED-ID]/envelopes [33m401[0m 0.170 ms - 79[0m
[ error ] API request failed { code: [32m'authentication_required'[39m, statusCode: [33m401[39m }
[0mPOST /api/sync/[REDACTED-ID]/envelopes [33m401[0m 0.126 ms - 79[0m
[ error ] API request failed { code: [32m'authentication_required'[39m, statusCode: [33m401[39m }
[0mPOST /api/sync/[REDACTED-ID]/envelopes [33m401[0m 0.161 ms - 79[0m
[ error ] API request failed { code: [32m'authentication_required'[39m, statusCode: [33m401[39m }
[0mPOST /api/sync/[REDACTED-ID]/envelopes [33m401[0m 0.121 ms - 79[0m
[ error ] API request failed { code: [32m'authentication_required'[39m, statusCode: [33m401[39m }
[0mPOST /api/sync/[REDACTED-ID]/envelopes [33m401[0m 0.118 ms - 79[0m
[ error ] API request failed { code: [32m'authentication_required'[39m, statusCode: [33m401[39m }
[0mPOST /api/sync/[REDACTED-ID]/envelopes [33m401[0m 0.159 ms - 79[0m
[ error ] API request failed { code: [32m'authentication_required'[39m, statusCode: [33m401[39m }
[0mPOST /api/sync/[REDACTED-ID]/envelopes [33m401[0m 0.117 ms - 79[0m
[ error ] API request failed { code: [32m'authentication_required'[39m, statusCode: [33m401[39m }
[0mPOST /api/sync/[REDACTED-ID]/envelopes [33m401[0m 0.135 ms - 79[0m
[ error ] API request failed { code: [32m'authentication_required'[39m, statusCode: [33m401[39m }
[0mPOST /api/sync/[REDACTED-ID]/envelopes [33m401[0m 0.111 ms - 79[0m
[ error ] API request failed { code: [32m'authentication_required'[39m, statusCode: [33m401[39m }
[0mPOST /api/sync/[REDACTED-ID]/envelopes [33m401[0m 0.106 ms - 79[0m
[ error ] API request failed { code: [32m'authentication_required'[39m, statusCode: [33m401[39m }
[0mPOST /api/sync/[REDACTED-ID]/envelopes [33m401[0m 0.100 ms - 79[0m
[ error ] API request failed { code: [32m'authentication_required'[39m, statusCode: [33m401[39m }
[0mPOST /api/sync/[REDACTED-ID]/envelopes [33m401[0m 0.099 ms - 79[0m
[ error ] API request failed { code: [32m'authentication_required'[39m, statusCode: [33m401[39m }
[0mPOST /api/sync/[REDACTED-ID]/envelopes [33m401[0m 0.115 ms - 79[0m
[ error ] API request failed { code: [32m'authentication_required'[39m, statusCode: [33m401[39m }
[0mPOST /api/sync/[REDACTED-ID]/envelopes [33m401[0m 0.108 ms - 79[0m
[ error ] API request failed { code: [32m'authentication_required'[39m, statusCode: [33m401[39m }
[0mPOST /api/sync/[REDACTED-ID]/envelopes [33m401[0m 0.137 ms - 79[0m
[ error ] API request failed { code: [32m'authentication_required'[39m, statusCode: [33m401[39m }
[0mPOST /api/sync/[REDACTED-ID]/envelopes [33m401[0m 0.119 ms - 79[0m
[ error ] API request failed { code: [32m'authentication_required'[39m, statusCode: [33m401[39m }
[0mPOST /api/sync/[REDACTED-ID]/envelopes [33m401[0m 0.107 ms - 79[0m
[ error ] API request failed { code: [32m'authentication_required'[39m, statusCode: [33m401[39m }
[0mPOST /api/sync/[REDACTED-ID]/envelopes [33m401[0m 0.143 ms - 79[0m
[ error ] API request failed { code: [32m'authentication_required'[39m, statusCode: [33m401[39m }
[0mPOST /api/sync/[REDACTED-ID]/envelopes [33m401[0m 0.107 ms - 79[0m
[ error ] API request failed { code: [32m'authentication_required'[39m, statusCode: [33m401[39m }
[0mPOST /api/sync/[REDACTED-ID]/envelopes [33m401[0m 0.106 ms - 79[0m
[ error ] API request failed { code: [32m'authentication_required'[39m, statusCode: [33m401[39m }
[0mPOST /api/sync/[REDACTED-ID]/envelopes [33m401[0m 0.104 ms - 79[0m
[ error ] API request failed { code: [32m'authentication_required'[39m, statusCode: [33m401[39m }
[0mPOST /api/sync/[REDACTED-ID]/envelopes [33m401[0m 0.098 ms - 79[0m
[ error ] API request failed { code: [32m'authentication_required'[39m, statusCode: [33m401[39m }
[0mPOST /api/sync/[REDACTED-ID]/envelopes [33m401[0m 0.119 ms - 79[0m
[ error ] API request failed { code: [32m'authentication_required'[39m, statusCode: [33m401[39m }
[0mPOST /api/sync/[REDACTED-ID]/envelopes [33m401[0m 0.103 ms - 79[0m
[ error ] API request failed { code: [32m'authentication_required'[39m, statusCode: [33m401[39m }
[0mPOST /api/sync/[REDACTED-ID]/envelopes [33m401[0m 0.101 ms - 79[0m
[ error ] API request failed { code: [32m'authentication_required'[39m, statusCode: [33m401[39m }
[0mPOST /api/sync/[REDACTED-ID]/envelopes [33m401[0m 0.163 ms - 79[0m
[ error ] API request failed { code: [32m'authentication_required'[39m, statusCode: [33m401[39m }
[0mPOST /api/sync/[REDACTED-ID]/envelopes [33m401[0m 0.158 ms - 79[0m
[ error ] API request failed { code: [32m'authentication_required'[39m, statusCode: [33m401[39m }
[0mPOST /api/sync/[REDACTED-ID]/envelopes [33m401[0m 0.287 ms - 79[0m
[ error ] API request failed { code: [32m'authentication_required'[39m, statusCode: [33m401[39m }
[0mPOST /api/sync/[REDACTED-ID]/envelopes [33m401[0m 0.285 ms - 79[0m
[ error ] API request failed { code: [32m'authentication_required'[39m, statusCode: [33m401[39m }
[0mPOST /api/sync/[REDACTED-ID]/envelopes [33m401[0m 0.172 ms - 79[0m
[ error ] API request failed { code: [32m'authentication_required'[39m, statusCode: [33m401[39m }
[0mPOST /api/sync/[REDACTED-ID]/envelopes [33m401[0m 0.290 ms - 79[0m
[ error ] API request failed { code: [32m'authentication_required'[39m, statusCode: [33m401[39m }
[0mPOST /api/sync/[REDACTED-ID]/envelopes [33m401[0m 0.257 ms - 79[0m
[ error ] API request failed { code: [32m'authentication_required'[39m, statusCode: [33m401[39m }
[0mPOST /api/sync/[REDACTED-ID]/envelopes [33m401[0m 0.256 ms - 79[0m
[ error ] API request failed { code: [32m'authentication_required'[39m, statusCode: [33m401[39m }
[0mPOST /api/sync/[REDACTED-ID]/envelopes [33m401[0m 0.249 ms - 79[0m
[ error ] API request failed { code: [32m'authentication_required'[39m, statusCode: [33m401[39m }
[0mPOST /api/sync/[REDACTED-ID]/envelopes [33m401[0m 0.273 ms - 79[0m
[ error ] API request failed { code: [32m'authentication_required'[39m, statusCode: [33m401[39m }
[0mPOST /api/sync/[REDACTED-ID]/envelopes [33m401[0m 0.139 ms - 79[0m
[ error ] API request failed { code: [32m'authentication_required'[39m, statusCode: [33m401[39m }
[0mPOST /api/sync/[REDACTED-ID]/envelopes [33m401[0m 0.120 ms - 79[0m
[ error ] API request failed { code: [32m'authentication_required'[39m, statusCode: [33m401[39m }
[0mPOST /api/sync/[REDACTED-ID]/envelopes [33m401[0m 0.131 ms - 79[0m
[ error ] API request failed { code: [32m'authentication_required'[39m, statusCode: [33m401[39m }
[0mPOST /api/sync/[REDACTED-ID]/envelopes [33m401[0m 0.128 ms - 79[0m
[ error ] API request failed { code: [32m'authentication_required'[39m, statusCode: [33m401[39m }
[0mPOST /api/sync/[REDACTED-ID]/envelopes [33m401[0m 0.146 ms - 79[0m
[ error ] API request failed { code: [32m'authentication_required'[39m, statusCode: [33m401[39m }
[0mPOST /api/sync/[REDACTED-ID]/envelopes [33m401[0m 0.260 ms - 79[0m
[ error ] API request failed { code: [32m'authentication_required'[39m, statusCode: [33m401[39m }
[0mPOST /api/sync/[REDACTED-ID]/envelopes [33m401[0m 0.246 ms - 79[0m
[ error ] API request failed { code: [32m'authentication_required'[39m, statusCode: [33m401[39m }
[0mPOST /api/sync/[REDACTED-ID]/envelopes [33m401[0m 0.251 ms - 79[0m
[ error ] API request failed { code: [32m'authentication_required'[39m, statusCode: [33m401[39m }
[0mPOST /api/sync/[REDACTED-ID]/envelopes [33m401[0m 0.243 ms - 79[0m
[ error ] API request failed { code: [32m'authentication_required'[39m, statusCode: [33m401[39m }
[0mPOST /api/sync/[REDACTED-ID]/envelopes [33m401[0m 0.135 ms - 79[0m
[ error ] API request failed { code: [32m'authentication_required'[39m, statusCode: [33m401[39m }
[0mPOST /api/sync/[REDACTED-ID]/envelopes [33m401[0m 0.129 ms - 79[0m
[ error ] API request failed { code: [32m'authentication_required'[39m, statusCode: [33m401[39m }
[0mPOST /api/sync/[REDACTED-ID]/envelopes [33m401[0m 0.181 ms - 79[0m
[ error ] API request failed { code: [32m'authentication_required'[39m, statusCode: [33m401[39m }
[0mPOST /api/sync/[REDACTED-ID]/envelopes [33m401[0m 0.136 ms - 79[0m
[ error ] API request failed { code: [32m'authentication_required'[39m, statusCode: [33m401[39m }
[0mPOST /api/sync/[REDACTED-ID]/envelopes [33m401[0m 0.139 ms - 79[0m
[ error ] API request failed { code: [32m'authentication_required'[39m, statusCode: [33m401[39m }
[0mPOST /api/sync/[REDACTED-ID]/envelopes [33m401[0m 0.125 ms - 79[0m
[ error ] API request failed { code: [32m'authentication_required'[39m, statusCode: [33m401[39m }
[0mPOST /api/sync/[REDACTED-ID]/envelopes [33m401[0m 0.130 ms - 79[0m
[ error ] API request failed { code: [32m'authentication_required'[39m, statusCode: [33m401[39m }
[0mPOST /api/sync/[REDACTED-ID]/envelopes [33m401[0m 0.147 ms - 79[0m
[ error ] API request failed { code: [32m'authentication_required'[39m, statusCode: [33m401[39m }
[0mPOST /api/sync/[REDACTED-ID]/envelopes [33m401[0m 0.135 ms - 79[0m
[ error ] API request failed { code: [32m'authentication_required'[39m, statusCode: [33m401[39m }
[0mPOST /api/sync/[REDACTED-ID]/envelopes [33m401[0m 0.162 ms - 79[0m
[ error ] API request failed { code: [32m'authentication_required'[39m, statusCode: [33m401[39m }
[0mPOST /api/sync/[REDACTED-ID]/envelopes [33m401[0m 0.121 ms - 79[0m
[ error ] API request failed { code: [32m'authentication_required'[39m, statusCode: [33m401[39m }
[0mPOST /api/sync/[REDACTED-ID]/envelopes [33m401[0m 0.120 ms - 79[0m
[ error ] API request failed { code: [32m'authentication_required'[39m, statusCode: [33m401[39m }
[0mPOST /api/sync/[REDACTED-ID]/envelopes [33m401[0m 0.130 ms - 79[0m
[ error ] API request failed { code: [32m'authentication_required'[39m, statusCode: [33m401[39m }
[0mPOST /api/sync/[REDACTED-ID]/envelopes [33m401[0m 0.122 ms - 79[0m
[ error ] API request failed { code: [32m'authentication_required'[39m, statusCode: [33m401[39m }
[0mPOST /api/sync/[REDACTED-ID]/envelopes [33m401[0m 0.123 ms - 79[0m
[ error ] API request failed { code: [32m'authentication_required'[39m, statusCode: [33m401[39m }
[0mPOST /api/sync/[REDACTED-ID]/envelopes [33m401[0m 0.131 ms - 79[0m
[2K[1A[2K[1A[2K[1A[2K[1A[2K[1A[2K[1A[2K [32m🕘 [0m [37mCoverage[0m

     [33m0:00:02[0m [91m━━━━━━━━━━━━━━━━━━━━━━━━━━━━[0m[90m╺[0m[90m━━━━━━━━━━━━━━━━━━━━━━━━━━━[0m 50% (6/12)

   [32m⠧[0m [33m0:00:00[0m  POST /sync/{workspaceId}/envelopes

     ✅  6 passed[ error ] API request failed { code: [32m'authentication_required'[39m, statusCode: [33m401[39m }
[0mPOST /api/sync/[REDACTED-ID]/envelopes [33m401[0m 0.148 ms - 79[0m
[ error ] API request failed { code: [32m'authentication_required'[39m, statusCode: [33m401[39m }
[0mPOST /api/sync/[REDACTED-ID]/envelopes [33m401[0m 0.151 ms - 79[0m
[ error ] API request failed { code: [32m'authentication_required'[39m, statusCode: [33m401[39m }
[0mPOST /api/sync/[REDACTED-ID]/envelopes [33m401[0m 0.171 ms - 79[0m
[ error ] API request failed { code: [32m'authentication_required'[39m, statusCode: [33m401[39m }
[0mPOST /api/sync/[REDACTED-ID]/envelopes [33m401[0m 0.350 ms - 79[0m
[ error ] API request failed { code: [32m'authentication_required'[39m, statusCode: [33m401[39m }
[0mPOST /api/sync/[REDACTED-ID]/envelopes [33m401[0m 0.256 ms - 79[0m
[ error ] API request failed { code: [32m'authentication_required'[39m, statusCode: [33m401[39m }
[0mPOST /api/sync/[REDACTED-ID]/envelopes [33m401[0m 0.432 ms - 79[0m
[ error ] API request failed { code: [32m'authentication_required'[39m, statusCode: [33m401[39m }
[0mPOST /api/sync/[REDACTED-ID]/envelopes [33m401[0m 0.159 ms - 79[0m
[ error ] API request failed { code: [32m'authentication_required'[39m, statusCode: [33m401[39m }
[0mPOST /api/sync/[REDACTED-ID]/envelopes [33m401[0m 0.162 ms - 79[0m
[ error ] API request failed { code: [32m'authentication_required'[39m, statusCode: [33m401[39m }
[0mPOST /api/sync/[REDACTED-ID]/envelopes [33m401[0m 0.145 ms - 79[0m
[ error ] API request failed { code: [32m'authentication_required'[39m, statusCode: [33m401[39m }
[0mPOST /api/sync/[REDACTED-ID]/envelopes [33m401[0m 0.292 ms - 79[0m
[ error ] API request failed { code: [32m'authentication_required'[39m, statusCode: [33m401[39m }
[0mPOST /api/sync/[REDACTED-ID]/envelopes [33m401[0m 0.393 ms - 79[0m
[ error ] API request failed { code: [32m'authentication_required'[39m, statusCode: [33m401[39m }
[0mPOST /api/sync/[REDACTED-ID]/envelopes [33m401[0m 0.267 ms - 79[0m
[ error ] API request failed { code: [32m'authentication_required'[39m, statusCode: [33m401[39m }
[0mPOST /api/sync/[REDACTED-ID]/envelopes [33m401[0m 0.200 ms - 79[0m
[ error ] API request failed { code: [32m'authentication_required'[39m, statusCode: [33m401[39m }
[0mPOST /api/sync/[REDACTED-ID]/envelopes [33m401[0m 0.140 ms - 79[0m
[ error ] API request failed { code: [32m'invalid_request'[39m, statusCode: [33m400[39m }
[ error ] API request failed { code: [32m'invalid_request'[39m, statusCode: [33m400[39m }
[ error ] API request failed { code: [32m'invalid_request'[39m, statusCode: [33m400[39m }
[ error ] API request failed { code: [32m'invalid_request'[39m, statusCode: [33m400[39m }
[ error ] API request failed { code: [32m'authentication_required'[39m, statusCode: [33m401[39m }
[0mPOST /api/sync/[REDACTED-ID]/envelopes [33m401[0m 0.143 ms - 79[0m
[ error ] API request failed { code: [32m'authentication_required'[39m, statusCode: [33m401[39m }
[0mPOST /api/sync/[REDACTED-ID]/envelopes [33m401[0m 0.131 ms - 79[0m
[ error ] API request failed { code: [32m'authentication_required'[39m, statusCode: [33m401[39m }
[0mPOST /api/sync/[REDACTED-ID]/envelopes [33m401[0m 0.169 ms - 79[0m
[ error ] API request failed { code: [32m'authentication_required'[39m, statusCode: [33m401[39m }
[0mPOST /api/sync/[REDACTED-ID]/envelopes [33m401[0m 0.144 ms - 79[0m
[ error ] API request failed { code: [32m'authentication_required'[39m, statusCode: [33m401[39m }
[0mPOST /api/sync/[REDACTED-ID]/envelopes [33m401[0m 0.114 ms - 79[0m
[ error ] API request failed { code: [32m'authentication_required'[39m, statusCode: [33m401[39m }
[0mPOST /api/sync/[REDACTED-ID]/envelopes [33m401[0m 0.134 ms - 79[0m
[ error ] API request failed { code: [32m'authentication_required'[39m, statusCode: [33m401[39m }
[0mPOST /api/sync/[REDACTED-ID]/envelopes [33m401[0m 0.113 ms - 79[0m
[ error ] API request failed { code: [32m'authentication_required'[39m, statusCode: [33m401[39m }
[0mPOST /api/sync/[REDACTED-ID]/envelopes [33m401[0m 0.114 ms - 79[0m
[ error ] API request failed { code: [32m'authentication_required'[39m, statusCode: [33m401[39m }
[0mPOST /api/sync/[REDACTED-ID]/envelopes [33m401[0m 0.102 ms - 79[0m
[ error ] API request failed { code: [32m'authentication_required'[39m, statusCode: [33m401[39m }
[0mPOST /api/sync/[REDACTED-ID]/envelopes [33m401[0m 0.172 ms - 79[0m
[ error ] API request failed { code: [32m'authentication_required'[39m, statusCode: [33m401[39m }
[0mPOST /api/sync/[REDACTED-ID]/envelopes [33m401[0m 0.122 ms - 79[0m
[ error ] API request failed { code: [32m'authentication_required'[39m, statusCode: [33m401[39m }
[0mPOST /api/sync/[REDACTED-ID]/envelopes [33m401[0m 0.115 ms - 79[0m
[ error ] API request failed { code: [32m'authentication_required'[39m, statusCode: [33m401[39m }
[0mPOST /api/sync/[REDACTED-ID]/envelopes [33m401[0m 0.119 ms - 79[0m
[ error ] API request failed { code: [32m'authentication_required'[39m, statusCode: [33m401[39m }
[0mPOST /api/sync/[REDACTED-ID]/envelopes [33m401[0m 0.113 ms - 79[0m
[ error ] API request failed { code: [32m'authentication_required'[39m, statusCode: [33m401[39m }
[0mPOST /api/sync/[REDACTED-ID]/envelopes [33m401[0m 0.106 ms - 79[0m
[ error ] API request failed { code: [32m'authentication_required'[39m, statusCode: [33m401[39m }
[0mPOST /api/sync/[REDACTED-ID]/envelopes [33m401[0m 0.149 ms - 79[0m
[ error ] API request failed { code: [32m'authentication_required'[39m, statusCode: [33m401[39m }
[0mPOST /api/sync/[REDACTED-ID]/envelopes [33m401[0m 0.158 ms - 79[0m
[ error ] API request failed { code: [32m'authentication_required'[39m, statusCode: [33m401[39m }
[0mPOST /api/sync/[REDACTED-ID]/envelopes [33m401[0m 0.132 ms - 79[0m
[ error ] API request failed { code: [32m'authentication_required'[39m, statusCode: [33m401[39m }
[0mPOST /api/sync/[REDACTED-ID]/envelopes [33m401[0m 0.118 ms - 79[0m
[ error ] API request failed { code: [32m'authentication_required'[39m, statusCode: [33m401[39m }
[0mPOST /api/sync/[REDACTED-ID]/envelopes [33m401[0m 0.107 ms - 79[0m
[ error ] API request failed { code: [32m'authentication_required'[39m, statusCode: [33m401[39m }
[0mPOST /api/sync/[REDACTED-ID]/envelopes [33m401[0m 0.108 ms - 79[0m
[ error ] API request failed { code: [32m'authentication_required'[39m, statusCode: [33m401[39m }
[0mPOST /api/sync/[REDACTED-ID]/envelopes [33m401[0m 0.108 ms - 79[0m
[ error ] API request failed { code: [32m'authentication_required'[39m, statusCode: [33m401[39m }
[0mPOST /api/sync/[REDACTED-ID]/envelopes [33m401[0m 0.099 ms - 79[0m
[ error ] API request failed { code: [32m'authentication_required'[39m, statusCode: [33m401[39m }
[0mPOST /api/sync/[REDACTED-ID]/envelopes [33m401[0m 0.099 ms - 79[0m
[ error ] API request failed { code: [32m'authentication_required'[39m, statusCode: [33m401[39m }
[0mPOST /api/sync/[REDACTED-ID]/envelopes [33m401[0m 0.122 ms - 79[0m
[ error ] API request failed { code: [32m'authentication_required'[39m, statusCode: [33m401[39m }
[0mPOST /api/sync/[REDACTED-ID]/envelopes [33m401[0m 0.119 ms - 79[0m
[ error ] API request failed { code: [32m'authentication_required'[39m, statusCode: [33m401[39m }
[0mPOST /api/sync/[REDACTED-ID]/envelopes [33m401[0m 0.125 ms - 79[0m
[ error ] API request failed { code: [32m'authentication_required'[39m, statusCode: [33m401[39m }
[0mPOST /api/sync/[REDACTED-ID]/envelopes [33m401[0m 0.114 ms - 79[0m
[ error ] API request failed { code: [32m'authentication_required'[39m, statusCode: [33m401[39m }
[0mPOST /api/sync/[REDACTED-ID]/envelopes [33m401[0m 0.115 ms - 79[0m
[ error ] API request failed { code: [32m'authentication_required'[39m, statusCode: [33m401[39m }
[0mPOST /api/sync/[REDACTED-ID]/envelopes [33m401[0m 0.102 ms - 79[0m
[ error ] API request failed { code: [32m'authentication_required'[39m, statusCode: [33m401[39m }
[0mPOST /api/sync/[REDACTED-ID]/envelopes [33m401[0m 0.147 ms - 79[0m
[ error ] API request failed { code: [32m'authentication_required'[39m, statusCode: [33m401[39m }
[0mGET /api/sync/[REDACTED-MATERIAL]/devices [33m401[0m 0.203 ms - 79[0m
[ error ] API request failed { code: [32m'authentication_required'[39m, statusCode: [33m401[39m }
[0mGET /api/sync/[REDACTED-MATERIAL]/devices [33m401[0m 0.235 ms - 79[0m
[ error ] API request failed { code: [32m'authentication_required'[39m, statusCode: [33m401[39m }
[0mGET /api/sync/[REDACTED-MATERIAL]/devices [33m401[0m 0.225 ms - 79[0m
[ error ] API request failed { code: [32m'authentication_required'[39m, statusCode: [33m401[39m }
[0mGET /api/sync/00/devices [33m401[0m 0.173 ms - 79[0m
[2K[1A[2K[1A[2K[1A[2K[1A[2K[1A[2K[1A[2K [32m🕙 [0m [37mCoverage[0m

     [33m0:00:02[0m [91m━━━━━━━━━━━━━━━━━━━━━━━━━━━━━━━━[0m[91m╸[0m[90m━━━━━━━━━━━━━━━━━━━━━━━[0m 58% (7/12)

   [32m⠇[0m [33m0:00:00[0m  GET /sync/{workspaceId}/devices

     ✅  7 passed[ error ] API request failed { code: [32m'authentication_required'[39m, statusCode: [33m401[39m }
[0mGET /api/sync/0/devices [33m401[0m 0.190 ms - 79[0m
[ error ] API request failed { code: [32m'authentication_required'[39m, statusCode: [33m401[39m }
[0mGET /api/sync/[REDACTED-ID]/devices [33m401[0m 0.138 ms - 79[0m
[0mTRACE /api/sync/[REDACTED-ID]/devices/audit [33m405[0m 0.065 ms - 78[0m
[0mQUERY /api/sync/[REDACTED-ID]/devices/audit [33m405[0m 0.070 ms - 78[0m
[0mPUT /api/sync/[REDACTED-ID]/devices/audit [33m405[0m 0.066 ms - 78[0m
[0mPOST /api/sync/[REDACTED-ID]/devices/audit [33m405[0m 0.063 ms - 78[0m
[0mPATCH /api/sync/[REDACTED-ID]/devices/audit [33m405[0m 0.053 ms - 78[0m
[0mOPTIONS /api/sync/[REDACTED-ID]/devices/audit [33m405[0m 0.049 ms - 78[0m
[0mDELETE /api/sync/[REDACTED-ID]/devices/audit [33m405[0m 0.051 ms - 78[0m
[ error ] API request failed { code: [32m'authentication_required'[39m, statusCode: [33m401[39m }
[0mGET /api/sync/[REDACTED-MATERIAL]/devices/audit [33m401[0m 0.157 ms - 79[0m
[ error ] API request failed { code: [32m'authentication_required'[39m, statusCode: [33m401[39m }
[0mGET /api/sync/[REDACTED-MATERIAL]/devices/audit [33m401[0m 0.143 ms - 79[0m
[ error ] API request failed { code: [32m'authentication_required'[39m, statusCode: [33m401[39m }
[0mGET /api/sync/[REDACTED-MATERIAL]/devices/audit [33m401[0m 0.146 ms - 79[0m
[ error ] API request failed { code: [32m'authentication_required'[39m, statusCode: [33m401[39m }
[0mGET /api/sync/00/devices/audit [33m401[0m 0.188 ms - 79[0m
[ error ] API request failed { code: [32m'authentication_required'[39m, statusCode: [33m401[39m }
[0mGET /api/sync/0/devices/audit [33m401[0m 0.157 ms - 79[0m
[ error ] API request failed { code: [32m'authentication_required'[39m, statusCode: [33m401[39m }
[0mGET /api/sync/[REDACTED-ID]/devices/audit [33m401[0m 0.174 ms - 79[0m
[2K[1A[2K[1A[2K[1A[2K[1A[2K[1A[2K[1A[2K [32m🕚 [0m [37mCoverage[0m

     [33m0:00:02[0m [91m━━━━━━━━━━━━━━━━━━━━━━━━━━━━━━━━━━━━━━━━━━[0m[90m╺[0m[90m━━━━━━━━━━━━━[0m 75% (9/12)

   [32m⠏[0m [33m0:00:00[0m  GET /sync/{workspaceId}/envelopes

     ✅  9 passed[2K[1A[2K[1A[2K[1A[2K[1A[2K[1A[2K[1A[2K [32m🕛 [0m [37mCoverage[0m

     [33m0:00:02[0m [91m━━━━━━━━━━━━━━━━━━━━━━━━━━━━━━━━━━━━━━━━━━[0m[90m╺[0m[90m━━━━━━━━━━━━━[0m 75% (9/12)

   [32m⠋[0m [33m0:00:00[0m  GET /sync/{workspaceId}/envelopes

     ✅  9 passed[2K[1A[2K[1A[2K[1A[2K[1A[2K[1A[2K[1A[2K [32m🕐 [0m [37mCoverage[0m

     [33m0:00:02[0m [91m━━━━━━━━━━━━━━━━━━━━━━━━━━━━━━━━━━━━━━━━━━[0m[90m╺[0m[90m━━━━━━━━━━━━━[0m 75% (9/12)

   [32m⠹[0m [33m0:00:00[0m  GET /sync/{workspaceId}/envelopes

     ✅  9 passed[2K[1A[2K[1A[2K[1A[2K[1A[2K[1A[2K[1A[2K [32m🕑 [0m [37mCoverage[0m

     [33m0:00:02[0m [91m━━━━━━━━━━━━━━━━━━━━━━━━━━━━━━━━━━━━━━━━━━[0m[90m╺[0m[90m━━━━━━━━━━━━━[0m 75% (9/12)

   [32m⠸[0m [33m0:00:00[0m  GET /sync/{workspaceId}/envelopes

     ✅  9 passed[2K[1A[2K[1A[2K[1A[2K[1A[2K[1A[2K[1A[2K [32m🕒 [0m [37mCoverage[0m

     [33m0:00:02[0m [91m━━━━━━━━━━━━━━━━━━━━━━━━━━━━━━━━━━━━━━━━━━[0m[90m╺[0m[90m━━━━━━━━━━━━━[0m 75% (9/12)

   [32m⠼[0m [33m0:00:00[0m  GET /sync/{workspaceId}/envelopes

     ✅  9 passed[ error ] API request failed { code: [32m'authentication_required'[39m, statusCode: [33m401[39m }
[0mGET /api/sync/[REDACTED-ID]/envelopes?deviceId=0&enrollmentVersion=1&limit=100&[REDACTED-MATERIAL]=42 [33m401[0m 0.315 ms - 79[0m
[ error ] API request failed { code: [32m'authentication_required'[39m, statusCode: [33m401[39m }
[0mGET /api/sync/[REDACTED-ID]/envelopes?deviceId=0&enrollmentVersion=9007199254740992&limit=100 [33m401[0m 0.258 ms - 79[0m
[ error ] API request failed { code: [32m'authentication_required'[39m, statusCode: [33m401[39m }
[0mGET /api/sync/[REDACTED-ID]/envelopes?deviceId=0&enrollmentVersion=0&limit=100 [33m401[0m 0.269 ms - 79[0m
[ error ] API request failed { code: [32m'authentication_required'[39m, statusCode: [33m401[39m }
[0mGET /api/sync/[REDACTED-ID]/envelopes?deviceId=0&enrollmentVersion=null&enrollmentVersion=null&limit=100 [33m401[0m 0.363 ms - 79[0m
[ error ] API request failed { code: [32m'authentication_required'[39m, statusCode: [33m401[39m }
[0mGET /api/sync/[REDACTED-ID]/envelopes?deviceId=0&enrollmentVersion=AAA&limit=100 [33m401[0m 0.312 ms - 79[0m
[ error ] API request failed { code: [32m'authentication_required'[39m, statusCode: [33m401[39m }
[0mGET /api/sync/[REDACTED-ID]/envelopes?deviceId=0&enrollmentVersion=null&limit=100 [33m401[0m 0.306 ms - 79[0m
[ error ] API request failed { code: [32m'authentication_required'[39m, statusCode: [33m401[39m }
[0mGET /api/sync/[REDACTED-ID]/envelopes?deviceId=0&enrollmentVersion=false&limit=100 [33m401[0m 0.406 ms - 79[0m
[ error ] API request failed { code: [32m'authentication_required'[39m, statusCode: [33m401[39m }
[0mGET /api/sync/[REDACTED-ID]/envelopes?deviceId=0&enrollmentVersion=2.5890419884777833e-42&limit=100 [33m401[0m 0.318 ms - 79[0m
[ error ] API request failed { code: [32m'authentication_required'[39m, statusCode: [33m401[39m }
[0mGET /api/sync/[REDACTED-ID]/envelopes?deviceId=&enrollmentVersion=1&limit=100 [33m401[0m 0.345 ms - 79[0m
[ error ] API request failed { code: [32m'authentication_required'[39m, statusCode: [33m401[39m }
[0mGET /api/sync/[REDACTED-ID]/envelopes?deviceId=0&enrollmentVersion=1&limit=101 [33m401[0m 0.334 ms - 79[0m
[ error ] API request failed { code: [32m'authentication_required'[39m, statusCode: [33m401[39m }
[0mGET /api/sync/[REDACTED-ID]/envelopes?deviceId=0&enrollmentVersion=1&limit=0 [33m401[0m 0.320 ms - 79[0m
[ error ] API request failed { code: [32m'authentication_required'[39m, statusCode: [33m401[39m }
[0mGET /api/sync/[REDACTED-ID]/envelopes?deviceId=0&enrollmentVersion=1&limit=null&limit=null [33m401[0m 0.312 ms - 79[0m
[ error ] API request failed { code: [32m'authentication_required'[39m, statusCode: [33m401[39m }
[0mGET /api/sync/[REDACTED-ID]/envelopes?deviceId=0&enrollmentVersion=1&limit=AAA [33m401[0m 0.307 ms - 79[0m
[ error ] API request failed { code: [32m'authentication_required'[39m, statusCode: [33m401[39m }
[0mGET /api/sync/[REDACTED-ID]/envelopes?deviceId=0&enrollmentVersion=1&limit=null [33m401[0m 0.205 ms - 79[0m
[ error ] API request failed { code: [32m'authentication_required'[39m, statusCode: [33m401[39m }
[0mGET /api/sync/[REDACTED-ID]/envelopes?deviceId=0&enrollmentVersion=1&limit=false [33m401[0m 0.180 ms - 79[0m
[ error ] API request failed { code: [32m'authentication_required'[39m, statusCode: [33m401[39m }
[0mGET /api/sync/[REDACTED-ID]/envelopes?deviceId=0&enrollmentVersion=1&limit=2.5890419884777833e-42 [33m401[0m 0.164 ms - 79[0m
[ error ] API request failed { code: [32m'authentication_required'[39m, statusCode: [33m401[39m }
[0mGET /api/sync/[REDACTED-ID]/envelopes?limit=100&deviceId=[REDACTED]&enrollmentVersion=2 [33m401[0m 0.150 ms - 79[0m
[ error ] API request failed { code: [32m'authentication_required'[39m, statusCode: [33m401[39m }
[0mGET /api/sync/[REDACTED-ID]/envelopes?afterCursor=0&deviceId=0&enrollmentVersion=1&[REDACTED-MATERIAL]=42 [33m401[0m 0.148 ms - 79[0m
[ error ] API request failed { code: [32m'authentication_required'[39m, statusCode: [33m401[39m }
[0mGET /api/sync/[REDACTED-ID]/envelopes?afterCursor=0&deviceId=0&enrollmentVersion=9007199254740992 [33m401[0m 0.160 ms - 79[0m
[ error ] API request failed { code: [32m'authentication_required'[39m, statusCode: [33m401[39m }
[0mGET /api/sync/[REDACTED-ID]/envelopes?afterCursor=0&deviceId=0&enrollmentVersion=0 [33m401[0m 0.181 ms - 79[0m
[ error ] API request failed { code: [32m'authentication_required'[39m, statusCode: [33m401[39m }
[0mGET /api/sync/[REDACTED-ID]/envelopes?afterCursor=0&deviceId=0&enrollmentVersion=null&enrollmentVersion=null [33m401[0m 0.182 ms - 79[0m
[ error ] API request failed { code: [32m'authentication_required'[39m, statusCode: [33m401[39m }
[0mGET /api/sync/[REDACTED-ID]/envelopes?afterCursor=0&deviceId=0&enrollmentVersion=AAA [33m401[0m 0.192 ms - 79[0m
[ error ] API request failed { code: [32m'authentication_required'[39m, statusCode: [33m401[39m }
[0mGET /api/sync/[REDACTED-ID]/envelopes?afterCursor=0&deviceId=0&enrollmentVersion=null [33m401[0m 0.195 ms - 79[0m
[ error ] API request failed { code: [32m'authentication_required'[39m, statusCode: [33m401[39m }
[0mGET /api/sync/[REDACTED-ID]/envelopes?afterCursor=0&deviceId=0&enrollmentVersion=false [33m401[0m 0.204 ms - 79[0m
[ error ] API request failed { code: [32m'authentication_required'[39m, statusCode: [33m401[39m }
[0mGET /api/sync/[REDACTED-ID]/envelopes?afterCursor=0&deviceId=0&enrollmentVersion=2.5890419884777833e-42 [33m401[0m 0.131 ms - 79[0m
[ error ] API request failed { code: [32m'authentication_required'[39m, statusCode: [33m401[39m }
[0mGET /api/sync/[REDACTED-ID]/envelopes?afterCursor=0&deviceId=&enrollmentVersion=1 [33m401[0m 0.199 ms - 79[0m
[ error ] API request failed { code: [32m'authentication_required'[39m, statusCode: [33m401[39m }
[0mGET /api/sync/[REDACTED-ID]/envelopes?afterCursor=9007199254740992&deviceId=0&enrollmentVersion=1 [33m401[0m 0.151 ms - 79[0m
[ error ] API request failed { code: [32m'authentication_required'[39m, statusCode: [33m401[39m }
[0mGET /api/sync/[REDACTED-ID]/envelopes?afterCursor=-1&deviceId=0&enrollmentVersion=1 [33m401[0m 0.123 ms - 79[0m
[2K[1A[2K[1A[2K[1A[2K[1A[2K[1A[2K[1A[2K [32m🕓 [0m [37mCoverage[0m

     [33m0:00:02[0m [91m━━━━━━━━━━━━━━━━━━━━━━━━━━━━━━━━━━━━━━━━━━[0m[90m╺[0m[90m━━━━━━━━━━━━━[0m 75% (9/12)

   [32m⠦[0m [33m0:00:00[0m  GET /sync/{workspaceId}/envelopes

     ✅  9 passed[ error ] API request failed { code: [32m'authentication_required'[39m, statusCode: [33m401[39m }
[0mGET /api/sync/[REDACTED-ID]/envelopes?afterCursor=null&afterCursor=null&deviceId=0&enrollmentVersion=1 [33m401[0m 0.178 ms - 79[0m
[ error ] API request failed { code: [32m'authentication_required'[39m, statusCode: [33m401[39m }
[0mGET /api/sync/[REDACTED-ID]/envelopes?afterCursor=AAA&deviceId=0&enrollmentVersion=1 [33m401[0m 0.146 ms - 79[0m
[ error ] API request failed { code: [32m'authentication_required'[39m, statusCode: [33m401[39m }
[0mGET /api/sync/[REDACTED-ID]/envelopes?afterCursor=null&deviceId=0&enrollmentVersion=1 [33m401[0m 0.117 ms - 79[0m
[ error ] API request failed { code: [32m'authentication_required'[39m, statusCode: [33m401[39m }
[0mGET /api/sync/[REDACTED-ID]/envelopes?afterCursor=false&deviceId=0&enrollmentVersion=1 [33m401[0m 0.141 ms - 79[0m
[ error ] API request failed { code: [32m'authentication_required'[39m, statusCode: [33m401[39m }
[0mGET /api/sync/[REDACTED-ID]/envelopes?afterCursor=2.5890419884777833e-42&deviceId=0&enrollmentVersion=1 [33m401[0m 0.161 ms - 79[0m
[ error ] API request failed { code: [32m'authentication_required'[39m, statusCode: [33m401[39m }
[0mGET /api/sync/[REDACTED-ID]/envelopes?afterCursor=0&deviceId=[REDACTED]&enrollmentVersion=2 [33m401[0m 0.137 ms - 79[0m
[ error ] API request failed { code: [32m'authentication_required'[39m, statusCode: [33m401[39m }
[0mGET /api/sync/[REDACTED-ID]/envelopes?deviceId=0&enrollmentVersion=1&[REDACTED-MATERIAL]=42 [33m401[0m 0.163 ms - 79[0m
[ error ] API request failed { code: [32m'authentication_required'[39m, statusCode: [33m401[39m }
[0mGET /api/sync/[REDACTED-ID]/envelopes?deviceId=0&enrollmentVersion=9007199254740992 [33m401[0m 0.125 ms - 79[0m
[ error ] API request failed { code: [32m'authentication_required'[39m, statusCode: [33m401[39m }
[0mGET /api/sync/[REDACTED-ID]/envelopes?deviceId=0&enrollmentVersion=0 [33m401[0m 0.209 ms - 79[0m
[ error ] API request failed { code: [32m'authentication_required'[39m, statusCode: [33m401[39m }
[0mGET /api/sync/[REDACTED-ID]/envelopes?deviceId=0&enrollmentVersion=null&enrollmentVersion=null [33m401[0m 0.154 ms - 79[0m
[ error ] API request failed { code: [32m'authentication_required'[39m, statusCode: [33m401[39m }
[0mGET /api/sync/[REDACTED-ID]/envelopes?deviceId=0&enrollmentVersion=AAA [33m401[0m 0.148 ms - 79[0m
[ error ] API request failed { code: [32m'authentication_required'[39m, statusCode: [33m401[39m }
[0mGET /api/sync/[REDACTED-ID]/envelopes?deviceId=0&enrollmentVersion=null [33m401[0m 0.141 ms - 79[0m
[ error ] API request failed { code: [32m'authentication_required'[39m, statusCode: [33m401[39m }
[0mGET /api/sync/[REDACTED-ID]/envelopes?deviceId=0&enrollmentVersion=false [33m401[0m 0.141 ms - 79[0m
[ error ] API request failed { code: [32m'authentication_required'[39m, statusCode: [33m401[39m }
[0mGET /api/sync/[REDACTED-ID]/envelopes?deviceId=0&enrollmentVersion=2.5890419884777833e-42 [33m401[0m 0.138 ms - 79[0m
[ error ] API request failed { code: [32m'authentication_required'[39m, statusCode: [33m401[39m }
[0mGET /api/sync/[REDACTED-ID]/envelopes?deviceId=&enrollmentVersion=1 [33m401[0m 0.142 ms - 79[0m
[ error ] API request failed { code: [32m'authentication_required'[39m, statusCode: [33m401[39m }
[0mGET /api/sync/[REDACTED-ID]/envelopes?deviceId=[REDACTED]&enrollmentVersion=2 [33m401[0m 0.152 ms - 79[0m
[ error ] API request failed { code: [32m'authentication_required'[39m, statusCode: [33m401[39m }
[0mGET /api/sync/[REDACTED-ID]/envelopes?afterCursor=0&limit=100&deviceId=[REDACTED] [33m401[0m 0.136 ms - 79[0m
[ error ] API request failed { code: [32m'authentication_required'[39m, statusCode: [33m401[39m }
[0mGET /api/sync/[REDACTED-ID]/envelopes?afterCursor=0&limit=100&enrollmentVersion=2 [33m401[0m 0.141 ms - 79[0m
[ error ] API request failed { code: [32m'authentication_required'[39m, statusCode: [33m401[39m }
[0mGET /api/sync/[REDACTED-ID]/envelopes?afterCursor=0&limit=100&deviceId=[REDACTED]&enrollmentVersion=9007199254740992 [33m401[0m 0.144 ms - 79[0m
[ error ] API request failed { code: [32m'authentication_required'[39m, statusCode: [33m401[39m }
[0mGET /api/sync/[REDACTED-ID]/envelopes?afterCursor=0&limit=100&deviceId=[REDACTED]&enrollmentVersion=0 [33m401[0m 0.150 ms - 79[0m
[ error ] API request failed { code: [32m'authentication_required'[39m, statusCode: [33m401[39m }
[0mGET /api/sync/[REDACTED-ID]/envelopes?afterCursor=0&limit=100&deviceId=[REDACTED]&enrollmentVersion=null&enrollmentVersion=null [33m401[0m 0.145 ms - 79[0m
[ error ] API request failed { code: [32m'authentication_required'[39m, statusCode: [33m401[39m }
[0mGET /api/sync/[REDACTED-ID]/envelopes?afterCursor=0&limit=100&deviceId=[REDACTED]&enrollmentVersion=AAA [33m401[0m 0.145 ms - 79[0m
[ error ] API request failed { code: [32m'authentication_required'[39m, statusCode: [33m401[39m }
[0mGET /api/sync/[REDACTED-ID]/envelopes?afterCursor=0&limit=100&deviceId=[REDACTED]&enrollmentVersion=null [33m401[0m 0.194 ms - 79[0m
[ error ] API request failed { code: [32m'authentication_required'[39m, statusCode: [33m401[39m }
[0mGET /api/sync/[REDACTED-ID]/envelopes?afterCursor=0&limit=100&deviceId=[REDACTED]&enrollmentVersion=false [33m401[0m 0.184 ms - 79[0m
[ error ] API request failed { code: [32m'authentication_required'[39m, statusCode: [33m401[39m }
[0mGET /api/sync/[REDACTED-ID]/envelopes?afterCursor=0&limit=100&deviceId=[REDACTED]&enrollmentVersion=2.5890419884777833e-42 [33m401[0m 0.141 ms - 79[0m
[ error ] API request failed { code: [32m'authentication_required'[39m, statusCode: [33m401[39m }
[0mGET /api/sync/[REDACTED-ID]/envelopes?afterCursor=0&limit=100&deviceId=[REDACTED]&enrollmentVersion=9007199254740990 [33m401[0m 0.291 ms - 79[0m
[ error ] API request failed { code: [32m'authentication_required'[39m, statusCode: [33m401[39m }
[0mGET /api/sync/[REDACTED-ID]/envelopes?afterCursor=0&limit=100&deviceId=[REDACTED]&enrollmentVersion=9007199254740991 [33m401[0m 0.145 ms - 79[0m
[ error ] API request failed { code: [32m'authentication_required'[39m, statusCode: [33m401[39m }
[0mGET /api/sync/[REDACTED-ID]/envelopes?afterCursor=0&limit=100&deviceId=[REDACTED]&enrollmentVersion=1 [33m401[0m 0.296 ms - 79[0m
[ error ] API request failed { code: [32m'authentication_required'[39m, statusCode: [33m401[39m }
[0mGET /api/sync/[REDACTED-ID]/envelopes?afterCursor=0&limit=100&deviceId=&enrollmentVersion=2 [33m401[0m 0.302 ms - 79[0m
[ error ] API request failed { code: [32m'authentication_required'[39m, statusCode: [33m401[39m }
[0mGET /api/sync/[REDACTED-ID]/envelopes?afterCursor=0&limit=100&deviceId=00&enrollmentVersion=2 [33m401[0m 0.294 ms - 79[0m
[ error ] API request failed { code: [32m'authentication_required'[39m, statusCode: [33m401[39m }
[0mGET /api/sync/[REDACTED-ID]/envelopes?afterCursor=0&limit=100&deviceId=0&enrollmentVersion=2 [33m401[0m 0.183 ms - 79[0m
[ error ] API request failed { code: [32m'authentication_required'[39m, statusCode: [33m401[39m }
[0mGET /api/sync/[REDACTED-ID]/envelopes?afterCursor=0&limit=101&deviceId=[REDACTED]&enrollmentVersion=2 [33m401[0m 0.315 ms - 79[0m
[ error ] API request failed { code: [32m'authentication_required'[39m, statusCode: [33m401[39m }
[0mGET /api/sync/[REDACTED-ID]/envelopes?afterCursor=0&limit=0&deviceId=[REDACTED]&enrollmentVersion=2 [33m401[0m 0.324 ms - 79[0m
[ error ] API request failed { code: [32m'authentication_required'[39m, statusCode: [33m401[39m }
[0mGET /api/sync/[REDACTED-ID]/envelopes?afterCursor=0&limit=null&limit=null&deviceId=[REDACTED]&enrollmentVersion=2 [33m401[0m 0.210 ms - 79[0m
[ error ] API request failed { code: [32m'authentication_required'[39m, statusCode: [33m401[39m }
[0mGET /api/sync/[REDACTED-ID]/envelopes?afterCursor=0&limit=AAA&deviceId=[REDACTED]&enrollmentVersion=2 [33m401[0m 0.145 ms - 79[0m
[ error ] API request failed { code: [32m'authentication_required'[39m, statusCode: [33m401[39m }
[0mGET /api/sync/[REDACTED-ID]/envelopes?afterCursor=0&limit=null&deviceId=[REDACTED]&enrollmentVersion=2 [33m401[0m 0.125 ms - 79[0m
[ error ] API request failed { code: [32m'authentication_required'[39m, statusCode: [33m401[39m }
[0mGET /api/sync/[REDACTED-ID]/envelopes?afterCursor=0&limit=false&deviceId=[REDACTED]&enrollmentVersion=2 [33m401[0m 0.267 ms - 79[0m
[ error ] API request failed { code: [32m'authentication_required'[39m, statusCode: [33m401[39m }
[0mGET /api/sync/[REDACTED-ID]/envelopes?afterCursor=0&limit=2.5890419884777833e-42&deviceId=[REDACTED]&enrollmentVersion=2 [33m401[0m 0.146 ms - 79[0m
[ error ] API request failed { code: [32m'authentication_required'[39m, statusCode: [33m401[39m }
[0mGET /api/sync/[REDACTED-ID]/envelopes?afterCursor=0&limit=99&deviceId=[REDACTED]&enrollmentVersion=2 [33m401[0m 0.117 ms - 79[0m
[ error ] API request failed { code: [32m'authentication_required'[39m, statusCode: [33m401[39m }
[0mGET /api/sync/[REDACTED-ID]/envelopes?afterCursor=0&limit=2&deviceId=[REDACTED]&enrollmentVersion=2 [33m401[0m 0.117 ms - 79[0m
[ error ] API request failed { code: [32m'authentication_required'[39m, statusCode: [33m401[39m }
[0mGET /api/sync/[REDACTED-ID]/envelopes?afterCursor=0&limit=1&deviceId=[REDACTED]&enrollmentVersion=2 [33m401[0m 0.152 ms - 79[0m
[ error ] API request failed { code: [32m'authentication_required'[39m, statusCode: [33m401[39m }
[0mGET /api/sync/[REDACTED-ID]/envelopes?afterCursor=9007199254740992&limit=100&deviceId=[REDACTED]&enrollmentVersion=2 [33m401[0m 0.122 ms - 79[0m
[ error ] API request failed { code: [32m'authentication_required'[39m, statusCode: [33m401[39m }
[0mGET /api/sync/[REDACTED-ID]/envelopes?afterCursor=-1&limit=100&deviceId=[REDACTED]&enrollmentVersion=2 [33m401[0m 0.103 ms - 79[0m
[ error ] API request failed { code: [32m'authentication_required'[39m, statusCode: [33m401[39m }
[0mGET /api/sync/[REDACTED-ID]/envelopes?afterCursor=null&afterCursor=null&limit=100&deviceId=[REDACTED]&enrollmentVersion=2 [33m401[0m 0.100 ms - 79[0m
[ error ] API request failed { code: [32m'authentication_required'[39m, statusCode: [33m401[39m }
[0mGET /api/sync/[REDACTED-ID]/envelopes?afterCursor=AAA&limit=100&deviceId=[REDACTED]&enrollmentVersion=2 [33m401[0m 0.181 ms - 79[0m
[ error ] API request failed { code: [32m'authentication_required'[39m, statusCode: [33m401[39m }
[0mGET /api/sync/[REDACTED-ID]/envelopes?afterCursor=null&limit=100&deviceId=[REDACTED]&enrollmentVersion=2 [33m401[0m 0.125 ms - 79[0m
[ error ] API request failed { code: [32m'authentication_required'[39m, statusCode: [33m401[39m }
[0mGET /api/sync/[REDACTED-ID]/envelopes?afterCursor=false&limit=100&deviceId=[REDACTED]&enrollmentVersion=2 [33m401[0m 0.112 ms - 79[0m
[ error ] API request failed { code: [32m'authentication_required'[39m, statusCode: [33m401[39m }
[0mGET /api/sync/[REDACTED-ID]/envelopes?afterCursor=2.5890419884777833e-42&limit=100&deviceId=[REDACTED]&enrollmentVersion=2 [33m401[0m 0.110 ms - 79[0m
[ error ] API request failed { code: [32m'authentication_required'[39m, statusCode: [33m401[39m }
[0mGET /api/sync/[REDACTED-ID]/envelopes?afterCursor=9007199254740990&limit=100&deviceId=[REDACTED]&enrollmentVersion=2 [33m401[0m 0.153 ms - 79[0m
[ error ] API request failed { code: [32m'authentication_required'[39m, statusCode: [33m401[39m }
[0mGET /api/sync/[REDACTED-ID]/envelopes?afterCursor=9007199254740991&limit=100&deviceId=[REDACTED]&enrollmentVersion=2 [33m401[0m 0.132 ms - 79[0m
[ error ] API request failed { code: [32m'authentication_required'[39m, statusCode: [33m401[39m }
[0mGET /api/sync/[REDACTED-ID]/envelopes?afterCursor=1&limit=100&deviceId=[REDACTED]&enrollmentVersion=2 [33m401[0m 0.124 ms - 79[0m
[ error ] API request failed { code: [32m'authentication_required'[39m, statusCode: [33m401[39m }
[0mGET /api/sync/[REDACTED-MATERIAL]/envelopes?afterCursor=0&limit=100&deviceId=[REDACTED]&enrollmentVersion=2 [33m401[0m 0.124 ms - 79[0m
[ error ] API request failed { code: [32m'authentication_required'[39m, statusCode: [33m401[39m }
[0mGET /api/sync/[REDACTED-MATERIAL]/envelopes?afterCursor=0&limit=100&deviceId=[REDACTED]&enrollmentVersion=2 [33m401[0m 0.123 ms - 79[0m
[ error ] API request failed { code: [32m'authentication_required'[39m, statusCode: [33m401[39m }
[0mGET /api/sync/[REDACTED-MATERIAL]/envelopes?afterCursor=0&limit=100&deviceId=[REDACTED]&enrollmentVersion=2 [33m401[0m 0.161 ms - 79[0m
[ error ] API request failed { code: [32m'authentication_required'[39m, statusCode: [33m401[39m }
[0mGET /api/sync/00/envelopes?afterCursor=0&limit=100&deviceId=[REDACTED]&enrollmentVersion=2 [33m401[0m 0.147 ms - 79[0m
[ error ] API request failed { code: [32m'authentication_required'[39m, statusCode: [33m401[39m }
[0mGET /api/sync/0/envelopes?afterCursor=0&limit=100&deviceId=[REDACTED]&enrollmentVersion=2 [33m401[0m 0.151 ms - 79[0m
[ error ] API request failed { code: [32m'authentication_required'[39m, statusCode: [33m401[39m }
[0mGET /api/sync/[REDACTED-ID]/envelopes?afterCursor=0&limit=100&deviceId=[REDACTED]&enrollmentVersion=2 [33m401[0m 0.153 ms - 79[0m
[2K[1A[2K[1A[2K[1A[2K[1A[2K[1A[2K[1A[2K [32m🕔 [0m [37mCoverage[0m

     [33m0:00:03[0m [91m━━━━━━━━━━━━━━━━━━━━━━━━━━━━━━━━━━━━━━━━━━━━━[0m[91m╸[0m[90m━━━━━━━━━[0m 83% (10/12)

   [32m⠧[0m [33m0:00:00[0m  GET /sync/{workspaceId}/checkpoints/{checkpointId}

     ✅ 10 passed[2K[1A[2K[1A[2K[1A[2K[1A[2K[1A[2K[1A[2K [32m🕕 [0m [37mCoverage[0m

     [33m0:00:03[0m [91m━━━━━━━━━━━━━━━━━━━━━━━━━━━━━━━━━━━━━━━━━━━━━[0m[91m╸[0m[90m━━━━━━━━━[0m 83% (10/12)

   [32m⠇[0m [33m0:00:00[0m  GET /sync/{workspaceId}/checkpoints/{checkpointId}

     ✅ 10 passed[2K[1A[2K[1A[2K[1A[2K[1A[2K[1A[2K[1A[2K [32m🕖 [0m [37mCoverage[0m

     [33m0:00:03[0m [91m━━━━━━━━━━━━━━━━━━━━━━━━━━━━━━━━━━━━━━━━━━━━━[0m[91m╸[0m[90m━━━━━━━━━[0m 83% (10/12)

   [32m⠏[0m [33m0:00:00[0m  GET /sync/{workspaceId}/checkpoints/{checkpointId}

     ✅ 10 passed[2K[1A[2K[1A[2K[1A[2K[1A[2K[1A[2K[1A[2K [32m🕘 [0m [37mCoverage[0m

     [33m0:00:03[0m [91m━━━━━━━━━━━━━━━━━━━━━━━━━━━━━━━━━━━━━━━━━━━━━[0m[91m╸[0m[90m━━━━━━━━━[0m 83% (10/12)

   [32m⠙[0m [33m0:00:00[0m  GET /sync/{workspaceId}/checkpoints/{checkpointId}

     ✅ 10 passed[ error ] API request failed { code: [32m'authentication_required'[39m, statusCode: [33m401[39m }
[0mGET /api/sync/[REDACTED-ID]/checkpoints/0?deviceId=[REDACTED] [33m401[0m 0.240 ms - 79[0m
[ error ] API request failed { code: [32m'authentication_required'[39m, statusCode: [33m401[39m }
[0mGET /api/sync/[REDACTED-ID]/checkpoints/0?enrollmentVersion=2 [33m401[0m 0.179 ms - 79[0m
[0mTRACE /api/sync/[REDACTED-ID]/checkpoints/0?deviceId=[REDACTED]&enrollmentVersion=2 [33m405[0m 0.053 ms - 78[0m
[0mQUERY /api/sync/[REDACTED-ID]/checkpoints/0?deviceId=[REDACTED]&enrollmentVersion=2 [33m405[0m 0.067 ms - 78[0m
[0mPUT /api/sync/[REDACTED-ID]/checkpoints/0?deviceId=[REDACTED]&enrollmentVersion=2 [33m405[0m 0.080 ms - 78[0m
[0mPOST /api/sync/[REDACTED-ID]/checkpoints/0?deviceId=[REDACTED]&enrollmentVersion=2 [33m405[0m 0.095 ms - 78[0m
[0mPATCH /api/sync/[REDACTED-ID]/checkpoints/0?deviceId=[REDACTED]&enrollmentVersion=2 [33m405[0m 0.158 ms - 78[0m
[0mOPTIONS /api/sync/[REDACTED-ID]/checkpoints/0?deviceId=[REDACTED]&enrollmentVersion=2 [33m405[0m 0.070 ms - 78[0m
[0mDELETE /api/sync/[REDACTED-ID]/checkpoints/0?deviceId=[REDACTED]&enrollmentVersion=2 [33m405[0m 0.067 ms - 78[0m
[ error ] API request failed { code: [32m'authentication_required'[39m, statusCode: [33m401[39m }
[0mGET /api/sync/[REDACTED-ID]/checkpoints/0?deviceId=[REDACTED]&enrollmentVersion=9007199254740992 [33m401[0m 0.167 ms - 79[0m
[ error ] API request failed { code: [32m'authentication_required'[39m, statusCode: [33m401[39m }
[0mGET /api/sync/[REDACTED-ID]/checkpoints/0?deviceId=[REDACTED]&enrollmentVersion=0 [33m401[0m 0.163 ms - 79[0m
[ error ] API request failed { code: [32m'authentication_required'[39m, statusCode: [33m401[39m }
[0mGET /api/sync/[REDACTED-ID]/checkpoints/0?deviceId=[REDACTED]&enrollmentVersion=null&enrollmentVersion=null [33m401[0m 0.156 ms - 79[0m
[ error ] API request failed { code: [32m'authentication_required'[39m, statusCode: [33m401[39m }
[0mGET /api/sync/[REDACTED-ID]/checkpoints/0?deviceId=[REDACTED]&enrollmentVersion=AAA [33m401[0m 0.150 ms - 79[0m
[ error ] API request failed { code: [32m'authentication_required'[39m, statusCode: [33m401[39m }
[0mGET /api/sync/[REDACTED-ID]/checkpoints/0?deviceId=[REDACTED]&enrollmentVersion=null [33m401[0m 0.142 ms - 79[0m
[ error ] API request failed { code: [32m'authentication_required'[39m, statusCode: [33m401[39m }
[0mGET /api/sync/[REDACTED-ID]/checkpoints/0?deviceId=[REDACTED]&enrollmentVersion=false [33m401[0m 0.150 ms - 79[0m
[ error ] API request failed { code: [32m'authentication_required'[39m, statusCode: [33m401[39m }
[0mGET /api/sync/[REDACTED-ID]/checkpoints/0?deviceId=[REDACTED]&enrollmentVersion=2.5890419884777833e-42 [33m401[0m 0.197 ms - 79[0m
[ error ] API request failed { code: [32m'authentication_required'[39m, statusCode: [33m401[39m }
[0mGET /api/sync/[REDACTED-ID]/checkpoints/0?deviceId=[REDACTED]&enrollmentVersion=9007199254740990 [33m401[0m 0.142 ms - 79[0m
[ error ] API request failed { code: [32m'authentication_required'[39m, statusCode: [33m401[39m }
[0mGET /api/sync/[REDACTED-ID]/checkpoints/0?deviceId=[REDACTED]&enrollmentVersion=9007199254740991 [33m401[0m 0.139 ms - 79[0m
[ error ] API request failed { code: [32m'authentication_required'[39m, statusCode: [33m401[39m }
[0mGET /api/sync/[REDACTED-ID]/checkpoints/0?deviceId=[REDACTED]&enrollmentVersion=1 [33m401[0m 0.123 ms - 79[0m
[ error ] API request failed { code: [32m'authentication_required'[39m, statusCode: [33m401[39m }
[0mGET /api/sync/[REDACTED-ID]/checkpoints/0?deviceId=&enrollmentVersion=2 [33m401[0m 0.120 ms - 79[0m
[ error ] API request failed { code: [32m'authentication_required'[39m, statusCode: [33m401[39m }
[0mGET /api/sync/[REDACTED-ID]/checkpoints/0?deviceId=00&enrollmentVersion=2 [33m401[0m 0.116 ms - 79[0m
[ error ] API request failed { code: [32m'authentication_required'[39m, statusCode: [33m401[39m }
[0mGET /api/sync/[REDACTED-ID]/checkpoints/0?deviceId=0&enrollmentVersion=2 [33m401[0m 0.134 ms - 79[0m
[ error ] API request failed { code: [32m'authentication_required'[39m, statusCode: [33m401[39m }
[0mGET /api/sync/[REDACTED-ID]/checkpoints/00?deviceId=[REDACTED]&enrollmentVersion=2 [33m401[0m 0.135 ms - 79[0m
[ error ] API request failed { code: [32m'authentication_required'[39m, statusCode: [33m401[39m }
[0mGET /api/sync/[REDACTED-MATERIAL]/checkpoints/0?deviceId=[REDACTED]&enrollmentVersion=2 [33m401[0m 0.139 ms - 79[0m
[ error ] API request failed { code: [32m'authentication_required'[39m, statusCode: [33m401[39m }
[0mGET /api/sync/[REDACTED-MATERIAL]/checkpoints/0?deviceId=[REDACTED]&enrollmentVersion=2 [33m401[0m 0.141 ms - 79[0m
[ error ] API request failed { code: [32m'authentication_required'[39m, statusCode: [33m401[39m }
[0mGET /api/sync/[REDACTED-MATERIAL]/checkpoints/0?deviceId=[REDACTED]&enrollmentVersion=2 [33m401[0m 0.273 ms - 79[0m
[ error ] API request failed { code: [32m'authentication_required'[39m, statusCode: [33m401[39m }
[0mGET /api/sync/00/checkpoints/0?deviceId=[REDACTED]&enrollmentVersion=2 [33m401[0m 0.272 ms - 79[0m
[ error ] API request failed { code: [32m'authentication_required'[39m, statusCode: [33m401[39m }
[0mGET /api/sync/0/checkpoints/0?deviceId=[REDACTED]&enrollmentVersion=2 [33m401[0m 0.247 ms - 79[0m
[ error ] API request failed { code: [32m'authentication_required'[39m, statusCode: [33m401[39m }
[0mGET /api/sync/[REDACTED-ID]/checkpoints/0?deviceId=[REDACTED]&enrollmentVersion=2 [33m401[0m 0.147 ms - 79[0m
[ error ] API request failed { code: [32m'authentication_required'[39m, statusCode: [33m401[39m }
[0mGET /api/sync/[REDACTED-ID]/recovery?checkpointId=0&deviceId=0&enrollmentVersion=1&limit=100&[REDACTED-MATERIAL]=42 [33m401[0m 0.216 ms - 79[0m
[ error ] API request failed { code: [32m'authentication_required'[39m, statusCode: [33m401[39m }
[0mGET /api/sync/[REDACTED-ID]/recovery?checkpointId=&deviceId=0&enrollmentVersion=1&limit=100 [33m401[0m 0.208 ms - 79[0m
[ error ] API request failed { code: [32m'authentication_required'[39m, statusCode: [33m401[39m }
[0mGET /api/sync/[REDACTED-ID]/recovery?checkpointId=0&deviceId=0&enrollmentVersion=9007199254740992&limit=100 [33m401[0m 0.175 ms - 79[0m
[ error ] API request failed { code: [32m'authentication_required'[39m, statusCode: [33m401[39m }
[0mGET /api/sync/[REDACTED-ID]/recovery?checkpointId=0&deviceId=0&enrollmentVersion=0&limit=100 [33m401[0m 0.153 ms - 79[0m
[ error ] API request failed { code: [32m'authentication_required'[39m, statusCode: [33m401[39m }
[0mGET /api/sync/[REDACTED-ID]/recovery?checkpointId=0&deviceId=0&enrollmentVersion=null&enrollmentVersion=null&limit=100 [33m401[0m 0.171 ms - 79[0m
[ error ] API request failed { code: [32m'authentication_required'[39m, statusCode: [33m401[39m }
[0mGET /api/sync/[REDACTED-ID]/recovery?checkpointId=0&deviceId=0&enrollmentVersion=AAA&limit=100 [33m401[0m 0.136 ms - 79[0m
[ error ] API request failed { code: [32m'authentication_required'[39m, statusCode: [33m401[39m }
[0mGET /api/sync/[REDACTED-ID]/recovery?checkpointId=0&deviceId=0&enrollmentVersion=null&limit=100 [33m401[0m 0.136 ms - 79[0m
[ error ] API request failed { code: [32m'authentication_required'[39m, statusCode: [33m401[39m }
[0mGET /api/sync/[REDACTED-ID]/recovery?checkpointId=0&deviceId=0&enrollmentVersion=false&limit=100 [33m401[0m 0.128 ms - 79[0m
[ error ] API request failed { code: [32m'authentication_required'[39m, statusCode: [33m401[39m }
[0mGET /api/sync/[REDACTED-ID]/recovery?checkpointId=0&deviceId=0&enrollmentVersion=2.5890419884777833e-42&limit=100 [33m401[0m 0.124 ms - 79[0m
[ error ] API request failed { code: [32m'authentication_required'[39m, statusCode: [33m401[39m }
[0mGET /api/sync/[REDACTED-ID]/recovery?checkpointId=0&deviceId=&enrollmentVersion=1&limit=100 [33m401[0m 0.114 ms - 79[0m
[ error ] API request failed { code: [32m'authentication_required'[39m, statusCode: [33m401[39m }
[0mGET /api/sync/[REDACTED-ID]/recovery?checkpointId=0&deviceId=0&enrollmentVersion=1&limit=101 [33m401[0m 0.134 ms - 79[0m
[ error ] API request failed { code: [32m'authentication_required'[39m, statusCode: [33m401[39m }
[0mGET /api/sync/[REDACTED-ID]/recovery?checkpointId=0&deviceId=0&enrollmentVersion=1&limit=0 [33m401[0m 0.191 ms - 79[0m
[ error ] API request failed { code: [32m'authentication_required'[39m, statusCode: [33m401[39m }
[0mGET /api/sync/[REDACTED-ID]/recovery?checkpointId=0&deviceId=0&enrollmentVersion=1&limit=null&limit=null [33m401[0m 0.145 ms - 79[0m
[ error ] API request failed { code: [32m'authentication_required'[39m, statusCode: [33m401[39m }
[0mGET /api/sync/[REDACTED-ID]/recovery?checkpointId=0&deviceId=0&enrollmentVersion=1&limit=AAA [33m401[0m 0.212 ms - 79[0m
[ error ] API request failed { code: [32m'authentication_required'[39m, statusCode: [33m401[39m }
[0mGET /api/sync/[REDACTED-ID]/recovery?checkpointId=0&deviceId=0&enrollmentVersion=1&limit=null [33m401[0m 0.115 ms - 79[0m
[ error ] API request failed { code: [32m'authentication_required'[39m, statusCode: [33m401[39m }
[0mGET /api/sync/[REDACTED-ID]/recovery?checkpointId=0&deviceId=0&enrollmentVersion=1&limit=false [33m401[0m 0.121 ms - 79[0m
[ error ] API request failed { code: [32m'authentication_required'[39m, statusCode: [33m401[39m }
[0mGET /api/sync/[REDACTED-ID]/recovery?checkpointId=0&deviceId=0&enrollmentVersion=1&limit=2.5890419884777833e-42 [33m401[0m 0.106 ms - 79[0m
[2K[1A[2K[1A[2K[1A[2K[1A[2K[1A[2K[1A[2K [32m🕙 [0m [37mCoverage[0m

     [33m0:00:03[0m [91m━━━━━━━━━━━━━━━━━━━━━━━━━━━━━━━━━━━━━━━━━━━━━━━━━━[0m[90m╺[0m[90m━━━━[0m 92% (11/12)

   [32m⠹[0m [33m0:00:00[0m  GET /sync/{workspaceId}/recovery

     ✅ 11 passed[ error ] API request failed { code: [32m'authentication_required'[39m, statusCode: [33m401[39m }
[0mGET /api/sync/[REDACTED-ID]/recovery?limit=100&deviceId=[REDACTED]&enrollmentVersion=2&checkpointId=0 [33m401[0m 0.172 ms - 79[0m
[ error ] API request failed { code: [32m'authentication_required'[39m, statusCode: [33m401[39m }
[0mGET /api/sync/[REDACTED-ID]/recovery?afterCursor=0&checkpointId=0&deviceId=0&enrollmentVersion=1&[REDACTED-MATERIAL]=42 [33m401[0m 0.142 ms - 79[0m
[ error ] API request failed { code: [32m'authentication_required'[39m, statusCode: [33m401[39m }
[0mGET /api/sync/[REDACTED-ID]/recovery?afterCursor=0&checkpointId=&deviceId=0&enrollmentVersion=1 [33m401[0m 0.126 ms - 79[0m
[ error ] API request failed { code: [32m'authentication_required'[39m, statusCode: [33m401[39m }
[0mGET /api/sync/[REDACTED-ID]/recovery?afterCursor=0&checkpointId=0&deviceId=0&enrollmentVersion=9007199254740992 [33m401[0m 0.118 ms - 79[0m
[ error ] API request failed { code: [32m'authentication_required'[39m, statusCode: [33m401[39m }
[0mGET /api/sync/[REDACTED-ID]/recovery?afterCursor=0&checkpointId=0&deviceId=0&enrollmentVersion=0 [33m401[0m 0.212 ms - 79[0m
[ error ] API request failed { code: [32m'authentication_required'[39m, statusCode: [33m401[39m }
[0mGET /api/sync/[REDACTED-ID]/recovery?afterCursor=0&checkpointId=0&deviceId=0&enrollmentVersion=null&enrollmentVersion=null [33m401[0m 0.182 ms - 79[0m
[ error ] API request failed { code: [32m'authentication_required'[39m, statusCode: [33m401[39m }
[0mGET /api/sync/[REDACTED-ID]/recovery?afterCursor=0&checkpointId=0&deviceId=0&enrollmentVersion=AAA [33m401[0m 0.179 ms - 79[0m
[ error ] API request failed { code: [32m'authentication_required'[39m, statusCode: [33m401[39m }
[0mGET /api/sync/[REDACTED-ID]/recovery?afterCursor=0&checkpointId=0&deviceId=0&enrollmentVersion=null [33m401[0m 0.194 ms - 79[0m
[ error ] API request failed { code: [32m'authentication_required'[39m, statusCode: [33m401[39m }
[0mGET /api/sync/[REDACTED-ID]/recovery?afterCursor=0&checkpointId=0&deviceId=0&enrollmentVersion=false [33m401[0m 0.194 ms - 79[0m
[ error ] API request failed { code: [32m'authentication_required'[39m, statusCode: [33m401[39m }
[0mGET /api/sync/[REDACTED-ID]/recovery?afterCursor=0&checkpointId=0&deviceId=0&enrollmentVersion=2.5890419884777833e-42 [33m401[0m 0.210 ms - 79[0m
[ error ] API request failed { code: [32m'authentication_required'[39m, statusCode: [33m401[39m }
[0mGET /api/sync/[REDACTED-ID]/recovery?afterCursor=0&checkpointId=0&deviceId=&enrollmentVersion=1 [33m401[0m 0.185 ms - 79[0m
[ error ] API request failed { code: [32m'authentication_required'[39m, statusCode: [33m401[39m }
[0mGET /api/sync/[REDACTED-ID]/recovery?afterCursor=9007199254740992&checkpointId=0&deviceId=0&enrollmentVersion=1 [33m401[0m 0.172 ms - 79[0m
[ error ] API request failed { code: [32m'authentication_required'[39m, statusCode: [33m401[39m }
[0mGET /api/sync/[REDACTED-ID]/recovery?afterCursor=-1&checkpointId=0&deviceId=0&enrollmentVersion=1 [33m401[0m 0.258 ms - 79[0m
[ error ] API request failed { code: [32m'authentication_required'[39m, statusCode: [33m401[39m }
[0mGET /api/sync/[REDACTED-ID]/recovery?afterCursor=null&afterCursor=null&checkpointId=0&deviceId=0&enrollmentVersion=1 [33m401[0m 0.321 ms - 79[0m
[ error ] API request failed { code: [32m'authentication_required'[39m, statusCode: [33m401[39m }
[0mGET /api/sync/[REDACTED-ID]/recovery?afterCursor=AAA&checkpointId=0&deviceId=0&enrollmentVersion=1 [33m401[0m 0.263 ms - 79[0m
[ error ] API request failed { code: [32m'authentication_required'[39m, statusCode: [33m401[39m }
[0mGET /api/sync/[REDACTED-ID]/recovery?afterCursor=null&checkpointId=0&deviceId=0&enrollmentVersion=1 [33m401[0m 0.260 ms - 79[0m
[ error ] API request failed { code: [32m'authentication_required'[39m, statusCode: [33m401[39m }
[0mGET /api/sync/[REDACTED-ID]/recovery?afterCursor=false&checkpointId=0&deviceId=0&enrollmentVersion=1 [33m401[0m 0.253 ms - 79[0m
[ error ] API request failed { code: [32m'authentication_required'[39m, statusCode: [33m401[39m }
[0mGET /api/sync/[REDACTED-ID]/recovery?afterCursor=2.5890419884777833e-42&checkpointId=0&deviceId=0&enrollmentVersion=1 [33m401[0m 0.219 ms - 79[0m
[ error ] API request failed { code: [32m'authentication_required'[39m, statusCode: [33m401[39m }
[0mGET /api/sync/[REDACTED-ID]/recovery?afterCursor=0&deviceId=[REDACTED]&enrollmentVersion=2&checkpointId=0 [33m401[0m 0.153 ms - 79[0m
[ error ] API request failed { code: [32m'authentication_required'[39m, statusCode: [33m401[39m }
[0mGET /api/sync/[REDACTED-ID]/recovery?checkpointId=0&deviceId=0&enrollmentVersion=1&[REDACTED-MATERIAL]=42 [33m401[0m 0.125 ms - 79[0m
[ error ] API request failed { code: [32m'authentication_required'[39m, statusCode: [33m401[39m }
[0mGET /api/sync/[REDACTED-ID]/recovery?checkpointId=&deviceId=0&enrollmentVersion=1 [33m401[0m 0.117 ms - 79[0m
[ error ] API request failed { code: [32m'authentication_required'[39m, statusCode: [33m401[39m }
[0mGET /api/sync/[REDACTED-ID]/recovery?checkpointId=0&deviceId=0&enrollmentVersion=9007199254740992 [33m401[0m 0.112 ms - 79[0m
[ error ] API request failed { code: [32m'authentication_required'[39m, statusCode: [33m401[39m }
[0mGET /api/sync/[REDACTED-ID]/recovery?checkpointId=0&deviceId=0&enrollmentVersion=0 [33m401[0m 0.110 ms - 79[0m
[ error ] API request failed { code: [32m'authentication_required'[39m, statusCode: [33m401[39m }
[0mGET /api/sync/[REDACTED-ID]/recovery?checkpointId=0&deviceId=0&enrollmentVersion=null&enrollmentVersion=null [33m401[0m 0.114 ms - 79[0m
[ error ] API request failed { code: [32m'authentication_required'[39m, statusCode: [33m401[39m }
[0mGET /api/sync/[REDACTED-ID]/recovery?checkpointId=0&deviceId=0&enrollmentVersion=AAA [33m401[0m 0.101 ms - 79[0m
[ error ] API request failed { code: [32m'authentication_required'[39m, statusCode: [33m401[39m }
[0mGET /api/sync/[REDACTED-ID]/recovery?checkpointId=0&deviceId=0&enrollmentVersion=null [33m401[0m 0.106 ms - 79[0m
[ error ] API request failed { code: [32m'authentication_required'[39m, statusCode: [33m401[39m }
[0mGET /api/sync/[REDACTED-ID]/recovery?checkpointId=0&deviceId=0&enrollmentVersion=false [33m401[0m 0.127 ms - 79[0m
[ error ] API request failed { code: [32m'authentication_required'[39m, statusCode: [33m401[39m }
[0mGET /api/sync/[REDACTED-ID]/recovery?checkpointId=0&deviceId=0&enrollmentVersion=2.5890419884777833e-42 [33m401[0m 0.252 ms - 79[0m
[ error ] API request failed { code: [32m'authentication_required'[39m, statusCode: [33m401[39m }
[0mGET /api/sync/[REDACTED-ID]/recovery?checkpointId=0&deviceId=&enrollmentVersion=1 [33m401[0m 0.126 ms - 79[0m
[ error ] API request failed { code: [32m'authentication_required'[39m, statusCode: [33m401[39m }
[0mGET /api/sync/[REDACTED-ID]/recovery?deviceId=[REDACTED]&enrollmentVersion=2&checkpointId=0 [33m401[0m 0.116 ms - 79[0m
[ error ] API request failed { code: [32m'authentication_required'[39m, statusCode: [33m401[39m }
[0mGET /api/sync/[REDACTED-ID]/recovery?afterCursor=0&limit=100&deviceId=[REDACTED]&enrollmentVersion=2 [33m401[0m 0.109 ms - 79[0m
[ error ] API request failed { code: [32m'authentication_required'[39m, statusCode: [33m401[39m }
[0mGET /api/sync/[REDACTED-ID]/recovery?afterCursor=0&limit=100&deviceId=[REDACTED]&checkpointId=0 [33m401[0m 0.116 ms - 79[0m
[ error ] API request failed { code: [32m'authentication_required'[39m, statusCode: [33m401[39m }
[0mGET /api/sync/[REDACTED-ID]/recovery?afterCursor=0&limit=100&enrollmentVersion=2&checkpointId=0 [33m401[0m 0.100 ms - 79[0m
[0mTRACE /api/sync/[REDACTED-ID]/recovery?afterCursor=0&limit=100&deviceId=[REDACTED]&enrollmentVersion=2&checkpointId=0 [33m405[0m 0.251 ms - 78[0m
[0mQUERY /api/sync/[REDACTED-ID]/recovery?afterCursor=0&limit=100&deviceId=[REDACTED]&enrollmentVersion=2&checkpointId=0 [33m405[0m 0.120 ms - 78[0m
[0mPUT /api/sync/[REDACTED-ID]/recovery?afterCursor=0&limit=100&deviceId=[REDACTED]&enrollmentVersion=2&checkpointId=0 [33m405[0m 0.139 ms - 78[0m
[0mPOST /api/sync/[REDACTED-ID]/recovery?afterCursor=0&limit=100&deviceId=[REDACTED]&enrollmentVersion=2&checkpointId=0 [33m405[0m 0.196 ms - 78[0m
[0mPATCH /api/sync/[REDACTED-ID]/recovery?afterCursor=0&limit=100&deviceId=[REDACTED]&enrollmentVersion=2&checkpointId=0 [33m405[0m 0.166 ms - 78[0m
[0mOPTIONS /api/sync/[REDACTED-ID]/recovery?afterCursor=0&limit=100&deviceId=[REDACTED]&enrollmentVersion=2&checkpointId=0 [33m405[0m 0.073 ms - 78[0m
[0mDELETE /api/sync/[REDACTED-ID]/recovery?afterCursor=0&limit=100&deviceId=[REDACTED]&enrollmentVersion=2&checkpointId=0 [33m405[0m 0.059 ms - 78[0m
[ error ] API request failed { code: [32m'authentication_required'[39m, statusCode: [33m401[39m }
[0mGET /api/sync/[REDACTED-ID]/recovery?afterCursor=0&limit=100&deviceId=[REDACTED]&enrollmentVersion=2&checkpointId= [33m401[0m 0.165 ms - 79[0m
[ error ] API request failed { code: [32m'authentication_required'[39m, statusCode: [33m401[39m }
[0mGET /api/sync/[REDACTED-ID]/recovery?afterCursor=0&limit=100&deviceId=[REDACTED]&enrollmentVersion=2&checkpointId=00 [33m401[0m 0.138 ms - 79[0m
[ error ] API request failed { code: [32m'authentication_required'[39m, statusCode: [33m401[39m }
[0mGET /api/sync/[REDACTED-ID]/recovery?afterCursor=0&limit=100&deviceId=[REDACTED]&enrollmentVersion=9007199254740992&checkpointId=0 [33m401[0m 0.119 ms - 79[0m
[ error ] API request failed { code: [32m'authentication_required'[39m, statusCode: [33m401[39m }
[0mGET /api/sync/[REDACTED-ID]/recovery?afterCursor=0&limit=100&deviceId=[REDACTED]&enrollmentVersion=0&checkpointId=0 [33m401[0m 0.122 ms - 79[0m
[ error ] API request failed { code: [32m'authentication_required'[39m, statusCode: [33m401[39m }
[0mGET /api/sync/[REDACTED-ID]/recovery?afterCursor=0&limit=100&deviceId=[REDACTED]&enrollmentVersion=null&enrollmentVersion=null&checkpointId=0 [33m401[0m 0.108 ms - 79[0m
[ error ] API request failed { code: [32m'authentication_required'[39m, statusCode: [33m401[39m }
[0mGET /api/sync/[REDACTED-ID]/recovery?afterCursor=0&limit=100&deviceId=[REDACTED]&enrollmentVersion=AAA&checkpointId=0 [33m401[0m 0.101 ms - 79[0m
[ error ] API request failed { code: [32m'authentication_required'[39m, statusCode: [33m401[39m }
[0mGET /api/sync/[REDACTED-ID]/recovery?afterCursor=0&limit=100&deviceId=[REDACTED]&enrollmentVersion=null&checkpointId=0 [33m401[0m 0.286 ms - 79[0m
[ error ] API request failed { code: [32m'authentication_required'[39m, statusCode: [33m401[39m }
[0mGET /api/sync/[REDACTED-ID]/recovery?afterCursor=0&limit=100&deviceId=[REDACTED]&enrollmentVersion=false&checkpointId=0 [33m401[0m 0.196 ms - 79[0m
[ error ] API request failed { code: [32m'authentication_required'[39m, statusCode: [33m401[39m }
[0mGET /api/sync/[REDACTED-ID]/recovery?afterCursor=0&limit=100&deviceId=[REDACTED]&enrollmentVersion=2.5890419884777833e-42&checkpointId=0 [33m401[0m 0.289 ms - 79[0m
[ error ] API request failed { code: [32m'authentication_required'[39m, statusCode: [33m401[39m }
[0mGET /api/sync/[REDACTED-ID]/recovery?afterCursor=0&limit=100&deviceId=[REDACTED]&enrollmentVersion=9007199254740990&checkpointId=0 [33m401[0m 0.271 ms - 79[0m
[ error ] API request failed { code: [32m'authentication_required'[39m, statusCode: [33m401[39m }
[0mGET /api/sync/[REDACTED-ID]/recovery?afterCursor=0&limit=100&deviceId=[REDACTED]&enrollmentVersion=9007199254740991&checkpointId=0 [33m401[0m 0.191 ms - 79[0m
[ error ] API request failed { code: [32m'authentication_required'[39m, statusCode: [33m401[39m }
[0mGET /api/sync/[REDACTED-ID]/recovery?afterCursor=0&limit=100&deviceId=[REDACTED]&enrollmentVersion=1&checkpointId=0 [33m401[0m 0.128 ms - 79[0m
[ error ] API request failed { code: [32m'authentication_required'[39m, statusCode: [33m401[39m }
[0mGET /api/sync/[REDACTED-ID]/recovery?afterCursor=0&limit=100&deviceId=&enrollmentVersion=2&checkpointId=0 [33m401[0m 0.113 ms - 79[0m
[ error ] API request failed { code: [32m'authentication_required'[39m, statusCode: [33m401[39m }
[0mGET /api/sync/[REDACTED-ID]/recovery?afterCursor=0&limit=100&deviceId=00&enrollmentVersion=2&checkpointId=0 [33m401[0m 0.308 ms - 79[0m
[ error ] API request failed { code: [32m'authentication_required'[39m, statusCode: [33m401[39m }
[0mGET /api/sync/[REDACTED-ID]/recovery?afterCursor=0&limit=100&deviceId=0&enrollmentVersion=2&checkpointId=0 [33m401[0m 0.125 ms - 79[0m
[ error ] API request failed { code: [32m'authentication_required'[39m, statusCode: [33m401[39m }
[0mGET /api/sync/[REDACTED-ID]/recovery?afterCursor=0&limit=101&deviceId=[REDACTED]&enrollmentVersion=2&checkpointId=0 [33m401[0m 0.118 ms - 79[0m
[ error ] API request failed { code: [32m'authentication_required'[39m, statusCode: [33m401[39m }
[0mGET /api/sync/[REDACTED-ID]/recovery?afterCursor=0&limit=0&deviceId=[REDACTED]&enrollmentVersion=2&checkpointId=0 [33m401[0m 0.102 ms - 79[0m
[ error ] API request failed { code: [32m'authentication_required'[39m, statusCode: [33m401[39m }
[0mGET /api/sync/[REDACTED-ID]/recovery?afterCursor=0&limit=null&limit=null&deviceId=[REDACTED]&enrollmentVersion=2&checkpointId=0 [33m401[0m 0.101 ms - 79[0m
[ error ] API request failed { code: [32m'authentication_required'[39m, statusCode: [33m401[39m }
[0mGET /api/sync/[REDACTED-ID]/recovery?afterCursor=0&limit=AAA&deviceId=[REDACTED]&enrollmentVersion=2&checkpointId=0 [33m401[0m 0.272 ms - 79[0m
[ error ] API request failed { code: [32m'authentication_required'[39m, statusCode: [33m401[39m }
[0mGET /api/sync/[REDACTED-ID]/recovery?afterCursor=0&limit=null&deviceId=[REDACTED]&enrollmentVersion=2&checkpointId=0 [33m401[0m 0.178 ms - 79[0m
[2K[1A[2K[1A[2K[1A[2K[1A[2K[1A[2K[1A[2K [32m🕚 [0m [37mCoverage[0m

     [33m0:00:03[0m [91m━━━━━━━━━━━━━━━━━━━━━━━━━━━━━━━━━━━━━━━━━━━━━━━━━━[0m[90m╺[0m[90m━━━━[0m 92% (11/12)

   [32m⠸[0m [33m0:00:00[0m  GET /sync/{workspaceId}/recovery

     ✅ 11 passed[ error ] API request failed { code: [32m'authentication_required'[39m, statusCode: [33m401[39m }
[0mGET /api/sync/[REDACTED-ID]/recovery?afterCursor=0&limit=false&deviceId=[REDACTED]&enrollmentVersion=2&checkpointId=0 [33m401[0m 0.154 ms - 79[0m
[ error ] API request failed { code: [32m'authentication_required'[39m, statusCode: [33m401[39m }
[0mGET /api/sync/[REDACTED-ID]/recovery?afterCursor=0&limit=2.5890419884777833e-42&deviceId=[REDACTED]&enrollmentVersion=2&checkpointId=0 [33m401[0m 0.107 ms - 79[0m
[ error ] API request failed { code: [32m'authentication_required'[39m, statusCode: [33m401[39m }
[0mGET /api/sync/[REDACTED-ID]/recovery?afterCursor=0&limit=99&deviceId=[REDACTED]&enrollmentVersion=2&checkpointId=0 [33m401[0m 0.102 ms - 79[0m
[ error ] API request failed { code: [32m'authentication_required'[39m, statusCode: [33m401[39m }
[0mGET /api/sync/[REDACTED-ID]/recovery?afterCursor=0&limit=2&deviceId=[REDACTED]&enrollmentVersion=2&checkpointId=0 [33m401[0m 0.093 ms - 79[0m
[ error ] API request failed { code: [32m'authentication_required'[39m, statusCode: [33m401[39m }
[0mGET /api/sync/[REDACTED-ID]/recovery?afterCursor=0&limit=1&deviceId=[REDACTED]&enrollmentVersion=2&checkpointId=0 [33m401[0m 0.098 ms - 79[0m
[ error ] API request failed { code: [32m'authentication_required'[39m, statusCode: [33m401[39m }
[0mGET /api/sync/[REDACTED-ID]/recovery?afterCursor=9007199254740992&limit=100&deviceId=[REDACTED]&enrollmentVersion=2&checkpointId=0 [33m401[0m 0.095 ms - 79[0m
[ error ] API request failed { code: [32m'authentication_required'[39m, statusCode: [33m401[39m }
[0mGET /api/sync/[REDACTED-ID]/recovery?afterCursor=-1&limit=100&deviceId=[REDACTED]&enrollmentVersion=2&checkpointId=0 [33m401[0m 0.167 ms - 79[0m
[ error ] API request failed { code: [32m'authentication_required'[39m, statusCode: [33m401[39m }
[0mGET /api/sync/[REDACTED-ID]/recovery?afterCursor=null&afterCursor=null&limit=100&deviceId=[REDACTED]&enrollmentVersion=2&checkpointId=0 [33m401[0m 0.120 ms - 79[0m
[ error ] API request failed { code: [32m'authentication_required'[39m, statusCode: [33m401[39m }
[0mGET /api/sync/[REDACTED-ID]/recovery?afterCursor=AAA&limit=100&deviceId=[REDACTED]&enrollmentVersion=2&checkpointId=0 [33m401[0m 0.104 ms - 79[0m
[ error ] API request failed { code: [32m'authentication_required'[39m, statusCode: [33m401[39m }
[0mGET /api/sync/[REDACTED-ID]/recovery?afterCursor=null&limit=100&deviceId=[REDACTED]&enrollmentVersion=2&checkpointId=0 [33m401[0m 0.120 ms - 79[0m
[ error ] API request failed { code: [32m'authentication_required'[39m, statusCode: [33m401[39m }
[0mGET /api/sync/[REDACTED-ID]/recovery?afterCursor=false&limit=100&deviceId=[REDACTED]&enrollmentVersion=2&checkpointId=0 [33m401[0m 0.101 ms - 79[0m
[ error ] API request failed { code: [32m'authentication_required'[39m, statusCode: [33m401[39m }
[0mGET /api/sync/[REDACTED-ID]/recovery?afterCursor=2.5890419884777833e-42&limit=100&deviceId=[REDACTED]&enrollmentVersion=2&checkpointId=0 [33m401[0m 0.097 ms - 79[0m
[ error ] API request failed { code: [32m'authentication_required'[39m, statusCode: [33m401[39m }
[0mGET /api/sync/[REDACTED-ID]/recovery?afterCursor=9007199254740990&limit=100&deviceId=[REDACTED]&enrollmentVersion=2&checkpointId=0 [33m401[0m 0.096 ms - 79[0m
[ error ] API request failed { code: [32m'authentication_required'[39m, statusCode: [33m401[39m }
[0mGET /api/sync/[REDACTED-ID]/recovery?afterCursor=9007199254740991&limit=100&deviceId=[REDACTED]&enrollmentVersion=2&checkpointId=0 [33m401[0m 0.091 ms - 79[0m
[ error ] API request failed { code: [32m'authentication_required'[39m, statusCode: [33m401[39m }
[0mGET /api/sync/[REDACTED-ID]/recovery?afterCursor=1&limit=100&deviceId=[REDACTED]&enrollmentVersion=2&checkpointId=0 [33m401[0m 0.087 ms - 79[0m
[ error ] API request failed { code: [32m'authentication_required'[39m, statusCode: [33m401[39m }
[0mGET /api/sync/[REDACTED-MATERIAL]/recovery?afterCursor=0&limit=100&deviceId=[REDACTED]&enrollmentVersion=2&checkpointId=0 [33m401[0m 0.117 ms - 79[0m
[ error ] API request failed { code: [32m'authentication_required'[39m, statusCode: [33m401[39m }
[0mGET /api/sync/[REDACTED-MATERIAL]/recovery?afterCursor=0&limit=100&deviceId=[REDACTED]&enrollmentVersion=2&checkpointId=0 [33m401[0m 0.127 ms - 79[0m
[ error ] API request failed { code: [32m'authentication_required'[39m, statusCode: [33m401[39m }
[0mGET /api/sync/[REDACTED-MATERIAL]/recovery?afterCursor=0&limit=100&deviceId=[REDACTED]&enrollmentVersion=2&checkpointId=0 [33m401[0m 0.263 ms - 79[0m
[ error ] API request failed { code: [32m'authentication_required'[39m, statusCode: [33m401[39m }
[0mGET /api/sync/00/recovery?afterCursor=0&limit=100&deviceId=[REDACTED]&enrollmentVersion=2&checkpointId=0 [33m401[0m 0.159 ms - 79[0m
[ error ] API request failed { code: [32m'authentication_required'[39m, statusCode: [33m401[39m }
[0mGET /api/sync/0/recovery?afterCursor=0&limit=100&deviceId=[REDACTED]&enrollmentVersion=2&checkpointId=0 [33m401[0m 0.252 ms - 79[0m
[ error ] API request failed { code: [32m'authentication_required'[39m, statusCode: [33m401[39m }
[0mGET /api/sync/[REDACTED-ID]/recovery?afterCursor=0&limit=100&deviceId=[REDACTED]&enrollmentVersion=2&checkpointId=0 [33m401[0m 0.256 ms - 79[0m
[2K[1A[2K[1A[2K[1A[2K[1A[2K[1A[2K[1A[2K   [37m  Coverage[0m

     [33m0:00:03[0m [90m━━━━━━━━━━━━━━━━━━━━━━━━━━━━━━━━━━━━━━━━━━━━━━━━━━━━━━[0m 100% (12/12)


     ✅ 12 passed[2K[1A[2K[1A[2K[1A[2K[1A[2K[1A[2K   [37m  Coverage[0m

     [33m0:00:03[0m [90m━━━━━━━━━━━━━━━━━━━━━━━━━━━━━━━━━━━━━━━━━━━━━━━━━━━━━━[0m 100% (12/12)


     ✅ 12 passed
[?25h[1A[2K[1A[2K[1A[2K[1A[2K[1A[2K[1A[2K [37m✅  Coverage (in 3.74s)[0m

 [37m    ✅ 12 passed[0m

=================================== WARNINGS ===================================

Authentication failed: 12 operations returned authentication errors

401 Unauthorized (12 operations):
  - GET /sync/{workspaceId}/checkpoints/{checkpointId}
  - GET /sync/{workspaceId}/devices
  - GET /sync/{workspaceId}/devices/audit
  - GET /sync/{workspaceId}/envelopes
  - GET /sync/{workspaceId}/recovery
  - POST /sync/{workspaceId}/checkpoints
  - POST /sync/{workspaceId}/devices
  - POST /sync/{workspaceId}/devices/recover
  - POST /sync/{workspaceId}/devices/{deviceId}/approval
  - POST /sync/{workspaceId}/devices/{deviceId}/enroll
  - POST /sync/{workspaceId}/devices/{deviceId}/revoke
  - POST /sync/{workspaceId}/envelopes

💡 Ensure valid authentication credentials are set via --auth or -H

Schema validation mismatch: 10 operations mostly rejected generated data due to validation errors, indicating schema constraints don't match API validation

  - GET /sync/{workspaceId}/checkpoints/{checkpointId}
  - GET /sync/{workspaceId}/devices/audit
  - GET /sync/{workspaceId}/recovery
  - POST /sync/{workspaceId}/checkpoints
  - POST /sync/{workspaceId}/devices
  - POST /sync/{workspaceId}/devices/recover
  - POST /sync/{workspaceId}/devices/{deviceId}/approval
  - POST /sync/{workspaceId}/devices/{deviceId}/enroll
  - POST /sync/{workspaceId}/devices/{deviceId}/revoke
  - POST /sync/{workspaceId}/envelopes

💡 Check your schema constraints - API validation may be stricter than documented

=================================== SUMMARY ====================================

API Operations:
  Selected: 12/12
  Tested: 12

Test Phases:
  ✅ Examples
  ✅ Coverage
  ⏭  Fuzzing (disabled)
  ⏭  Stateful (disabled)

Warnings:
  ⚠️ Missing authentication: 12 operations returned only 401/403 responses
  ⚠️ Schema validation mismatch: 10 operations mostly rejected generated data

Test cases:
  1065 generated, 1065 passed

Reports:
  - JUNIT: /home/visomi/Projects/GitHub/visomi-dev/themis/dist/test-results/api-e2e/openapi/junit-20260827T012041Z.xml
  - HAR: /home/visomi/Projects/GitHub/visomi-dev/themis/dist/test-results/api-e2e/openapi/har-20260827T012041Z.json

Seed: not used in the deterministic mode

============================= 2 warnings in 4.02s ==============================
